solid OpenSCAD_Model
  facet normal 0 0 -1
    outer loop
      vertex 174.77 -114.501 0
      vertex 110.23 -114.501 0
      vertex 174.915 -114.284 0
    endloop
  endfacet
  facet normal 0 0 -1
    outer loop
      vertex 175.088 -43.9125 0
      vertex 110.481 -42.7604 0
      vertex 110.498 -42.5 0
    endloop
  endfacet
  facet normal 0 0 -1
    outer loop
      vertex 110.085 -114.284 0
      vertex 174.915 -114.284 0
      vertex 110.23 -114.501 0
    endloop
  endfacet
  facet normal 0 0 -1
    outer loop
      vertex 175.088 -43.9125 0
      vertex 110.43 -43.0167 0
      vertex 110.481 -42.7604 0
    endloop
  endfacet
  facet normal 0 0 -1
    outer loop
      vertex 174.915 -114.284 0
      vertex 110.085 -114.284 0
      vertex 175.088 -114.088 0
    endloop
  endfacet
  facet normal 0 0 -1
    outer loop
      vertex 175.088 -43.9125 0
      vertex 110.346 -43.2648 0
      vertex 110.43 -43.0167 0
    endloop
  endfacet
  facet normal 0 0 -1
    outer loop
      vertex 109.912 -114.088 0
      vertex 175.088 -114.088 0
      vertex 110.085 -114.284 0
    endloop
  endfacet
  facet normal 0 0 -1
    outer loop
      vertex 175.088 -43.9125 0
      vertex 110.23 -43.4987 0
      vertex 110.346 -43.2648 0
    endloop
  endfacet
  facet normal 0 0 -1
    outer loop
      vertex 175.088 -114.088 0
      vertex 109.912 -114.088 0
      vertex 175.088 -43.9125 0
    endloop
  endfacet
  facet normal 0 0 -1
    outer loop
      vertex 175.088 -43.9125 0
      vertex 110.085 -43.7161 0
      vertex 110.23 -43.4987 0
    endloop
  endfacet
  facet normal 0 0 -1
    outer loop
      vertex 109.912 -43.9125 0
      vertex 175.088 -43.9125 0
      vertex 109.912 -114.088 0
    endloop
  endfacet
  facet normal 0 0 -1
    outer loop
      vertex 175.088 -43.9125 0
      vertex 109.912 -43.9125 0
      vertex 110.085 -43.7161 0
    endloop
  endfacet
  facet normal 0 0 -1
    outer loop
      vertex 109.716 -113.915 0
      vertex 109.912 -43.9125 0
      vertex 109.912 -114.088 0
    endloop
  endfacet
  facet normal 0 0 -1
    outer loop
      vertex 109.716 -113.915 0
      vertex 109.716 -44.0848 0
      vertex 109.912 -43.9125 0
    endloop
  endfacet
  facet normal 0 0 -1
    outer loop
      vertex 109.499 -113.77 0
      vertex 109.716 -44.0848 0
      vertex 109.716 -113.915 0
    endloop
  endfacet
  facet normal 0 0 -1
    outer loop
      vertex 109.499 -113.77 0
      vertex 109.499 -44.23 0
      vertex 109.716 -44.0848 0
    endloop
  endfacet
  facet normal 0 0 -1
    outer loop
      vertex 109.265 -113.654 0
      vertex 109.499 -44.23 0
      vertex 109.499 -113.77 0
    endloop
  endfacet
  facet normal 0 0 -1
    outer loop
      vertex 109.265 -113.654 0
      vertex 109.265 -44.3456 0
      vertex 109.499 -44.23 0
    endloop
  endfacet
  facet normal 0 0 -1
    outer loop
      vertex 109.017 -113.57 0
      vertex 109.265 -44.3456 0
      vertex 109.265 -113.654 0
    endloop
  endfacet
  facet normal 0 0 -1
    outer loop
      vertex 109.017 -113.57 0
      vertex 109.017 -44.4296 0
      vertex 109.265 -44.3456 0
    endloop
  endfacet
  facet normal 0 0 -1
    outer loop
      vertex 108.76 -113.519 0
      vertex 109.017 -44.4296 0
      vertex 109.017 -113.57 0
    endloop
  endfacet
  facet normal 0 0 -1
    outer loop
      vertex 108.76 -113.519 0
      vertex 108.76 -44.481 0
      vertex 109.017 -44.4296 0
    endloop
  endfacet
  facet normal 0 0 -1
    outer loop
      vertex 108.5 -113.502 0
      vertex 108.76 -44.481 0
      vertex 108.76 -113.519 0
    endloop
  endfacet
  facet normal 0 0 -1
    outer loop
      vertex 108.5 -113.502 0
      vertex 108.5 -44.4979 0
      vertex 108.76 -44.481 0
    endloop
  endfacet
  facet normal 0 0 -1
    outer loop
      vertex 108.24 -113.519 0
      vertex 108.5 -44.4979 0
      vertex 108.5 -113.502 0
    endloop
  endfacet
  facet normal 0 0 -1
    outer loop
      vertex 108.24 -113.519 0
      vertex 108.24 -44.481 0
      vertex 108.5 -44.4979 0
    endloop
  endfacet
  facet normal 0 0 -1
    outer loop
      vertex 107.983 -113.57 0
      vertex 108.24 -44.481 0
      vertex 108.24 -113.519 0
    endloop
  endfacet
  facet normal 0 0 -1
    outer loop
      vertex 107.983 -113.57 0
      vertex 107.983 -44.4296 0
      vertex 108.24 -44.481 0
    endloop
  endfacet
  facet normal 0 0 -1
    outer loop
      vertex 107.735 -113.654 0
      vertex 107.983 -44.4296 0
      vertex 107.983 -113.57 0
    endloop
  endfacet
  facet normal 0 0 -1
    outer loop
      vertex 107.735 -113.654 0
      vertex 107.735 -44.3456 0
      vertex 107.983 -44.4296 0
    endloop
  endfacet
  facet normal 0 0 -1
    outer loop
      vertex 107.501 -113.77 0
      vertex 107.735 -44.3456 0
      vertex 107.735 -113.654 0
    endloop
  endfacet
  facet normal 0 0 -1
    outer loop
      vertex 107.501 -113.77 0
      vertex 107.501 -44.23 0
      vertex 107.735 -44.3456 0
    endloop
  endfacet
  facet normal 0 0 -1
    outer loop
      vertex 107.284 -113.915 0
      vertex 107.501 -44.23 0
      vertex 107.501 -113.77 0
    endloop
  endfacet
  facet normal 0 0 -1
    outer loop
      vertex 107.284 -113.915 0
      vertex 107.284 -44.0848 0
      vertex 107.501 -44.23 0
    endloop
  endfacet
  facet normal 0 0 -1
    outer loop
      vertex 107.088 -114.088 0
      vertex 107.284 -44.0848 0
      vertex 107.284 -113.915 0
    endloop
  endfacet
  facet normal 0 0 -1
    outer loop
      vertex 107.088 -114.088 0
      vertex 107.088 -43.9125 0
      vertex 107.284 -44.0848 0
    endloop
  endfacet
  facet normal 0 0 -1
    outer loop
      vertex 106.915 -114.284 0
      vertex 107.088 -43.9125 0
      vertex 107.088 -114.088 0
    endloop
  endfacet
  facet normal 0 0 -1
    outer loop
      vertex 106.915 -114.284 0
      vertex 106.915 -43.7161 0
      vertex 107.088 -43.9125 0
    endloop
  endfacet
  facet normal 0 0 -1
    outer loop
      vertex 92.5 -30.5 0
      vertex 106.915 -114.284 0
      vertex 106.77 -114.501 0
    endloop
  endfacet
  facet normal 0 0 -1
    outer loop
      vertex 106.915 -114.284 0
      vertex 92.5 -30.5 0
      vertex 106.915 -43.7161 0
    endloop
  endfacet
  facet normal 0 0 -1
    outer loop
      vertex 92.5 -130.5 0
      vertex 106.77 -114.501 0
      vertex 106.654 -114.735 0
    endloop
  endfacet
  facet normal 0 0 -1
    outer loop
      vertex 106.915 -43.7161 0
      vertex 92.5 -30.5 0
      vertex 106.77 -43.4987 0
    endloop
  endfacet
  facet normal 0 0 -1
    outer loop
      vertex 92.5 -130.5 0
      vertex 106.654 -114.735 0
      vertex 106.57 -114.983 0
    endloop
  endfacet
  facet normal 0 0 -1
    outer loop
      vertex 106.77 -43.4987 0
      vertex 92.5 -30.5 0
      vertex 106.654 -43.2648 0
    endloop
  endfacet
  facet normal 0 0 -1
    outer loop
      vertex 92.5 -130.5 0
      vertex 106.57 -114.983 0
      vertex 106.519 -115.24 0
    endloop
  endfacet
  facet normal 0 0 -1
    outer loop
      vertex 106.654 -43.2648 0
      vertex 92.5 -30.5 0
      vertex 106.57 -43.0167 0
    endloop
  endfacet
  facet normal 0 0 -1
    outer loop
      vertex 92.5 -130.5 0
      vertex 106.519 -115.24 0
      vertex 106.502 -115.5 0
    endloop
  endfacet
  facet normal 0 0 -1
    outer loop
      vertex 106.57 -43.0167 0
      vertex 92.5 -30.5 0
      vertex 106.519 -42.7604 0
    endloop
  endfacet
  facet normal 0 0 -1
    outer loop
      vertex 178.346 -114.735 0
      vertex 194.5 -130.5 0
      vertex 178.43 -114.983 0
    endloop
  endfacet
  facet normal 0 0 -1
    outer loop
      vertex 194.5 -30.5 0
      vertex 178.481 -42.7604 0
      vertex 178.498 -42.5 0
    endloop
  endfacet
  facet normal 0 0 -1
    outer loop
      vertex 178.23 -114.501 0
      vertex 194.5 -130.5 0
      vertex 178.346 -114.735 0
    endloop
  endfacet
  facet normal 0 0 -1
    outer loop
      vertex 194.5 -30.5 0
      vertex 178.43 -43.0167 0
      vertex 178.481 -42.7604 0
    endloop
  endfacet
  facet normal 0 0 -1
    outer loop
      vertex 178.085 -114.284 0
      vertex 194.5 -130.5 0
      vertex 178.23 -114.501 0
    endloop
  endfacet
  facet normal 0 0 -1
    outer loop
      vertex 194.5 -30.5 0
      vertex 178.346 -43.2648 0
      vertex 178.43 -43.0167 0
    endloop
  endfacet
  facet normal 0 0 -1
    outer loop
      vertex 194.5 -130.5 0
      vertex 178.085 -114.284 0
      vertex 194.5 -30.5 0
    endloop
  endfacet
  facet normal 0 0 -1
    outer loop
      vertex 194.5 -30.5 0
      vertex 178.23 -43.4987 0
      vertex 178.346 -43.2648 0
    endloop
  endfacet
  facet normal 0 0 -1
    outer loop
      vertex 178.085 -43.7161 0
      vertex 194.5 -30.5 0
      vertex 178.085 -114.284 0
    endloop
  endfacet
  facet normal 0 0 -1
    outer loop
      vertex 194.5 -30.5 0
      vertex 178.085 -43.7161 0
      vertex 178.23 -43.4987 0
    endloop
  endfacet
  facet normal 0 0 -1
    outer loop
      vertex 177.912 -114.088 0
      vertex 178.085 -43.7161 0
      vertex 178.085 -114.284 0
    endloop
  endfacet
  facet normal 0 0 -1
    outer loop
      vertex 177.912 -114.088 0
      vertex 177.912 -43.9125 0
      vertex 178.085 -43.7161 0
    endloop
  endfacet
  facet normal 0 0 -1
    outer loop
      vertex 177.716 -113.915 0
      vertex 177.912 -43.9125 0
      vertex 177.912 -114.088 0
    endloop
  endfacet
  facet normal 0 0 -1
    outer loop
      vertex 177.716 -113.915 0
      vertex 177.716 -44.0848 0
      vertex 177.912 -43.9125 0
    endloop
  endfacet
  facet normal 0 0 -1
    outer loop
      vertex 177.499 -113.77 0
      vertex 177.716 -44.0848 0
      vertex 177.716 -113.915 0
    endloop
  endfacet
  facet normal 0 0 -1
    outer loop
      vertex 177.499 -113.77 0
      vertex 177.499 -44.23 0
      vertex 177.716 -44.0848 0
    endloop
  endfacet
  facet normal 0 0 -1
    outer loop
      vertex 177.265 -113.654 0
      vertex 177.499 -44.23 0
      vertex 177.499 -113.77 0
    endloop
  endfacet
  facet normal 0 0 -1
    outer loop
      vertex 177.265 -113.654 0
      vertex 177.265 -44.3456 0
      vertex 177.499 -44.23 0
    endloop
  endfacet
  facet normal 0 0 -1
    outer loop
      vertex 177.017 -113.57 0
      vertex 177.265 -44.3456 0
      vertex 177.265 -113.654 0
    endloop
  endfacet
  facet normal 0 0 -1
    outer loop
      vertex 177.017 -113.57 0
      vertex 177.017 -44.4296 0
      vertex 177.265 -44.3456 0
    endloop
  endfacet
  facet normal 0 0 -1
    outer loop
      vertex 176.76 -113.519 0
      vertex 177.017 -44.4296 0
      vertex 177.017 -113.57 0
    endloop
  endfacet
  facet normal 0 0 -1
    outer loop
      vertex 176.76 -113.519 0
      vertex 176.76 -44.481 0
      vertex 177.017 -44.4296 0
    endloop
  endfacet
  facet normal 0 0 -1
    outer loop
      vertex 176.5 -113.502 0
      vertex 176.76 -44.481 0
      vertex 176.76 -113.519 0
    endloop
  endfacet
  facet normal 0 0 -1
    outer loop
      vertex 176.5 -113.502 0
      vertex 176.5 -44.4979 0
      vertex 176.76 -44.481 0
    endloop
  endfacet
  facet normal 0 0 -1
    outer loop
      vertex 176.24 -113.519 0
      vertex 176.5 -44.4979 0
      vertex 176.5 -113.502 0
    endloop
  endfacet
  facet normal 0 0 -1
    outer loop
      vertex 176.24 -113.519 0
      vertex 176.24 -44.481 0
      vertex 176.5 -44.4979 0
    endloop
  endfacet
  facet normal 0 0 -1
    outer loop
      vertex 175.983 -113.57 0
      vertex 176.24 -44.481 0
      vertex 176.24 -113.519 0
    endloop
  endfacet
  facet normal 0 0 -1
    outer loop
      vertex 175.983 -113.57 0
      vertex 175.983 -44.4296 0
      vertex 176.24 -44.481 0
    endloop
  endfacet
  facet normal 0 0 -1
    outer loop
      vertex 175.735 -113.654 0
      vertex 175.983 -44.4296 0
      vertex 175.983 -113.57 0
    endloop
  endfacet
  facet normal 0 0 -1
    outer loop
      vertex 175.735 -113.654 0
      vertex 175.735 -44.3456 0
      vertex 175.983 -44.4296 0
    endloop
  endfacet
  facet normal 0 0 -1
    outer loop
      vertex 175.501 -113.77 0
      vertex 175.735 -44.3456 0
      vertex 175.735 -113.654 0
    endloop
  endfacet
  facet normal 0 0 -1
    outer loop
      vertex 175.501 -113.77 0
      vertex 175.501 -44.23 0
      vertex 175.735 -44.3456 0
    endloop
  endfacet
  facet normal 0 0 -1
    outer loop
      vertex 175.284 -113.915 0
      vertex 175.501 -44.23 0
      vertex 175.501 -113.77 0
    endloop
  endfacet
  facet normal 0 0 -1
    outer loop
      vertex 175.284 -113.915 0
      vertex 175.284 -44.0848 0
      vertex 175.501 -44.23 0
    endloop
  endfacet
  facet normal 0 0 -1
    outer loop
      vertex 175.088 -114.088 0
      vertex 175.284 -44.0848 0
      vertex 175.284 -113.915 0
    endloop
  endfacet
  facet normal 0 0 -1
    outer loop
      vertex 175.088 -114.088 0
      vertex 175.088 -43.9125 0
      vertex 175.284 -44.0848 0
    endloop
  endfacet
  facet normal 0 0 -1
    outer loop
      vertex 110.346 -114.735 0
      vertex 174.654 -114.735 0
      vertex 110.43 -114.983 0
    endloop
  endfacet
  facet normal 0 0 -1
    outer loop
      vertex 174.654 -114.735 0
      vertex 110.346 -114.735 0
      vertex 174.77 -114.501 0
    endloop
  endfacet
  facet normal 0 0 -1
    outer loop
      vertex 174.57 -114.983 0
      vertex 110.43 -114.983 0
      vertex 174.654 -114.735 0
    endloop
  endfacet
  facet normal 0 0 -1
    outer loop
      vertex 110.23 -114.501 0
      vertex 174.77 -114.501 0
      vertex 110.346 -114.735 0
    endloop
  endfacet
  facet normal 0 0 -1
    outer loop
      vertex 110.43 -114.983 0
      vertex 174.57 -114.983 0
      vertex 110.481 -115.24 0
    endloop
  endfacet
  facet normal 0 0 -1
    outer loop
      vertex 175.088 -43.9125 0
      vertex 110.498 -42.5 0
      vertex 174.915 -43.7161 0
    endloop
  endfacet
  facet normal 0 0 -1
    outer loop
      vertex 174.519 -115.24 0
      vertex 110.481 -115.24 0
      vertex 174.57 -114.983 0
    endloop
  endfacet
  facet normal 0 0 -1
    outer loop
      vertex 174.915 -43.7161 0
      vertex 110.498 -42.5 0
      vertex 174.77 -43.4987 0
    endloop
  endfacet
  facet normal 0 0 -1
    outer loop
      vertex 110.481 -115.24 0
      vertex 174.519 -115.24 0
      vertex 110.498 -115.5 0
    endloop
  endfacet
  facet normal 0 0 -1
    outer loop
      vertex 174.77 -43.4987 0
      vertex 110.498 -42.5 0
      vertex 174.654 -43.2648 0
    endloop
  endfacet
  facet normal 0 0 -1
    outer loop
      vertex 110.498 -115.5 0
      vertex 174.519 -115.24 0
      vertex 174.502 -115.5 0
    endloop
  endfacet
  facet normal 0 0 -1
    outer loop
      vertex 174.654 -43.2648 0
      vertex 110.498 -42.5 0
      vertex 174.57 -43.0167 0
    endloop
  endfacet
  facet normal 0 0 -1
    outer loop
      vertex 193.5 -131.5 0
      vertex 194.5 -130.5 0
      vertex 194.424 -130.883 0
    endloop
  endfacet
  facet normal 0 0 -1
    outer loop
      vertex 178.481 -115.24 0
      vertex 194.5 -130.5 0
      vertex 178.498 -115.5 0
    endloop
  endfacet
  facet normal 0 0 -1
    outer loop
      vertex 193.5 -131.5 0
      vertex 194.424 -130.883 0
      vertex 194.207 -131.207 0
    endloop
  endfacet
  facet normal 0 0 -1
    outer loop
      vertex 178.43 -114.983 0
      vertex 194.5 -130.5 0
      vertex 178.481 -115.24 0
    endloop
  endfacet
  facet normal 0 0 -1
    outer loop
      vertex 193.5 -131.5 0
      vertex 194.207 -131.207 0
      vertex 193.883 -131.424 0
    endloop
  endfacet
  facet normal 0 0 -1
    outer loop
      vertex 178.481 -42.2396 0
      vertex 194.5 -30.5 0
      vertex 178.498 -42.5 0
    endloop
  endfacet
  facet normal 0 0 -1
    outer loop
      vertex 178.085 -116.716 0
      vertex 194.5 -130.5 0
      vertex 193.5 -131.5 0
    endloop
  endfacet
  facet normal 0 0 -1
    outer loop
      vertex 178.43 -41.9833 0
      vertex 194.5 -30.5 0
      vertex 178.481 -42.2396 0
    endloop
  endfacet
  facet normal 0 0 -1
    outer loop
      vertex 178.346 -41.7352 0
      vertex 194.5 -30.5 0
      vertex 178.43 -41.9833 0
    endloop
  endfacet
  facet normal 0 0 -1
    outer loop
      vertex 194.5 -130.5 0
      vertex 178.481 -115.76 0
      vertex 178.498 -115.5 0
    endloop
  endfacet
  facet normal 0 0 -1
    outer loop
      vertex 194.5 -130.5 0
      vertex 178.43 -116.017 0
      vertex 178.481 -115.76 0
    endloop
  endfacet
  facet normal 0 0 -1
    outer loop
      vertex 194.5 -130.5 0
      vertex 178.346 -116.265 0
      vertex 178.43 -116.017 0
    endloop
  endfacet
  facet normal 0 0 -1
    outer loop
      vertex 194.5 -130.5 0
      vertex 178.23 -116.499 0
      vertex 178.346 -116.265 0
    endloop
  endfacet
  facet normal 0 0 -1
    outer loop
      vertex 194.5 -130.5 0
      vertex 178.085 -116.716 0
      vertex 178.23 -116.499 0
    endloop
  endfacet
  facet normal 0 0 -1
    outer loop
      vertex 193.5 -131.5 0
      vertex 177.912 -116.912 0
      vertex 178.085 -116.716 0
    endloop
  endfacet
  facet normal 0 0 -1
    outer loop
      vertex 193.5 -131.5 0
      vertex 177.716 -117.085 0
      vertex 177.912 -116.912 0
    endloop
  endfacet
  facet normal 0 0 -1
    outer loop
      vertex 193.5 -131.5 0
      vertex 177.499 -117.23 0
      vertex 177.716 -117.085 0
    endloop
  endfacet
  facet normal 0 0 -1
    outer loop
      vertex 193.5 -131.5 0
      vertex 177.265 -117.346 0
      vertex 177.499 -117.23 0
    endloop
  endfacet
  facet normal 0 0 -1
    outer loop
      vertex 193.5 -131.5 0
      vertex 177.017 -117.43 0
      vertex 177.265 -117.346 0
    endloop
  endfacet
  facet normal 0 0 -1
    outer loop
      vertex 193.5 -131.5 0
      vertex 176.76 -117.481 0
      vertex 177.017 -117.43 0
    endloop
  endfacet
  facet normal 0 0 -1
    outer loop
      vertex 193.5 -131.5 0
      vertex 176.5 -117.498 0
      vertex 176.76 -117.481 0
    endloop
  endfacet
  facet normal 0 0 -1
    outer loop
      vertex 193.5 -131.5 0
      vertex 176.24 -117.481 0
      vertex 176.5 -117.498 0
    endloop
  endfacet
  facet normal 0 0 -1
    outer loop
      vertex 193.5 -131.5 0
      vertex 175.983 -117.43 0
      vertex 176.24 -117.481 0
    endloop
  endfacet
  facet normal 0 0 -1
    outer loop
      vertex 193.5 -131.5 0
      vertex 175.735 -117.346 0
      vertex 175.983 -117.43 0
    endloop
  endfacet
  facet normal 0 0 -1
    outer loop
      vertex 193.5 -131.5 0
      vertex 175.501 -117.23 0
      vertex 175.735 -117.346 0
    endloop
  endfacet
  facet normal 0 0 -1
    outer loop
      vertex 93.5 -131.5 0
      vertex 175.501 -117.23 0
      vertex 193.5 -131.5 0
    endloop
  endfacet
  facet normal 0 0 -1
    outer loop
      vertex 174.57 -43.0167 0
      vertex 110.498 -42.5 0
      vertex 174.519 -42.7604 0
    endloop
  endfacet
  facet normal 0 0 -1
    outer loop
      vertex 174.519 -115.76 0
      vertex 110.498 -115.5 0
      vertex 174.502 -115.5 0
    endloop
  endfacet
  facet normal 0 0 -1
    outer loop
      vertex 110.481 -115.76 0
      vertex 174.519 -115.76 0
      vertex 174.57 -116.017 0
    endloop
  endfacet
  facet normal 0 0 -1
    outer loop
      vertex 110.43 -116.017 0
      vertex 174.57 -116.017 0
      vertex 174.654 -116.265 0
    endloop
  endfacet
  facet normal 0 0 -1
    outer loop
      vertex 110.346 -116.265 0
      vertex 174.654 -116.265 0
      vertex 174.77 -116.499 0
    endloop
  endfacet
  facet normal 0 0 -1
    outer loop
      vertex 110.23 -116.499 0
      vertex 174.77 -116.499 0
      vertex 174.915 -116.716 0
    endloop
  endfacet
  facet normal 0 0 -1
    outer loop
      vertex 110.085 -116.716 0
      vertex 174.915 -116.716 0
      vertex 175.088 -116.912 0
    endloop
  endfacet
  facet normal 0 0 -1
    outer loop
      vertex 109.912 -116.912 0
      vertex 175.088 -116.912 0
      vertex 175.284 -117.085 0
    endloop
  endfacet
  facet normal 0 -0 -1
    outer loop
      vertex 109.499 -117.23 0
      vertex 175.501 -117.23 0
      vertex 93.5 -131.5 0
    endloop
  endfacet
  facet normal 0 0 -1
    outer loop
      vertex 174.519 -115.76 0
      vertex 110.481 -115.76 0
      vertex 110.498 -115.5 0
    endloop
  endfacet
  facet normal 0 0 -1
    outer loop
      vertex 174.57 -116.017 0
      vertex 110.43 -116.017 0
      vertex 110.481 -115.76 0
    endloop
  endfacet
  facet normal 0 0 -1
    outer loop
      vertex 174.654 -116.265 0
      vertex 110.346 -116.265 0
      vertex 110.43 -116.017 0
    endloop
  endfacet
  facet normal 0 0 -1
    outer loop
      vertex 174.77 -116.499 0
      vertex 110.23 -116.499 0
      vertex 110.346 -116.265 0
    endloop
  endfacet
  facet normal 0 0 -1
    outer loop
      vertex 174.915 -116.716 0
      vertex 110.085 -116.716 0
      vertex 110.23 -116.499 0
    endloop
  endfacet
  facet normal 0 0 -1
    outer loop
      vertex 175.088 -116.912 0
      vertex 109.912 -116.912 0
      vertex 110.085 -116.716 0
    endloop
  endfacet
  facet normal 0 0 -1
    outer loop
      vertex 175.284 -117.085 0
      vertex 109.716 -117.085 0
      vertex 109.912 -116.912 0
    endloop
  endfacet
  facet normal -0 0 -1
    outer loop
      vertex 175.284 -117.085 0
      vertex 109.499 -117.23 0
      vertex 109.716 -117.085 0
    endloop
  endfacet
  facet normal 0 0 -1
    outer loop
      vertex 175.501 -117.23 0
      vertex 109.499 -117.23 0
      vertex 175.284 -117.085 0
    endloop
  endfacet
  facet normal 0 0 -1
    outer loop
      vertex 109.499 -117.23 0
      vertex 93.5 -131.5 0
      vertex 109.265 -117.346 0
    endloop
  endfacet
  facet normal 0 0 -1
    outer loop
      vertex 109.265 -117.346 0
      vertex 93.5 -131.5 0
      vertex 109.017 -117.43 0
    endloop
  endfacet
  facet normal 0 0 -1
    outer loop
      vertex 109.017 -117.43 0
      vertex 93.5 -131.5 0
      vertex 108.76 -117.481 0
    endloop
  endfacet
  facet normal 0 0 -1
    outer loop
      vertex 108.76 -117.481 0
      vertex 93.5 -131.5 0
      vertex 108.5 -117.498 0
    endloop
  endfacet
  facet normal -0 0 -1
    outer loop
      vertex 106.519 -115.76 0
      vertex 92.5 -130.5 0
      vertex 106.502 -115.5 0
    endloop
  endfacet
  facet normal -0 0 -1
    outer loop
      vertex 106.57 -116.017 0
      vertex 92.5 -130.5 0
      vertex 106.519 -115.76 0
    endloop
  endfacet
  facet normal -0 0 -1
    outer loop
      vertex 106.654 -116.265 0
      vertex 92.5 -130.5 0
      vertex 106.57 -116.017 0
    endloop
  endfacet
  facet normal -0 0 -1
    outer loop
      vertex 106.77 -116.499 0
      vertex 92.5 -130.5 0
      vertex 106.654 -116.265 0
    endloop
  endfacet
  facet normal -0 0 -1
    outer loop
      vertex 106.915 -116.716 0
      vertex 92.5 -130.5 0
      vertex 106.77 -116.499 0
    endloop
  endfacet
  facet normal -0 0 -1
    outer loop
      vertex 107.088 -116.912 0
      vertex 92.5 -130.5 0
      vertex 106.915 -116.716 0
    endloop
  endfacet
  facet normal 0 0 -1
    outer loop
      vertex 92.5 -130.5 0
      vertex 107.088 -116.912 0
      vertex 93.5 -131.5 0
    endloop
  endfacet
  facet normal -0 0 -1
    outer loop
      vertex 107.284 -117.085 0
      vertex 93.5 -131.5 0
      vertex 107.088 -116.912 0
    endloop
  endfacet
  facet normal -0 0 -1
    outer loop
      vertex 107.501 -117.23 0
      vertex 93.5 -131.5 0
      vertex 107.284 -117.085 0
    endloop
  endfacet
  facet normal -0 0 -1
    outer loop
      vertex 107.735 -117.346 0
      vertex 93.5 -131.5 0
      vertex 107.501 -117.23 0
    endloop
  endfacet
  facet normal -0 0 -1
    outer loop
      vertex 107.983 -117.43 0
      vertex 93.5 -131.5 0
      vertex 107.735 -117.346 0
    endloop
  endfacet
  facet normal -0 0 -1
    outer loop
      vertex 108.24 -117.481 0
      vertex 93.5 -131.5 0
      vertex 107.983 -117.43 0
    endloop
  endfacet
  facet normal -0 0 -1
    outer loop
      vertex 108.5 -117.498 0
      vertex 93.5 -131.5 0
      vertex 108.24 -117.481 0
    endloop
  endfacet
  facet normal 0 0 -1
    outer loop
      vertex 194.207 -29.7929 0
      vertex 193.5 -29.5 0
      vertex 193.883 -29.5761 0
    endloop
  endfacet
  facet normal 0 0 -1
    outer loop
      vertex 194.424 -30.1173 0
      vertex 193.5 -29.5 0
      vertex 194.207 -29.7929 0
    endloop
  endfacet
  facet normal 0 0 -1
    outer loop
      vertex 194.5 -30.5 0
      vertex 193.5 -29.5 0
      vertex 194.424 -30.1173 0
    endloop
  endfacet
  facet normal 0 0 -1
    outer loop
      vertex 178.23 -41.5013 0
      vertex 194.5 -30.5 0
      vertex 178.346 -41.7352 0
    endloop
  endfacet
  facet normal -0 0 -1
    outer loop
      vertex 194.5 -30.5 0
      vertex 178.23 -41.5013 0
      vertex 193.5 -29.5 0
    endloop
  endfacet
  facet normal 0 0 -1
    outer loop
      vertex 178.085 -41.2839 0
      vertex 193.5 -29.5 0
      vertex 178.23 -41.5013 0
    endloop
  endfacet
  facet normal 0 0 -1
    outer loop
      vertex 177.912 -41.0875 0
      vertex 193.5 -29.5 0
      vertex 178.085 -41.2839 0
    endloop
  endfacet
  facet normal 0 0 -1
    outer loop
      vertex 177.716 -40.9152 0
      vertex 193.5 -29.5 0
      vertex 177.912 -41.0875 0
    endloop
  endfacet
  facet normal 0 0 -1
    outer loop
      vertex 177.499 -40.77 0
      vertex 193.5 -29.5 0
      vertex 177.716 -40.9152 0
    endloop
  endfacet
  facet normal 0 0 -1
    outer loop
      vertex 177.265 -40.6544 0
      vertex 193.5 -29.5 0
      vertex 177.499 -40.77 0
    endloop
  endfacet
  facet normal 0 0 -1
    outer loop
      vertex 177.017 -40.5704 0
      vertex 193.5 -29.5 0
      vertex 177.265 -40.6544 0
    endloop
  endfacet
  facet normal 0 0 -1
    outer loop
      vertex 176.76 -40.519 0
      vertex 193.5 -29.5 0
      vertex 177.017 -40.5704 0
    endloop
  endfacet
  facet normal 0 0 -1
    outer loop
      vertex 176.5 -40.5021 0
      vertex 193.5 -29.5 0
      vertex 176.76 -40.519 0
    endloop
  endfacet
  facet normal 0 0 -1
    outer loop
      vertex 176.24 -40.519 0
      vertex 193.5 -29.5 0
      vertex 176.5 -40.5021 0
    endloop
  endfacet
  facet normal 0 0 -1
    outer loop
      vertex 175.983 -40.5704 0
      vertex 193.5 -29.5 0
      vertex 176.24 -40.519 0
    endloop
  endfacet
  facet normal 0 0 -1
    outer loop
      vertex 175.735 -40.6544 0
      vertex 193.5 -29.5 0
      vertex 175.983 -40.5704 0
    endloop
  endfacet
  facet normal 0 0 -1
    outer loop
      vertex 93.5 -29.5 0
      vertex 175.735 -40.6544 0
      vertex 175.501 -40.77 0
    endloop
  endfacet
  facet normal 0 0 -1
    outer loop
      vertex 174.519 -42.7604 0
      vertex 110.498 -42.5 0
      vertex 174.502 -42.5 0
    endloop
  endfacet
  facet normal 0 0 -1
    outer loop
      vertex 174.502 -42.5 0
      vertex 110.498 -42.5 0
      vertex 174.519 -42.2396 0
    endloop
  endfacet
  facet normal 0 0 -1
    outer loop
      vertex 110.481 -42.2396 0
      vertex 174.519 -42.2396 0
      vertex 110.498 -42.5 0
    endloop
  endfacet
  facet normal 0 0 -1
    outer loop
      vertex 174.519 -42.2396 0
      vertex 110.481 -42.2396 0
      vertex 174.57 -41.9833 0
    endloop
  endfacet
  facet normal 0 0 -1
    outer loop
      vertex 110.43 -41.9833 0
      vertex 174.57 -41.9833 0
      vertex 110.481 -42.2396 0
    endloop
  endfacet
  facet normal 0 0 -1
    outer loop
      vertex 174.57 -41.9833 0
      vertex 110.43 -41.9833 0
      vertex 174.654 -41.7352 0
    endloop
  endfacet
  facet normal 0 0 -1
    outer loop
      vertex 110.346 -41.7352 0
      vertex 174.654 -41.7352 0
      vertex 110.43 -41.9833 0
    endloop
  endfacet
  facet normal 0 0 -1
    outer loop
      vertex 174.654 -41.7352 0
      vertex 110.346 -41.7352 0
      vertex 174.77 -41.5013 0
    endloop
  endfacet
  facet normal 0 0 -1
    outer loop
      vertex 110.23 -41.5013 0
      vertex 174.77 -41.5013 0
      vertex 110.346 -41.7352 0
    endloop
  endfacet
  facet normal 0 0 -1
    outer loop
      vertex 174.77 -41.5013 0
      vertex 110.23 -41.5013 0
      vertex 174.915 -41.2839 0
    endloop
  endfacet
  facet normal 0 0 -1
    outer loop
      vertex 110.085 -41.2839 0
      vertex 174.915 -41.2839 0
      vertex 110.23 -41.5013 0
    endloop
  endfacet
  facet normal 0 0 -1
    outer loop
      vertex 174.915 -41.2839 0
      vertex 110.085 -41.2839 0
      vertex 175.088 -41.0875 0
    endloop
  endfacet
  facet normal 0 0 -1
    outer loop
      vertex 109.912 -41.0875 0
      vertex 175.088 -41.0875 0
      vertex 110.085 -41.2839 0
    endloop
  endfacet
  facet normal 0 0 -1
    outer loop
      vertex 175.088 -41.0875 0
      vertex 109.912 -41.0875 0
      vertex 175.284 -40.9152 0
    endloop
  endfacet
  facet normal 0 0 -1
    outer loop
      vertex 109.716 -40.9152 0
      vertex 175.284 -40.9152 0
      vertex 109.912 -41.0875 0
    endloop
  endfacet
  facet normal 0 0 -1
    outer loop
      vertex 175.284 -40.9152 0
      vertex 109.716 -40.9152 0
      vertex 175.501 -40.77 0
    endloop
  endfacet
  facet normal 0 0 -1
    outer loop
      vertex 109.499 -40.77 0
      vertex 175.501 -40.77 0
      vertex 109.716 -40.9152 0
    endloop
  endfacet
  facet normal 0 0 -1
    outer loop
      vertex 93.5 -29.5 0
      vertex 175.501 -40.77 0
      vertex 109.499 -40.77 0
    endloop
  endfacet
  facet normal 0 0 -1
    outer loop
      vertex 93.5 -29.5 0
      vertex 109.499 -40.77 0
      vertex 109.265 -40.6544 0
    endloop
  endfacet
  facet normal 0 0 -1
    outer loop
      vertex 93.5 -29.5 0
      vertex 109.265 -40.6544 0
      vertex 109.017 -40.5704 0
    endloop
  endfacet
  facet normal 0 0 -1
    outer loop
      vertex 93.5 -29.5 0
      vertex 109.017 -40.5704 0
      vertex 108.76 -40.519 0
    endloop
  endfacet
  facet normal 0 0 -1
    outer loop
      vertex 93.5 -29.5 0
      vertex 108.76 -40.519 0
      vertex 108.5 -40.5021 0
    endloop
  endfacet
  facet normal 0 0 -1
    outer loop
      vertex 93.5 -29.5 0
      vertex 108.5 -40.5021 0
      vertex 108.24 -40.519 0
    endloop
  endfacet
  facet normal -0 0 -1
    outer loop
      vertex 106.77 -114.501 0
      vertex 92.5 -130.5 0
      vertex 92.5 -30.5 0
    endloop
  endfacet
  facet normal 0 0 -1
    outer loop
      vertex 175.735 -40.6544 0
      vertex 93.5 -29.5 0
      vertex 193.5 -29.5 0
    endloop
  endfacet
  facet normal 0 0 -1
    outer loop
      vertex 107.983 -40.5704 0
      vertex 93.5 -29.5 0
      vertex 108.24 -40.519 0
    endloop
  endfacet
  facet normal 0 0 -1
    outer loop
      vertex 107.735 -40.6544 0
      vertex 93.5 -29.5 0
      vertex 107.983 -40.5704 0
    endloop
  endfacet
  facet normal 0 0 -1
    outer loop
      vertex 107.501 -40.77 0
      vertex 93.5 -29.5 0
      vertex 107.735 -40.6544 0
    endloop
  endfacet
  facet normal 0 0 -1
    outer loop
      vertex 107.284 -40.9152 0
      vertex 93.5 -29.5 0
      vertex 107.501 -40.77 0
    endloop
  endfacet
  facet normal 0 0 -1
    outer loop
      vertex 107.088 -41.0875 0
      vertex 93.5 -29.5 0
      vertex 107.284 -40.9152 0
    endloop
  endfacet
  facet normal 0 0 -1
    outer loop
      vertex 106.915 -41.2839 0
      vertex 93.5 -29.5 0
      vertex 107.088 -41.0875 0
    endloop
  endfacet
  facet normal 0 0 -1
    outer loop
      vertex 106.77 -41.5013 0
      vertex 93.5 -29.5 0
      vertex 106.915 -41.2839 0
    endloop
  endfacet
  facet normal 0 0 -1
    outer loop
      vertex 92.5 -30.5 0
      vertex 106.77 -41.5013 0
      vertex 106.654 -41.7352 0
    endloop
  endfacet
  facet normal 0 0 -1
    outer loop
      vertex 92.5 -30.5 0
      vertex 106.654 -41.7352 0
      vertex 106.57 -41.9833 0
    endloop
  endfacet
  facet normal 0 0 -1
    outer loop
      vertex 92.5 -30.5 0
      vertex 106.57 -41.9833 0
      vertex 106.519 -42.2396 0
    endloop
  endfacet
  facet normal 0 0 -1
    outer loop
      vertex 106.519 -42.7604 0
      vertex 92.5 -30.5 0
      vertex 106.502 -42.5 0
    endloop
  endfacet
  facet normal 0 0 -1
    outer loop
      vertex 92.5 -130.5 0
      vertex 93.5 -131.5 0
      vertex 93.1173 -131.424 0
    endloop
  endfacet
  facet normal 0 0 -1
    outer loop
      vertex 106.502 -42.5 0
      vertex 92.5 -30.5 0
      vertex 106.519 -42.2396 0
    endloop
  endfacet
  facet normal 0 0 -1
    outer loop
      vertex 92.5 -130.5 0
      vertex 93.1173 -131.424 0
      vertex 92.7929 -131.207 0
    endloop
  endfacet
  facet normal 0 0 -1
    outer loop
      vertex 106.77 -41.5013 0
      vertex 92.5 -30.5 0
      vertex 93.5 -29.5 0
    endloop
  endfacet
  facet normal 0 0 -1
    outer loop
      vertex 92.5 -130.5 0
      vertex 92.7929 -131.207 0
      vertex 92.5761 -130.883 0
    endloop
  endfacet
  facet normal 0 0 -1
    outer loop
      vertex 93.5 -29.5 0
      vertex 92.5 -30.5 0
      vertex 93.1173 -29.5761 0
    endloop
  endfacet
  facet normal 0 0 -1
    outer loop
      vertex 93.1173 -29.5761 0
      vertex 92.5 -30.5 0
      vertex 92.7929 -29.7929 0
    endloop
  endfacet
  facet normal 0 0 -1
    outer loop
      vertex 92.7929 -29.7929 0
      vertex 92.5 -30.5 0
      vertex 92.5761 -30.1173 0
    endloop
  endfacet
  facet normal -0 0 1
    outer loop
      vertex 93.5 -29.5 1.45
      vertex 193.5 -30.5 1.45
      vertex 193.5 -29.5 1.45
    endloop
  endfacet
  facet normal 0 0 1
    outer loop
      vertex 93.5 -29.5 1.45
      vertex 93.5 -30.5 1.45
      vertex 193.5 -30.5 1.45
    endloop
  endfacet
  facet normal -0 0 1
    outer loop
      vertex 93.1173 -29.5761 1.45
      vertex 93.5 -30.5 1.45
      vertex 93.5 -29.5 1.45
    endloop
  endfacet
  facet normal 0 0 1
    outer loop
      vertex 93.5 -30.5 1.45
      vertex 92.5 -30.5 1.45
      vertex 93.5 -130.5 1.45
    endloop
  endfacet
  facet normal -0 0 1
    outer loop
      vertex 92.7929 -29.7929 1.45
      vertex 93.5 -30.5 1.45
      vertex 93.1173 -29.5761 1.45
    endloop
  endfacet
  facet normal 0 0 1
    outer loop
      vertex 92.5 -130.5 1.45
      vertex 93.5 -130.5 1.45
      vertex 92.5 -30.5 1.45
    endloop
  endfacet
  facet normal -0 0 1
    outer loop
      vertex 92.5761 -30.1173 1.45
      vertex 93.5 -30.5 1.45
      vertex 92.7929 -29.7929 1.45
    endloop
  endfacet
  facet normal 0 -0 1
    outer loop
      vertex 92.5761 -130.883 1.45
      vertex 93.5 -130.5 1.45
      vertex 92.5 -130.5 1.45
    endloop
  endfacet
  facet normal 0 0 1
    outer loop
      vertex 93.5 -30.5 1.45
      vertex 92.5761 -30.1173 1.45
      vertex 92.5 -30.5 1.45
    endloop
  endfacet
  facet normal 0 0 1
    outer loop
      vertex 93.5 -130.5 1.45
      vertex 93.1173 -131.424 1.45
      vertex 93.5 -131.5 1.45
    endloop
  endfacet
  facet normal 0 0 1
    outer loop
      vertex 93.5 -130.5 1.45
      vertex 92.7929 -131.207 1.45
      vertex 93.1173 -131.424 1.45
    endloop
  endfacet
  facet normal 0 0 1
    outer loop
      vertex 93.5 -130.5 1.45
      vertex 92.5761 -130.883 1.45
      vertex 92.7929 -131.207 1.45
    endloop
  endfacet
  facet normal 0 0 1
    outer loop
      vertex 193.5 -30.5 1.45
      vertex 194.5 -30.5 1.45
      vertex 194.424 -30.1173 1.45
    endloop
  endfacet
  facet normal 0 0 1
    outer loop
      vertex 194.5 -30.5 1.45
      vertex 193.5 -30.5 1.45
      vertex 194.5 -130.5 1.45
    endloop
  endfacet
  facet normal 0 0 1
    outer loop
      vertex 193.5 -30.5 1.45
      vertex 194.424 -30.1173 1.45
      vertex 194.207 -29.7929 1.45
    endloop
  endfacet
  facet normal 0 0 1
    outer loop
      vertex 193.5 -130.5 1.45
      vertex 194.5 -130.5 1.45
      vertex 193.5 -30.5 1.45
    endloop
  endfacet
  facet normal 0 0 1
    outer loop
      vertex 193.5 -30.5 1.45
      vertex 194.207 -29.7929 1.45
      vertex 193.883 -29.5761 1.45
    endloop
  endfacet
  facet normal 0 0 1
    outer loop
      vertex 194.5 -130.5 1.45
      vertex 193.5 -130.5 1.45
      vertex 194.424 -130.883 1.45
    endloop
  endfacet
  facet normal 0 0 1
    outer loop
      vertex 193.5 -30.5 1.45
      vertex 193.883 -29.5761 1.45
      vertex 193.5 -29.5 1.45
    endloop
  endfacet
  facet normal 0 0 1
    outer loop
      vertex 194.424 -130.883 1.45
      vertex 193.5 -130.5 1.45
      vertex 194.207 -131.207 1.45
    endloop
  endfacet
  facet normal 0 0 1
    outer loop
      vertex 194.207 -131.207 1.45
      vertex 193.5 -130.5 1.45
      vertex 193.883 -131.424 1.45
    endloop
  endfacet
  facet normal 0 0 1
    outer loop
      vertex 193.5 -130.5 1.45
      vertex 193.5 -131.5 1.45
      vertex 193.883 -131.424 1.45
    endloop
  endfacet
  facet normal -0 0 1
    outer loop
      vertex 93.5 -130.5 1.45
      vertex 193.5 -131.5 1.45
      vertex 193.5 -130.5 1.45
    endloop
  endfacet
  facet normal 0 0 1
    outer loop
      vertex 193.5 -131.5 1.45
      vertex 93.5 -130.5 1.45
      vertex 93.5 -131.5 1.45
    endloop
  endfacet
  facet normal 0 0 1
    outer loop
      vertex 110.498 -115.5 1.45
      vertex 111.5 -115.5 1.45
      vertex 111.475 -115.108 1.45
    endloop
  endfacet
  facet normal 0 0 1
    outer loop
      vertex 110.481 -115.24 1.45
      vertex 111.475 -115.108 1.45
      vertex 111.397 -114.724 1.45
    endloop
  endfacet
  facet normal 0 0 1
    outer loop
      vertex 111.5 -115.5 1.45
      vertex 110.498 -115.5 1.45
      vertex 111.475 -115.892 1.45
    endloop
  endfacet
  facet normal 0 0 1
    outer loop
      vertex 110.43 -114.983 1.45
      vertex 111.397 -114.724 1.45
      vertex 111.271 -114.352 1.45
    endloop
  endfacet
  facet normal -0 0 1
    outer loop
      vertex 110.481 -115.76 1.45
      vertex 111.475 -115.892 1.45
      vertex 110.498 -115.5 1.45
    endloop
  endfacet
  facet normal 0 0 1
    outer loop
      vertex 110.346 -114.735 1.45
      vertex 111.271 -114.352 1.45
      vertex 111.098 -114 1.45
    endloop
  endfacet
  facet normal 0 0 1
    outer loop
      vertex 111.475 -115.892 1.45
      vertex 110.481 -115.76 1.45
      vertex 111.397 -116.276 1.45
    endloop
  endfacet
  facet normal 0 0 1
    outer loop
      vertex 110.23 -114.501 1.45
      vertex 111.098 -114 1.45
      vertex 110.88 -113.674 1.45
    endloop
  endfacet
  facet normal -0 0 1
    outer loop
      vertex 110.43 -116.017 1.45
      vertex 111.397 -116.276 1.45
      vertex 110.481 -115.76 1.45
    endloop
  endfacet
  facet normal 0 0 1
    outer loop
      vertex 110.085 -114.284 1.45
      vertex 110.88 -113.674 1.45
      vertex 110.621 -113.379 1.45
    endloop
  endfacet
  facet normal 0 0 1
    outer loop
      vertex 111.397 -116.276 1.45
      vertex 110.43 -116.017 1.45
      vertex 111.271 -116.648 1.45
    endloop
  endfacet
  facet normal -0 0 1
    outer loop
      vertex 110.346 -116.265 1.45
      vertex 111.271 -116.648 1.45
      vertex 110.43 -116.017 1.45
    endloop
  endfacet
  facet normal 0 0 1
    outer loop
      vertex 111.475 -115.108 1.45
      vertex 110.481 -115.24 1.45
      vertex 110.498 -115.5 1.45
    endloop
  endfacet
  facet normal 0 0 1
    outer loop
      vertex 111.397 -114.724 1.45
      vertex 110.43 -114.983 1.45
      vertex 110.481 -115.24 1.45
    endloop
  endfacet
  facet normal 0 0 1
    outer loop
      vertex 111.271 -114.352 1.45
      vertex 110.346 -114.735 1.45
      vertex 110.43 -114.983 1.45
    endloop
  endfacet
  facet normal 0 0 1
    outer loop
      vertex 109.912 -114.088 1.45
      vertex 110.621 -113.379 1.45
      vertex 110.326 -113.12 1.45
    endloop
  endfacet
  facet normal 0 0 1
    outer loop
      vertex 111.098 -114 1.45
      vertex 110.23 -114.501 1.45
      vertex 110.346 -114.735 1.45
    endloop
  endfacet
  facet normal 0 0 1
    outer loop
      vertex 110.88 -113.674 1.45
      vertex 110.085 -114.284 1.45
      vertex 110.23 -114.501 1.45
    endloop
  endfacet
  facet normal 0 0 1
    outer loop
      vertex 109.716 -113.915 1.45
      vertex 110.326 -113.12 1.45
      vertex 110 -112.902 1.45
    endloop
  endfacet
  facet normal 0 0 1
    outer loop
      vertex 110.621 -113.379 1.45
      vertex 109.912 -114.088 1.45
      vertex 110.085 -114.284 1.45
    endloop
  endfacet
  facet normal 0 0 1
    outer loop
      vertex 110.326 -113.12 1.45
      vertex 109.716 -113.915 1.45
      vertex 109.912 -114.088 1.45
    endloop
  endfacet
  facet normal 0 0 1
    outer loop
      vertex 109.499 -113.77 1.45
      vertex 110 -112.902 1.45
      vertex 109.648 -112.729 1.45
    endloop
  endfacet
  facet normal 0 0 1
    outer loop
      vertex 110 -112.902 1.45
      vertex 109.499 -113.77 1.45
      vertex 109.716 -113.915 1.45
    endloop
  endfacet
  facet normal 0 0 1
    outer loop
      vertex 109.265 -113.654 1.45
      vertex 109.648 -112.729 1.45
      vertex 109.276 -112.603 1.45
    endloop
  endfacet
  facet normal 0 0 1
    outer loop
      vertex 109.648 -112.729 1.45
      vertex 109.265 -113.654 1.45
      vertex 109.499 -113.77 1.45
    endloop
  endfacet
  facet normal 0 0 1
    outer loop
      vertex 109.276 -112.603 1.45
      vertex 109.017 -113.57 1.45
      vertex 109.265 -113.654 1.45
    endloop
  endfacet
  facet normal 0 0 1
    outer loop
      vertex 108.892 -112.525 1.45
      vertex 109.017 -113.57 1.45
      vertex 109.276 -112.603 1.45
    endloop
  endfacet
  facet normal 0 0 1
    outer loop
      vertex 108.892 -112.525 1.45
      vertex 108.76 -113.519 1.45
      vertex 109.017 -113.57 1.45
    endloop
  endfacet
  facet normal 0 0 1
    outer loop
      vertex 108.5 -112.5 1.45
      vertex 108.76 -113.519 1.45
      vertex 108.892 -112.525 1.45
    endloop
  endfacet
  facet normal 0 0 1
    outer loop
      vertex 108.5 -112.5 1.45
      vertex 108.5 -113.502 1.45
      vertex 108.76 -113.519 1.45
    endloop
  endfacet
  facet normal 0 0 1
    outer loop
      vertex 108.5 -112.5 1.45
      vertex 108.24 -113.519 1.45
      vertex 108.5 -113.502 1.45
    endloop
  endfacet
  facet normal -0 0 1
    outer loop
      vertex 108.108 -112.525 1.45
      vertex 108.24 -113.519 1.45
      vertex 108.5 -112.5 1.45
    endloop
  endfacet
  facet normal 0 0 1
    outer loop
      vertex 108.108 -112.525 1.45
      vertex 107.983 -113.57 1.45
      vertex 108.24 -113.519 1.45
    endloop
  endfacet
  facet normal -0 0 1
    outer loop
      vertex 107.724 -112.603 1.45
      vertex 107.983 -113.57 1.45
      vertex 108.108 -112.525 1.45
    endloop
  endfacet
  facet normal 0 0 1
    outer loop
      vertex 107.983 -113.57 1.45
      vertex 107.724 -112.603 1.45
      vertex 107.735 -113.654 1.45
    endloop
  endfacet
  facet normal -0 0 1
    outer loop
      vertex 107.352 -112.729 1.45
      vertex 107.735 -113.654 1.45
      vertex 107.724 -112.603 1.45
    endloop
  endfacet
  facet normal 0 0 1
    outer loop
      vertex 107.735 -113.654 1.45
      vertex 107.352 -112.729 1.45
      vertex 107.501 -113.77 1.45
    endloop
  endfacet
  facet normal -0 0 1
    outer loop
      vertex 107 -112.902 1.45
      vertex 107.501 -113.77 1.45
      vertex 107.352 -112.729 1.45
    endloop
  endfacet
  facet normal 0 0 1
    outer loop
      vertex 107.501 -113.77 1.45
      vertex 107 -112.902 1.45
      vertex 107.284 -113.915 1.45
    endloop
  endfacet
  facet normal -0 0 1
    outer loop
      vertex 106.674 -113.12 1.45
      vertex 107.284 -113.915 1.45
      vertex 107 -112.902 1.45
    endloop
  endfacet
  facet normal 0 0 1
    outer loop
      vertex 107.284 -113.915 1.45
      vertex 106.674 -113.12 1.45
      vertex 107.088 -114.088 1.45
    endloop
  endfacet
  facet normal -0 0 1
    outer loop
      vertex 106.379 -113.379 1.45
      vertex 107.088 -114.088 1.45
      vertex 106.674 -113.12 1.45
    endloop
  endfacet
  facet normal 0 0 1
    outer loop
      vertex 107.088 -114.088 1.45
      vertex 106.379 -113.379 1.45
      vertex 106.915 -114.284 1.45
    endloop
  endfacet
  facet normal -0 0 1
    outer loop
      vertex 106.12 -113.674 1.45
      vertex 106.915 -114.284 1.45
      vertex 106.379 -113.379 1.45
    endloop
  endfacet
  facet normal 0 0 1
    outer loop
      vertex 106.915 -114.284 1.45
      vertex 106.12 -113.674 1.45
      vertex 106.77 -114.501 1.45
    endloop
  endfacet
  facet normal -0 0 1
    outer loop
      vertex 105.902 -114 1.45
      vertex 106.77 -114.501 1.45
      vertex 106.12 -113.674 1.45
    endloop
  endfacet
  facet normal -0 0 1
    outer loop
      vertex 105.729 -114.352 1.45
      vertex 106.654 -114.735 1.45
      vertex 105.902 -114 1.45
    endloop
  endfacet
  facet normal 0 0 1
    outer loop
      vertex 106.77 -114.501 1.45
      vertex 105.902 -114 1.45
      vertex 106.654 -114.735 1.45
    endloop
  endfacet
  facet normal 0 0 1
    outer loop
      vertex 111.271 -116.648 1.45
      vertex 110.346 -116.265 1.45
      vertex 111.098 -117 1.45
    endloop
  endfacet
  facet normal -0 0 1
    outer loop
      vertex 110.23 -116.499 1.45
      vertex 111.098 -117 1.45
      vertex 110.346 -116.265 1.45
    endloop
  endfacet
  facet normal 0 0 1
    outer loop
      vertex 111.098 -117 1.45
      vertex 110.23 -116.499 1.45
      vertex 110.88 -117.326 1.45
    endloop
  endfacet
  facet normal -0 0 1
    outer loop
      vertex 110.085 -116.716 1.45
      vertex 110.88 -117.326 1.45
      vertex 110.23 -116.499 1.45
    endloop
  endfacet
  facet normal 0 0 1
    outer loop
      vertex 110.88 -117.326 1.45
      vertex 110.085 -116.716 1.45
      vertex 110.621 -117.621 1.45
    endloop
  endfacet
  facet normal -0 0 1
    outer loop
      vertex 109.912 -116.912 1.45
      vertex 110.621 -117.621 1.45
      vertex 110.085 -116.716 1.45
    endloop
  endfacet
  facet normal 0 0 1
    outer loop
      vertex 110.621 -117.621 1.45
      vertex 109.912 -116.912 1.45
      vertex 110.326 -117.88 1.45
    endloop
  endfacet
  facet normal -0 0 1
    outer loop
      vertex 109.716 -117.085 1.45
      vertex 110.326 -117.88 1.45
      vertex 109.912 -116.912 1.45
    endloop
  endfacet
  facet normal 0 0 1
    outer loop
      vertex 110.326 -117.88 1.45
      vertex 109.716 -117.085 1.45
      vertex 110 -118.098 1.45
    endloop
  endfacet
  facet normal -0 0 1
    outer loop
      vertex 109.499 -117.23 1.45
      vertex 110 -118.098 1.45
      vertex 109.716 -117.085 1.45
    endloop
  endfacet
  facet normal 0 0 1
    outer loop
      vertex 110 -118.098 1.45
      vertex 109.499 -117.23 1.45
      vertex 109.648 -118.271 1.45
    endloop
  endfacet
  facet normal -0 0 1
    outer loop
      vertex 109.265 -117.346 1.45
      vertex 109.648 -118.271 1.45
      vertex 109.499 -117.23 1.45
    endloop
  endfacet
  facet normal 0 0 1
    outer loop
      vertex 109.648 -118.271 1.45
      vertex 109.265 -117.346 1.45
      vertex 109.276 -118.397 1.45
    endloop
  endfacet
  facet normal -0 0 1
    outer loop
      vertex 109.017 -117.43 1.45
      vertex 109.276 -118.397 1.45
      vertex 109.265 -117.346 1.45
    endloop
  endfacet
  facet normal 0 0 1
    outer loop
      vertex 109.017 -117.43 1.45
      vertex 108.892 -118.475 1.45
      vertex 109.276 -118.397 1.45
    endloop
  endfacet
  facet normal -0 0 1
    outer loop
      vertex 108.76 -117.481 1.45
      vertex 108.892 -118.475 1.45
      vertex 109.017 -117.43 1.45
    endloop
  endfacet
  facet normal -0 0 1
    outer loop
      vertex 108.5 -117.498 1.45
      vertex 108.892 -118.475 1.45
      vertex 108.76 -117.481 1.45
    endloop
  endfacet
  facet normal 0 0 1
    outer loop
      vertex 108.5 -117.498 1.45
      vertex 108.5 -118.5 1.45
      vertex 108.892 -118.475 1.45
    endloop
  endfacet
  facet normal 0 0 1
    outer loop
      vertex 108.24 -117.481 1.45
      vertex 108.5 -118.5 1.45
      vertex 108.5 -117.498 1.45
    endloop
  endfacet
  facet normal 0 0 1
    outer loop
      vertex 108.24 -117.481 1.45
      vertex 108.108 -118.475 1.45
      vertex 108.5 -118.5 1.45
    endloop
  endfacet
  facet normal 0 0 1
    outer loop
      vertex 107.983 -117.43 1.45
      vertex 108.108 -118.475 1.45
      vertex 108.24 -117.481 1.45
    endloop
  endfacet
  facet normal 0 0 1
    outer loop
      vertex 107.724 -118.397 1.45
      vertex 107.983 -117.43 1.45
      vertex 107.735 -117.346 1.45
    endloop
  endfacet
  facet normal 0 0 1
    outer loop
      vertex 107.983 -117.43 1.45
      vertex 107.724 -118.397 1.45
      vertex 108.108 -118.475 1.45
    endloop
  endfacet
  facet normal 0 0 1
    outer loop
      vertex 107.352 -118.271 1.45
      vertex 107.735 -117.346 1.45
      vertex 107.501 -117.23 1.45
    endloop
  endfacet
  facet normal 0 0 1
    outer loop
      vertex 107.735 -117.346 1.45
      vertex 107.352 -118.271 1.45
      vertex 107.724 -118.397 1.45
    endloop
  endfacet
  facet normal 0 0 1
    outer loop
      vertex 107 -118.098 1.45
      vertex 107.501 -117.23 1.45
      vertex 107.284 -117.085 1.45
    endloop
  endfacet
  facet normal 0 0 1
    outer loop
      vertex 106.674 -117.88 1.45
      vertex 107.284 -117.085 1.45
      vertex 107.088 -116.912 1.45
    endloop
  endfacet
  facet normal 0 0 1
    outer loop
      vertex 107.501 -117.23 1.45
      vertex 107 -118.098 1.45
      vertex 107.352 -118.271 1.45
    endloop
  endfacet
  facet normal 0 0 1
    outer loop
      vertex 106.379 -117.621 1.45
      vertex 107.088 -116.912 1.45
      vertex 106.915 -116.716 1.45
    endloop
  endfacet
  facet normal 0 0 1
    outer loop
      vertex 106.12 -117.326 1.45
      vertex 106.915 -116.716 1.45
      vertex 106.77 -116.499 1.45
    endloop
  endfacet
  facet normal 0 0 1
    outer loop
      vertex 107.284 -117.085 1.45
      vertex 106.674 -117.88 1.45
      vertex 107 -118.098 1.45
    endloop
  endfacet
  facet normal 0 0 1
    outer loop
      vertex 105.902 -117 1.45
      vertex 106.77 -116.499 1.45
      vertex 106.654 -116.265 1.45
    endloop
  endfacet
  facet normal 0 0 1
    outer loop
      vertex 105.729 -116.648 1.45
      vertex 106.654 -116.265 1.45
      vertex 106.57 -116.017 1.45
    endloop
  endfacet
  facet normal 0 0 1
    outer loop
      vertex 105.603 -116.276 1.45
      vertex 106.57 -116.017 1.45
      vertex 106.519 -115.76 1.45
    endloop
  endfacet
  facet normal 0 0 1
    outer loop
      vertex 107.088 -116.912 1.45
      vertex 106.379 -117.621 1.45
      vertex 106.674 -117.88 1.45
    endloop
  endfacet
  facet normal 0 0 1
    outer loop
      vertex 105.525 -115.892 1.45
      vertex 106.519 -115.76 1.45
      vertex 106.502 -115.5 1.45
    endloop
  endfacet
  facet normal 0 0 1
    outer loop
      vertex 106.654 -114.735 1.45
      vertex 105.729 -114.352 1.45
      vertex 106.57 -114.983 1.45
    endloop
  endfacet
  facet normal -0 0 1
    outer loop
      vertex 105.603 -114.724 1.45
      vertex 106.57 -114.983 1.45
      vertex 105.729 -114.352 1.45
    endloop
  endfacet
  facet normal 0 0 1
    outer loop
      vertex 106.915 -116.716 1.45
      vertex 106.12 -117.326 1.45
      vertex 106.379 -117.621 1.45
    endloop
  endfacet
  facet normal 0 0 1
    outer loop
      vertex 106.57 -114.983 1.45
      vertex 105.603 -114.724 1.45
      vertex 106.519 -115.24 1.45
    endloop
  endfacet
  facet normal 0 0 1
    outer loop
      vertex 106.77 -116.499 1.45
      vertex 105.902 -117 1.45
      vertex 106.12 -117.326 1.45
    endloop
  endfacet
  facet normal -0 0 1
    outer loop
      vertex 105.525 -115.108 1.45
      vertex 106.519 -115.24 1.45
      vertex 105.603 -114.724 1.45
    endloop
  endfacet
  facet normal 0 0 1
    outer loop
      vertex 106.654 -116.265 1.45
      vertex 105.729 -116.648 1.45
      vertex 105.902 -117 1.45
    endloop
  endfacet
  facet normal 0 0 1
    outer loop
      vertex 106.519 -115.24 1.45
      vertex 105.525 -115.108 1.45
      vertex 106.502 -115.5 1.45
    endloop
  endfacet
  facet normal 0 0 1
    outer loop
      vertex 106.57 -116.017 1.45
      vertex 105.603 -116.276 1.45
      vertex 105.729 -116.648 1.45
    endloop
  endfacet
  facet normal 0 0 1
    outer loop
      vertex 105.5 -115.5 1.45
      vertex 106.502 -115.5 1.45
      vertex 105.525 -115.108 1.45
    endloop
  endfacet
  facet normal 0 0 1
    outer loop
      vertex 106.519 -115.76 1.45
      vertex 105.525 -115.892 1.45
      vertex 105.603 -116.276 1.45
    endloop
  endfacet
  facet normal 0 0 1
    outer loop
      vertex 106.502 -115.5 1.45
      vertex 105.5 -115.5 1.45
      vertex 105.525 -115.892 1.45
    endloop
  endfacet
  facet normal 0 0 1
    outer loop
      vertex 110.498 -42.5 1.45
      vertex 111.5 -42.5 1.45
      vertex 111.475 -42.1084 1.45
    endloop
  endfacet
  facet normal 0 0 1
    outer loop
      vertex 110.481 -42.2396 1.45
      vertex 111.475 -42.1084 1.45
      vertex 111.397 -41.7236 1.45
    endloop
  endfacet
  facet normal 0 0 1
    outer loop
      vertex 111.5 -42.5 1.45
      vertex 110.498 -42.5 1.45
      vertex 111.475 -42.8916 1.45
    endloop
  endfacet
  facet normal 0 0 1
    outer loop
      vertex 110.43 -41.9833 1.45
      vertex 111.397 -41.7236 1.45
      vertex 111.271 -41.3516 1.45
    endloop
  endfacet
  facet normal -0 0 1
    outer loop
      vertex 110.481 -42.7604 1.45
      vertex 111.475 -42.8916 1.45
      vertex 110.498 -42.5 1.45
    endloop
  endfacet
  facet normal 0 0 1
    outer loop
      vertex 110.346 -41.7352 1.45
      vertex 111.271 -41.3516 1.45
      vertex 111.098 -41 1.45
    endloop
  endfacet
  facet normal 0 0 1
    outer loop
      vertex 111.475 -42.8916 1.45
      vertex 110.481 -42.7604 1.45
      vertex 111.397 -43.2764 1.45
    endloop
  endfacet
  facet normal 0 0 1
    outer loop
      vertex 110.23 -41.5013 1.45
      vertex 111.098 -41 1.45
      vertex 110.88 -40.6738 1.45
    endloop
  endfacet
  facet normal -0 0 1
    outer loop
      vertex 110.43 -43.0167 1.45
      vertex 111.397 -43.2764 1.45
      vertex 110.481 -42.7604 1.45
    endloop
  endfacet
  facet normal 0 0 1
    outer loop
      vertex 110.085 -41.2839 1.45
      vertex 110.88 -40.6738 1.45
      vertex 110.621 -40.3789 1.45
    endloop
  endfacet
  facet normal 0 0 1
    outer loop
      vertex 111.397 -43.2764 1.45
      vertex 110.43 -43.0167 1.45
      vertex 111.271 -43.6484 1.45
    endloop
  endfacet
  facet normal -0 0 1
    outer loop
      vertex 110.346 -43.2648 1.45
      vertex 111.271 -43.6484 1.45
      vertex 110.43 -43.0167 1.45
    endloop
  endfacet
  facet normal 0 0 1
    outer loop
      vertex 111.475 -42.1084 1.45
      vertex 110.481 -42.2396 1.45
      vertex 110.498 -42.5 1.45
    endloop
  endfacet
  facet normal 0 0 1
    outer loop
      vertex 111.397 -41.7236 1.45
      vertex 110.43 -41.9833 1.45
      vertex 110.481 -42.2396 1.45
    endloop
  endfacet
  facet normal 0 0 1
    outer loop
      vertex 111.271 -41.3516 1.45
      vertex 110.346 -41.7352 1.45
      vertex 110.43 -41.9833 1.45
    endloop
  endfacet
  facet normal 0 0 1
    outer loop
      vertex 109.912 -41.0875 1.45
      vertex 110.621 -40.3789 1.45
      vertex 110.326 -40.1201 1.45
    endloop
  endfacet
  facet normal 0 0 1
    outer loop
      vertex 111.098 -41 1.45
      vertex 110.23 -41.5013 1.45
      vertex 110.346 -41.7352 1.45
    endloop
  endfacet
  facet normal 0 0 1
    outer loop
      vertex 110.88 -40.6738 1.45
      vertex 110.085 -41.2839 1.45
      vertex 110.23 -41.5013 1.45
    endloop
  endfacet
  facet normal 0 0 1
    outer loop
      vertex 109.716 -40.9152 1.45
      vertex 110.326 -40.1201 1.45
      vertex 110 -39.9023 1.45
    endloop
  endfacet
  facet normal 0 0 1
    outer loop
      vertex 110.621 -40.3789 1.45
      vertex 109.912 -41.0875 1.45
      vertex 110.085 -41.2839 1.45
    endloop
  endfacet
  facet normal 0 0 1
    outer loop
      vertex 110.326 -40.1201 1.45
      vertex 109.716 -40.9152 1.45
      vertex 109.912 -41.0875 1.45
    endloop
  endfacet
  facet normal 0 0 1
    outer loop
      vertex 109.499 -40.77 1.45
      vertex 110 -39.9023 1.45
      vertex 109.648 -39.7285 1.45
    endloop
  endfacet
  facet normal 0 0 1
    outer loop
      vertex 110 -39.9023 1.45
      vertex 109.499 -40.77 1.45
      vertex 109.716 -40.9152 1.45
    endloop
  endfacet
  facet normal 0 0 1
    outer loop
      vertex 109.265 -40.6544 1.45
      vertex 109.648 -39.7285 1.45
      vertex 109.276 -39.6025 1.45
    endloop
  endfacet
  facet normal 0 0 1
    outer loop
      vertex 109.648 -39.7285 1.45
      vertex 109.265 -40.6544 1.45
      vertex 109.499 -40.77 1.45
    endloop
  endfacet
  facet normal 0 0 1
    outer loop
      vertex 109.276 -39.6025 1.45
      vertex 109.017 -40.5704 1.45
      vertex 109.265 -40.6544 1.45
    endloop
  endfacet
  facet normal 0 0 1
    outer loop
      vertex 108.892 -39.5254 1.45
      vertex 109.017 -40.5704 1.45
      vertex 109.276 -39.6025 1.45
    endloop
  endfacet
  facet normal 0 0 1
    outer loop
      vertex 108.892 -39.5254 1.45
      vertex 108.76 -40.519 1.45
      vertex 109.017 -40.5704 1.45
    endloop
  endfacet
  facet normal 0 0 1
    outer loop
      vertex 108.5 -39.5 1.45
      vertex 108.76 -40.519 1.45
      vertex 108.892 -39.5254 1.45
    endloop
  endfacet
  facet normal 0 0 1
    outer loop
      vertex 108.5 -39.5 1.45
      vertex 108.5 -40.5021 1.45
      vertex 108.76 -40.519 1.45
    endloop
  endfacet
  facet normal 0 0 1
    outer loop
      vertex 108.5 -39.5 1.45
      vertex 108.24 -40.519 1.45
      vertex 108.5 -40.5021 1.45
    endloop
  endfacet
  facet normal -0 0 1
    outer loop
      vertex 108.108 -39.5254 1.45
      vertex 108.24 -40.519 1.45
      vertex 108.5 -39.5 1.45
    endloop
  endfacet
  facet normal 0 0 1
    outer loop
      vertex 108.108 -39.5254 1.45
      vertex 107.983 -40.5704 1.45
      vertex 108.24 -40.519 1.45
    endloop
  endfacet
  facet normal -0 0 1
    outer loop
      vertex 107.724 -39.6025 1.45
      vertex 107.983 -40.5704 1.45
      vertex 108.108 -39.5254 1.45
    endloop
  endfacet
  facet normal 0 0 1
    outer loop
      vertex 107.983 -40.5704 1.45
      vertex 107.724 -39.6025 1.45
      vertex 107.735 -40.6544 1.45
    endloop
  endfacet
  facet normal -0 0 1
    outer loop
      vertex 107.352 -39.7285 1.45
      vertex 107.735 -40.6544 1.45
      vertex 107.724 -39.6025 1.45
    endloop
  endfacet
  facet normal 0 0 1
    outer loop
      vertex 107.735 -40.6544 1.45
      vertex 107.352 -39.7285 1.45
      vertex 107.501 -40.77 1.45
    endloop
  endfacet
  facet normal -0 0 1
    outer loop
      vertex 107 -39.9023 1.45
      vertex 107.501 -40.77 1.45
      vertex 107.352 -39.7285 1.45
    endloop
  endfacet
  facet normal 0 0 1
    outer loop
      vertex 107.501 -40.77 1.45
      vertex 107 -39.9023 1.45
      vertex 107.284 -40.9152 1.45
    endloop
  endfacet
  facet normal -0 0 1
    outer loop
      vertex 106.674 -40.1201 1.45
      vertex 107.284 -40.9152 1.45
      vertex 107 -39.9023 1.45
    endloop
  endfacet
  facet normal 0 0 1
    outer loop
      vertex 107.284 -40.9152 1.45
      vertex 106.674 -40.1201 1.45
      vertex 107.088 -41.0875 1.45
    endloop
  endfacet
  facet normal -0 0 1
    outer loop
      vertex 106.379 -40.3789 1.45
      vertex 107.088 -41.0875 1.45
      vertex 106.674 -40.1201 1.45
    endloop
  endfacet
  facet normal 0 0 1
    outer loop
      vertex 107.088 -41.0875 1.45
      vertex 106.379 -40.3789 1.45
      vertex 106.915 -41.2839 1.45
    endloop
  endfacet
  facet normal -0 0 1
    outer loop
      vertex 106.12 -40.6738 1.45
      vertex 106.915 -41.2839 1.45
      vertex 106.379 -40.3789 1.45
    endloop
  endfacet
  facet normal 0 0 1
    outer loop
      vertex 106.915 -41.2839 1.45
      vertex 106.12 -40.6738 1.45
      vertex 106.77 -41.5013 1.45
    endloop
  endfacet
  facet normal -0 0 1
    outer loop
      vertex 105.902 -41 1.45
      vertex 106.77 -41.5013 1.45
      vertex 106.12 -40.6738 1.45
    endloop
  endfacet
  facet normal -0 0 1
    outer loop
      vertex 105.729 -41.3516 1.45
      vertex 106.654 -41.7352 1.45
      vertex 105.902 -41 1.45
    endloop
  endfacet
  facet normal 0 0 1
    outer loop
      vertex 106.77 -41.5013 1.45
      vertex 105.902 -41 1.45
      vertex 106.654 -41.7352 1.45
    endloop
  endfacet
  facet normal 0 0 1
    outer loop
      vertex 111.271 -43.6484 1.45
      vertex 110.346 -43.2648 1.45
      vertex 111.098 -44 1.45
    endloop
  endfacet
  facet normal -0 0 1
    outer loop
      vertex 110.23 -43.4987 1.45
      vertex 111.098 -44 1.45
      vertex 110.346 -43.2648 1.45
    endloop
  endfacet
  facet normal 0 0 1
    outer loop
      vertex 111.098 -44 1.45
      vertex 110.23 -43.4987 1.45
      vertex 110.88 -44.3262 1.45
    endloop
  endfacet
  facet normal -0 0 1
    outer loop
      vertex 110.085 -43.7161 1.45
      vertex 110.88 -44.3262 1.45
      vertex 110.23 -43.4987 1.45
    endloop
  endfacet
  facet normal 0 0 1
    outer loop
      vertex 110.88 -44.3262 1.45
      vertex 110.085 -43.7161 1.45
      vertex 110.621 -44.6211 1.45
    endloop
  endfacet
  facet normal -0 0 1
    outer loop
      vertex 109.912 -43.9125 1.45
      vertex 110.621 -44.6211 1.45
      vertex 110.085 -43.7161 1.45
    endloop
  endfacet
  facet normal 0 0 1
    outer loop
      vertex 110.621 -44.6211 1.45
      vertex 109.912 -43.9125 1.45
      vertex 110.326 -44.8799 1.45
    endloop
  endfacet
  facet normal -0 0 1
    outer loop
      vertex 109.716 -44.0848 1.45
      vertex 110.326 -44.8799 1.45
      vertex 109.912 -43.9125 1.45
    endloop
  endfacet
  facet normal 0 0 1
    outer loop
      vertex 110.326 -44.8799 1.45
      vertex 109.716 -44.0848 1.45
      vertex 110 -45.0977 1.45
    endloop
  endfacet
  facet normal -0 0 1
    outer loop
      vertex 109.499 -44.23 1.45
      vertex 110 -45.0977 1.45
      vertex 109.716 -44.0848 1.45
    endloop
  endfacet
  facet normal 0 0 1
    outer loop
      vertex 110 -45.0977 1.45
      vertex 109.499 -44.23 1.45
      vertex 109.648 -45.2715 1.45
    endloop
  endfacet
  facet normal -0 0 1
    outer loop
      vertex 109.265 -44.3456 1.45
      vertex 109.648 -45.2715 1.45
      vertex 109.499 -44.23 1.45
    endloop
  endfacet
  facet normal 0 0 1
    outer loop
      vertex 109.648 -45.2715 1.45
      vertex 109.265 -44.3456 1.45
      vertex 109.276 -45.3975 1.45
    endloop
  endfacet
  facet normal -0 0 1
    outer loop
      vertex 109.017 -44.4296 1.45
      vertex 109.276 -45.3975 1.45
      vertex 109.265 -44.3456 1.45
    endloop
  endfacet
  facet normal 0 0 1
    outer loop
      vertex 109.017 -44.4296 1.45
      vertex 108.892 -45.4746 1.45
      vertex 109.276 -45.3975 1.45
    endloop
  endfacet
  facet normal -0 0 1
    outer loop
      vertex 108.76 -44.481 1.45
      vertex 108.892 -45.4746 1.45
      vertex 109.017 -44.4296 1.45
    endloop
  endfacet
  facet normal -0 0 1
    outer loop
      vertex 108.5 -44.4979 1.45
      vertex 108.892 -45.4746 1.45
      vertex 108.76 -44.481 1.45
    endloop
  endfacet
  facet normal 0 0 1
    outer loop
      vertex 108.5 -44.4979 1.45
      vertex 108.5 -45.5 1.45
      vertex 108.892 -45.4746 1.45
    endloop
  endfacet
  facet normal 0 0 1
    outer loop
      vertex 108.24 -44.481 1.45
      vertex 108.5 -45.5 1.45
      vertex 108.5 -44.4979 1.45
    endloop
  endfacet
  facet normal 0 0 1
    outer loop
      vertex 108.24 -44.481 1.45
      vertex 108.108 -45.4746 1.45
      vertex 108.5 -45.5 1.45
    endloop
  endfacet
  facet normal 0 0 1
    outer loop
      vertex 107.983 -44.4296 1.45
      vertex 108.108 -45.4746 1.45
      vertex 108.24 -44.481 1.45
    endloop
  endfacet
  facet normal 0 0 1
    outer loop
      vertex 107.724 -45.3975 1.45
      vertex 107.983 -44.4296 1.45
      vertex 107.735 -44.3456 1.45
    endloop
  endfacet
  facet normal 0 0 1
    outer loop
      vertex 107.983 -44.4296 1.45
      vertex 107.724 -45.3975 1.45
      vertex 108.108 -45.4746 1.45
    endloop
  endfacet
  facet normal 0 0 1
    outer loop
      vertex 107.352 -45.2715 1.45
      vertex 107.735 -44.3456 1.45
      vertex 107.501 -44.23 1.45
    endloop
  endfacet
  facet normal 0 0 1
    outer loop
      vertex 107.735 -44.3456 1.45
      vertex 107.352 -45.2715 1.45
      vertex 107.724 -45.3975 1.45
    endloop
  endfacet
  facet normal 0 0 1
    outer loop
      vertex 107 -45.0977 1.45
      vertex 107.501 -44.23 1.45
      vertex 107.284 -44.0848 1.45
    endloop
  endfacet
  facet normal 0 0 1
    outer loop
      vertex 106.674 -44.8799 1.45
      vertex 107.284 -44.0848 1.45
      vertex 107.088 -43.9125 1.45
    endloop
  endfacet
  facet normal 0 0 1
    outer loop
      vertex 107.501 -44.23 1.45
      vertex 107 -45.0977 1.45
      vertex 107.352 -45.2715 1.45
    endloop
  endfacet
  facet normal 0 0 1
    outer loop
      vertex 106.379 -44.6211 1.45
      vertex 107.088 -43.9125 1.45
      vertex 106.915 -43.7161 1.45
    endloop
  endfacet
  facet normal 0 0 1
    outer loop
      vertex 106.12 -44.3262 1.45
      vertex 106.915 -43.7161 1.45
      vertex 106.77 -43.4987 1.45
    endloop
  endfacet
  facet normal 0 0 1
    outer loop
      vertex 107.284 -44.0848 1.45
      vertex 106.674 -44.8799 1.45
      vertex 107 -45.0977 1.45
    endloop
  endfacet
  facet normal 0 0 1
    outer loop
      vertex 105.902 -44 1.45
      vertex 106.77 -43.4987 1.45
      vertex 106.654 -43.2648 1.45
    endloop
  endfacet
  facet normal 0 0 1
    outer loop
      vertex 105.729 -43.6484 1.45
      vertex 106.654 -43.2648 1.45
      vertex 106.57 -43.0167 1.45
    endloop
  endfacet
  facet normal 0 0 1
    outer loop
      vertex 105.603 -43.2764 1.45
      vertex 106.57 -43.0167 1.45
      vertex 106.519 -42.7604 1.45
    endloop
  endfacet
  facet normal 0 0 1
    outer loop
      vertex 107.088 -43.9125 1.45
      vertex 106.379 -44.6211 1.45
      vertex 106.674 -44.8799 1.45
    endloop
  endfacet
  facet normal 0 0 1
    outer loop
      vertex 105.525 -42.8916 1.45
      vertex 106.519 -42.7604 1.45
      vertex 106.502 -42.5 1.45
    endloop
  endfacet
  facet normal 0 0 1
    outer loop
      vertex 106.654 -41.7352 1.45
      vertex 105.729 -41.3516 1.45
      vertex 106.57 -41.9833 1.45
    endloop
  endfacet
  facet normal -0 0 1
    outer loop
      vertex 105.603 -41.7236 1.45
      vertex 106.57 -41.9833 1.45
      vertex 105.729 -41.3516 1.45
    endloop
  endfacet
  facet normal 0 0 1
    outer loop
      vertex 106.915 -43.7161 1.45
      vertex 106.12 -44.3262 1.45
      vertex 106.379 -44.6211 1.45
    endloop
  endfacet
  facet normal 0 0 1
    outer loop
      vertex 106.57 -41.9833 1.45
      vertex 105.603 -41.7236 1.45
      vertex 106.519 -42.2396 1.45
    endloop
  endfacet
  facet normal 0 0 1
    outer loop
      vertex 106.77 -43.4987 1.45
      vertex 105.902 -44 1.45
      vertex 106.12 -44.3262 1.45
    endloop
  endfacet
  facet normal -0 0 1
    outer loop
      vertex 105.525 -42.1084 1.45
      vertex 106.519 -42.2396 1.45
      vertex 105.603 -41.7236 1.45
    endloop
  endfacet
  facet normal 0 0 1
    outer loop
      vertex 106.654 -43.2648 1.45
      vertex 105.729 -43.6484 1.45
      vertex 105.902 -44 1.45
    endloop
  endfacet
  facet normal 0 0 1
    outer loop
      vertex 106.519 -42.2396 1.45
      vertex 105.525 -42.1084 1.45
      vertex 106.502 -42.5 1.45
    endloop
  endfacet
  facet normal 0 0 1
    outer loop
      vertex 106.57 -43.0167 1.45
      vertex 105.603 -43.2764 1.45
      vertex 105.729 -43.6484 1.45
    endloop
  endfacet
  facet normal 0 0 1
    outer loop
      vertex 105.5 -42.5 1.45
      vertex 106.502 -42.5 1.45
      vertex 105.525 -42.1084 1.45
    endloop
  endfacet
  facet normal 0 0 1
    outer loop
      vertex 106.519 -42.7604 1.45
      vertex 105.525 -42.8916 1.45
      vertex 105.603 -43.2764 1.45
    endloop
  endfacet
  facet normal 0 0 1
    outer loop
      vertex 106.502 -42.5 1.45
      vertex 105.5 -42.5 1.45
      vertex 105.525 -42.8916 1.45
    endloop
  endfacet
  facet normal 0 0 1
    outer loop
      vertex 178.498 -42.5 1.45
      vertex 179.5 -42.5 1.45
      vertex 179.475 -42.1084 1.45
    endloop
  endfacet
  facet normal 0 0 1
    outer loop
      vertex 178.481 -42.2396 1.45
      vertex 179.475 -42.1084 1.45
      vertex 179.397 -41.7236 1.45
    endloop
  endfacet
  facet normal 0 0 1
    outer loop
      vertex 179.5 -42.5 1.45
      vertex 178.498 -42.5 1.45
      vertex 179.475 -42.8916 1.45
    endloop
  endfacet
  facet normal 0 0 1
    outer loop
      vertex 178.43 -41.9833 1.45
      vertex 179.397 -41.7236 1.45
      vertex 179.271 -41.3516 1.45
    endloop
  endfacet
  facet normal -0 0 1
    outer loop
      vertex 178.481 -42.7604 1.45
      vertex 179.475 -42.8916 1.45
      vertex 178.498 -42.5 1.45
    endloop
  endfacet
  facet normal 0 0 1
    outer loop
      vertex 178.346 -41.7352 1.45
      vertex 179.271 -41.3516 1.45
      vertex 179.098 -41 1.45
    endloop
  endfacet
  facet normal 0 0 1
    outer loop
      vertex 179.475 -42.8916 1.45
      vertex 178.481 -42.7604 1.45
      vertex 179.397 -43.2764 1.45
    endloop
  endfacet
  facet normal 0 0 1
    outer loop
      vertex 178.23 -41.5013 1.45
      vertex 179.098 -41 1.45
      vertex 178.88 -40.6738 1.45
    endloop
  endfacet
  facet normal -0 0 1
    outer loop
      vertex 178.43 -43.0167 1.45
      vertex 179.397 -43.2764 1.45
      vertex 178.481 -42.7604 1.45
    endloop
  endfacet
  facet normal 0 0 1
    outer loop
      vertex 178.085 -41.2839 1.45
      vertex 178.88 -40.6738 1.45
      vertex 178.621 -40.3789 1.45
    endloop
  endfacet
  facet normal 0 0 1
    outer loop
      vertex 179.397 -43.2764 1.45
      vertex 178.43 -43.0167 1.45
      vertex 179.271 -43.6484 1.45
    endloop
  endfacet
  facet normal -0 0 1
    outer loop
      vertex 178.346 -43.2648 1.45
      vertex 179.271 -43.6484 1.45
      vertex 178.43 -43.0167 1.45
    endloop
  endfacet
  facet normal 0 0 1
    outer loop
      vertex 179.475 -42.1084 1.45
      vertex 178.481 -42.2396 1.45
      vertex 178.498 -42.5 1.45
    endloop
  endfacet
  facet normal 0 0 1
    outer loop
      vertex 179.397 -41.7236 1.45
      vertex 178.43 -41.9833 1.45
      vertex 178.481 -42.2396 1.45
    endloop
  endfacet
  facet normal 0 0 1
    outer loop
      vertex 179.271 -41.3516 1.45
      vertex 178.346 -41.7352 1.45
      vertex 178.43 -41.9833 1.45
    endloop
  endfacet
  facet normal 0 0 1
    outer loop
      vertex 177.912 -41.0875 1.45
      vertex 178.621 -40.3789 1.45
      vertex 178.326 -40.1201 1.45
    endloop
  endfacet
  facet normal 0 0 1
    outer loop
      vertex 179.098 -41 1.45
      vertex 178.23 -41.5013 1.45
      vertex 178.346 -41.7352 1.45
    endloop
  endfacet
  facet normal 0 0 1
    outer loop
      vertex 178.88 -40.6738 1.45
      vertex 178.085 -41.2839 1.45
      vertex 178.23 -41.5013 1.45
    endloop
  endfacet
  facet normal 0 0 1
    outer loop
      vertex 177.716 -40.9152 1.45
      vertex 178.326 -40.1201 1.45
      vertex 178 -39.9023 1.45
    endloop
  endfacet
  facet normal 0 0 1
    outer loop
      vertex 178.621 -40.3789 1.45
      vertex 177.912 -41.0875 1.45
      vertex 178.085 -41.2839 1.45
    endloop
  endfacet
  facet normal 0 0 1
    outer loop
      vertex 178.326 -40.1201 1.45
      vertex 177.716 -40.9152 1.45
      vertex 177.912 -41.0875 1.45
    endloop
  endfacet
  facet normal 0 0 1
    outer loop
      vertex 177.499 -40.77 1.45
      vertex 178 -39.9023 1.45
      vertex 177.648 -39.7285 1.45
    endloop
  endfacet
  facet normal 0 0 1
    outer loop
      vertex 178 -39.9023 1.45
      vertex 177.499 -40.77 1.45
      vertex 177.716 -40.9152 1.45
    endloop
  endfacet
  facet normal 0 0 1
    outer loop
      vertex 177.265 -40.6544 1.45
      vertex 177.648 -39.7285 1.45
      vertex 177.276 -39.6025 1.45
    endloop
  endfacet
  facet normal 0 0 1
    outer loop
      vertex 177.648 -39.7285 1.45
      vertex 177.265 -40.6544 1.45
      vertex 177.499 -40.77 1.45
    endloop
  endfacet
  facet normal 0 0 1
    outer loop
      vertex 177.276 -39.6025 1.45
      vertex 177.017 -40.5704 1.45
      vertex 177.265 -40.6544 1.45
    endloop
  endfacet
  facet normal 0 0 1
    outer loop
      vertex 176.892 -39.5254 1.45
      vertex 177.017 -40.5704 1.45
      vertex 177.276 -39.6025 1.45
    endloop
  endfacet
  facet normal 0 0 1
    outer loop
      vertex 176.892 -39.5254 1.45
      vertex 176.76 -40.519 1.45
      vertex 177.017 -40.5704 1.45
    endloop
  endfacet
  facet normal 0 0 1
    outer loop
      vertex 176.5 -39.5 1.45
      vertex 176.76 -40.519 1.45
      vertex 176.892 -39.5254 1.45
    endloop
  endfacet
  facet normal 0 0 1
    outer loop
      vertex 176.5 -39.5 1.45
      vertex 176.5 -40.5021 1.45
      vertex 176.76 -40.519 1.45
    endloop
  endfacet
  facet normal 0 0 1
    outer loop
      vertex 176.5 -39.5 1.45
      vertex 176.24 -40.519 1.45
      vertex 176.5 -40.5021 1.45
    endloop
  endfacet
  facet normal -0 0 1
    outer loop
      vertex 176.108 -39.5254 1.45
      vertex 176.24 -40.519 1.45
      vertex 176.5 -39.5 1.45
    endloop
  endfacet
  facet normal 0 0 1
    outer loop
      vertex 176.108 -39.5254 1.45
      vertex 175.983 -40.5704 1.45
      vertex 176.24 -40.519 1.45
    endloop
  endfacet
  facet normal -0 0 1
    outer loop
      vertex 175.724 -39.6025 1.45
      vertex 175.983 -40.5704 1.45
      vertex 176.108 -39.5254 1.45
    endloop
  endfacet
  facet normal 0 0 1
    outer loop
      vertex 175.983 -40.5704 1.45
      vertex 175.724 -39.6025 1.45
      vertex 175.735 -40.6544 1.45
    endloop
  endfacet
  facet normal -0 0 1
    outer loop
      vertex 175.352 -39.7285 1.45
      vertex 175.735 -40.6544 1.45
      vertex 175.724 -39.6025 1.45
    endloop
  endfacet
  facet normal 0 0 1
    outer loop
      vertex 175.735 -40.6544 1.45
      vertex 175.352 -39.7285 1.45
      vertex 175.501 -40.77 1.45
    endloop
  endfacet
  facet normal -0 0 1
    outer loop
      vertex 175 -39.9023 1.45
      vertex 175.501 -40.77 1.45
      vertex 175.352 -39.7285 1.45
    endloop
  endfacet
  facet normal 0 0 1
    outer loop
      vertex 175.501 -40.77 1.45
      vertex 175 -39.9023 1.45
      vertex 175.284 -40.9152 1.45
    endloop
  endfacet
  facet normal -0 0 1
    outer loop
      vertex 174.674 -40.1201 1.45
      vertex 175.284 -40.9152 1.45
      vertex 175 -39.9023 1.45
    endloop
  endfacet
  facet normal 0 0 1
    outer loop
      vertex 175.284 -40.9152 1.45
      vertex 174.674 -40.1201 1.45
      vertex 175.088 -41.0875 1.45
    endloop
  endfacet
  facet normal -0 0 1
    outer loop
      vertex 174.379 -40.3789 1.45
      vertex 175.088 -41.0875 1.45
      vertex 174.674 -40.1201 1.45
    endloop
  endfacet
  facet normal 0 0 1
    outer loop
      vertex 175.088 -41.0875 1.45
      vertex 174.379 -40.3789 1.45
      vertex 174.915 -41.2839 1.45
    endloop
  endfacet
  facet normal -0 0 1
    outer loop
      vertex 174.12 -40.6738 1.45
      vertex 174.915 -41.2839 1.45
      vertex 174.379 -40.3789 1.45
    endloop
  endfacet
  facet normal 0 0 1
    outer loop
      vertex 174.915 -41.2839 1.45
      vertex 174.12 -40.6738 1.45
      vertex 174.77 -41.5013 1.45
    endloop
  endfacet
  facet normal -0 0 1
    outer loop
      vertex 173.902 -41 1.45
      vertex 174.77 -41.5013 1.45
      vertex 174.12 -40.6738 1.45
    endloop
  endfacet
  facet normal -0 0 1
    outer loop
      vertex 173.729 -41.3516 1.45
      vertex 174.654 -41.7352 1.45
      vertex 173.902 -41 1.45
    endloop
  endfacet
  facet normal 0 0 1
    outer loop
      vertex 174.77 -41.5013 1.45
      vertex 173.902 -41 1.45
      vertex 174.654 -41.7352 1.45
    endloop
  endfacet
  facet normal 0 0 1
    outer loop
      vertex 179.271 -43.6484 1.45
      vertex 178.346 -43.2648 1.45
      vertex 179.098 -44 1.45
    endloop
  endfacet
  facet normal -0 0 1
    outer loop
      vertex 178.23 -43.4987 1.45
      vertex 179.098 -44 1.45
      vertex 178.346 -43.2648 1.45
    endloop
  endfacet
  facet normal 0 0 1
    outer loop
      vertex 179.098 -44 1.45
      vertex 178.23 -43.4987 1.45
      vertex 178.88 -44.3262 1.45
    endloop
  endfacet
  facet normal -0 0 1
    outer loop
      vertex 178.085 -43.7161 1.45
      vertex 178.88 -44.3262 1.45
      vertex 178.23 -43.4987 1.45
    endloop
  endfacet
  facet normal 0 0 1
    outer loop
      vertex 178.88 -44.3262 1.45
      vertex 178.085 -43.7161 1.45
      vertex 178.621 -44.6211 1.45
    endloop
  endfacet
  facet normal -0 0 1
    outer loop
      vertex 177.912 -43.9125 1.45
      vertex 178.621 -44.6211 1.45
      vertex 178.085 -43.7161 1.45
    endloop
  endfacet
  facet normal 0 0 1
    outer loop
      vertex 178.621 -44.6211 1.45
      vertex 177.912 -43.9125 1.45
      vertex 178.326 -44.8799 1.45
    endloop
  endfacet
  facet normal -0 0 1
    outer loop
      vertex 177.716 -44.0848 1.45
      vertex 178.326 -44.8799 1.45
      vertex 177.912 -43.9125 1.45
    endloop
  endfacet
  facet normal 0 0 1
    outer loop
      vertex 178.326 -44.8799 1.45
      vertex 177.716 -44.0848 1.45
      vertex 178 -45.0977 1.45
    endloop
  endfacet
  facet normal -0 0 1
    outer loop
      vertex 177.499 -44.23 1.45
      vertex 178 -45.0977 1.45
      vertex 177.716 -44.0848 1.45
    endloop
  endfacet
  facet normal 0 0 1
    outer loop
      vertex 178 -45.0977 1.45
      vertex 177.499 -44.23 1.45
      vertex 177.648 -45.2715 1.45
    endloop
  endfacet
  facet normal -0 0 1
    outer loop
      vertex 177.265 -44.3456 1.45
      vertex 177.648 -45.2715 1.45
      vertex 177.499 -44.23 1.45
    endloop
  endfacet
  facet normal 0 0 1
    outer loop
      vertex 177.648 -45.2715 1.45
      vertex 177.265 -44.3456 1.45
      vertex 177.276 -45.3975 1.45
    endloop
  endfacet
  facet normal -0 0 1
    outer loop
      vertex 177.017 -44.4296 1.45
      vertex 177.276 -45.3975 1.45
      vertex 177.265 -44.3456 1.45
    endloop
  endfacet
  facet normal 0 0 1
    outer loop
      vertex 177.017 -44.4296 1.45
      vertex 176.892 -45.4746 1.45
      vertex 177.276 -45.3975 1.45
    endloop
  endfacet
  facet normal -0 0 1
    outer loop
      vertex 176.76 -44.481 1.45
      vertex 176.892 -45.4746 1.45
      vertex 177.017 -44.4296 1.45
    endloop
  endfacet
  facet normal -0 0 1
    outer loop
      vertex 176.5 -44.4979 1.45
      vertex 176.892 -45.4746 1.45
      vertex 176.76 -44.481 1.45
    endloop
  endfacet
  facet normal 0 0 1
    outer loop
      vertex 176.5 -44.4979 1.45
      vertex 176.5 -45.5 1.45
      vertex 176.892 -45.4746 1.45
    endloop
  endfacet
  facet normal 0 0 1
    outer loop
      vertex 176.24 -44.481 1.45
      vertex 176.5 -45.5 1.45
      vertex 176.5 -44.4979 1.45
    endloop
  endfacet
  facet normal 0 0 1
    outer loop
      vertex 176.24 -44.481 1.45
      vertex 176.108 -45.4746 1.45
      vertex 176.5 -45.5 1.45
    endloop
  endfacet
  facet normal 0 0 1
    outer loop
      vertex 175.983 -44.4296 1.45
      vertex 176.108 -45.4746 1.45
      vertex 176.24 -44.481 1.45
    endloop
  endfacet
  facet normal 0 0 1
    outer loop
      vertex 175.724 -45.3975 1.45
      vertex 175.983 -44.4296 1.45
      vertex 175.735 -44.3456 1.45
    endloop
  endfacet
  facet normal 0 0 1
    outer loop
      vertex 175.983 -44.4296 1.45
      vertex 175.724 -45.3975 1.45
      vertex 176.108 -45.4746 1.45
    endloop
  endfacet
  facet normal 0 0 1
    outer loop
      vertex 175.352 -45.2715 1.45
      vertex 175.735 -44.3456 1.45
      vertex 175.501 -44.23 1.45
    endloop
  endfacet
  facet normal 0 0 1
    outer loop
      vertex 175.735 -44.3456 1.45
      vertex 175.352 -45.2715 1.45
      vertex 175.724 -45.3975 1.45
    endloop
  endfacet
  facet normal 0 0 1
    outer loop
      vertex 175 -45.0977 1.45
      vertex 175.501 -44.23 1.45
      vertex 175.284 -44.0848 1.45
    endloop
  endfacet
  facet normal 0 0 1
    outer loop
      vertex 174.674 -44.8799 1.45
      vertex 175.284 -44.0848 1.45
      vertex 175.088 -43.9125 1.45
    endloop
  endfacet
  facet normal 0 0 1
    outer loop
      vertex 175.501 -44.23 1.45
      vertex 175 -45.0977 1.45
      vertex 175.352 -45.2715 1.45
    endloop
  endfacet
  facet normal 0 0 1
    outer loop
      vertex 174.379 -44.6211 1.45
      vertex 175.088 -43.9125 1.45
      vertex 174.915 -43.7161 1.45
    endloop
  endfacet
  facet normal 0 0 1
    outer loop
      vertex 174.12 -44.3262 1.45
      vertex 174.915 -43.7161 1.45
      vertex 174.77 -43.4987 1.45
    endloop
  endfacet
  facet normal 0 0 1
    outer loop
      vertex 175.284 -44.0848 1.45
      vertex 174.674 -44.8799 1.45
      vertex 175 -45.0977 1.45
    endloop
  endfacet
  facet normal 0 0 1
    outer loop
      vertex 173.902 -44 1.45
      vertex 174.77 -43.4987 1.45
      vertex 174.654 -43.2648 1.45
    endloop
  endfacet
  facet normal 0 0 1
    outer loop
      vertex 173.729 -43.6484 1.45
      vertex 174.654 -43.2648 1.45
      vertex 174.57 -43.0167 1.45
    endloop
  endfacet
  facet normal 0 0 1
    outer loop
      vertex 173.603 -43.2764 1.45
      vertex 174.57 -43.0167 1.45
      vertex 174.519 -42.7604 1.45
    endloop
  endfacet
  facet normal 0 0 1
    outer loop
      vertex 175.088 -43.9125 1.45
      vertex 174.379 -44.6211 1.45
      vertex 174.674 -44.8799 1.45
    endloop
  endfacet
  facet normal 0 0 1
    outer loop
      vertex 173.525 -42.8916 1.45
      vertex 174.519 -42.7604 1.45
      vertex 174.502 -42.5 1.45
    endloop
  endfacet
  facet normal 0 0 1
    outer loop
      vertex 174.654 -41.7352 1.45
      vertex 173.729 -41.3516 1.45
      vertex 174.57 -41.9833 1.45
    endloop
  endfacet
  facet normal -0 0 1
    outer loop
      vertex 173.603 -41.7236 1.45
      vertex 174.57 -41.9833 1.45
      vertex 173.729 -41.3516 1.45
    endloop
  endfacet
  facet normal 0 0 1
    outer loop
      vertex 174.915 -43.7161 1.45
      vertex 174.12 -44.3262 1.45
      vertex 174.379 -44.6211 1.45
    endloop
  endfacet
  facet normal 0 0 1
    outer loop
      vertex 174.57 -41.9833 1.45
      vertex 173.603 -41.7236 1.45
      vertex 174.519 -42.2396 1.45
    endloop
  endfacet
  facet normal 0 0 1
    outer loop
      vertex 174.77 -43.4987 1.45
      vertex 173.902 -44 1.45
      vertex 174.12 -44.3262 1.45
    endloop
  endfacet
  facet normal -0 0 1
    outer loop
      vertex 173.525 -42.1084 1.45
      vertex 174.519 -42.2396 1.45
      vertex 173.603 -41.7236 1.45
    endloop
  endfacet
  facet normal 0 0 1
    outer loop
      vertex 174.654 -43.2648 1.45
      vertex 173.729 -43.6484 1.45
      vertex 173.902 -44 1.45
    endloop
  endfacet
  facet normal 0 0 1
    outer loop
      vertex 174.519 -42.2396 1.45
      vertex 173.525 -42.1084 1.45
      vertex 174.502 -42.5 1.45
    endloop
  endfacet
  facet normal 0 0 1
    outer loop
      vertex 174.57 -43.0167 1.45
      vertex 173.603 -43.2764 1.45
      vertex 173.729 -43.6484 1.45
    endloop
  endfacet
  facet normal 0 0 1
    outer loop
      vertex 173.5 -42.5 1.45
      vertex 174.502 -42.5 1.45
      vertex 173.525 -42.1084 1.45
    endloop
  endfacet
  facet normal 0 0 1
    outer loop
      vertex 174.519 -42.7604 1.45
      vertex 173.525 -42.8916 1.45
      vertex 173.603 -43.2764 1.45
    endloop
  endfacet
  facet normal 0 0 1
    outer loop
      vertex 174.502 -42.5 1.45
      vertex 173.5 -42.5 1.45
      vertex 173.525 -42.8916 1.45
    endloop
  endfacet
  facet normal 0 0 1
    outer loop
      vertex 178.498 -115.5 1.45
      vertex 179.5 -115.5 1.45
      vertex 179.475 -115.108 1.45
    endloop
  endfacet
  facet normal 0 0 1
    outer loop
      vertex 178.481 -115.24 1.45
      vertex 179.475 -115.108 1.45
      vertex 179.397 -114.724 1.45
    endloop
  endfacet
  facet normal 0 0 1
    outer loop
      vertex 179.5 -115.5 1.45
      vertex 178.498 -115.5 1.45
      vertex 179.475 -115.892 1.45
    endloop
  endfacet
  facet normal 0 0 1
    outer loop
      vertex 178.43 -114.983 1.45
      vertex 179.397 -114.724 1.45
      vertex 179.271 -114.352 1.45
    endloop
  endfacet
  facet normal -0 0 1
    outer loop
      vertex 178.481 -115.76 1.45
      vertex 179.475 -115.892 1.45
      vertex 178.498 -115.5 1.45
    endloop
  endfacet
  facet normal 0 0 1
    outer loop
      vertex 178.346 -114.735 1.45
      vertex 179.271 -114.352 1.45
      vertex 179.098 -114 1.45
    endloop
  endfacet
  facet normal 0 0 1
    outer loop
      vertex 179.475 -115.892 1.45
      vertex 178.481 -115.76 1.45
      vertex 179.397 -116.276 1.45
    endloop
  endfacet
  facet normal 0 0 1
    outer loop
      vertex 178.23 -114.501 1.45
      vertex 179.098 -114 1.45
      vertex 178.88 -113.674 1.45
    endloop
  endfacet
  facet normal -0 0 1
    outer loop
      vertex 178.43 -116.017 1.45
      vertex 179.397 -116.276 1.45
      vertex 178.481 -115.76 1.45
    endloop
  endfacet
  facet normal 0 0 1
    outer loop
      vertex 178.085 -114.284 1.45
      vertex 178.88 -113.674 1.45
      vertex 178.621 -113.379 1.45
    endloop
  endfacet
  facet normal 0 0 1
    outer loop
      vertex 179.397 -116.276 1.45
      vertex 178.43 -116.017 1.45
      vertex 179.271 -116.648 1.45
    endloop
  endfacet
  facet normal -0 0 1
    outer loop
      vertex 178.346 -116.265 1.45
      vertex 179.271 -116.648 1.45
      vertex 178.43 -116.017 1.45
    endloop
  endfacet
  facet normal 0 0 1
    outer loop
      vertex 179.475 -115.108 1.45
      vertex 178.481 -115.24 1.45
      vertex 178.498 -115.5 1.45
    endloop
  endfacet
  facet normal 0 0 1
    outer loop
      vertex 179.397 -114.724 1.45
      vertex 178.43 -114.983 1.45
      vertex 178.481 -115.24 1.45
    endloop
  endfacet
  facet normal 0 0 1
    outer loop
      vertex 179.271 -114.352 1.45
      vertex 178.346 -114.735 1.45
      vertex 178.43 -114.983 1.45
    endloop
  endfacet
  facet normal 0 0 1
    outer loop
      vertex 177.912 -114.088 1.45
      vertex 178.621 -113.379 1.45
      vertex 178.326 -113.12 1.45
    endloop
  endfacet
  facet normal 0 0 1
    outer loop
      vertex 179.098 -114 1.45
      vertex 178.23 -114.501 1.45
      vertex 178.346 -114.735 1.45
    endloop
  endfacet
  facet normal 0 0 1
    outer loop
      vertex 178.88 -113.674 1.45
      vertex 178.085 -114.284 1.45
      vertex 178.23 -114.501 1.45
    endloop
  endfacet
  facet normal 0 0 1
    outer loop
      vertex 177.716 -113.915 1.45
      vertex 178.326 -113.12 1.45
      vertex 178 -112.902 1.45
    endloop
  endfacet
  facet normal 0 0 1
    outer loop
      vertex 178.621 -113.379 1.45
      vertex 177.912 -114.088 1.45
      vertex 178.085 -114.284 1.45
    endloop
  endfacet
  facet normal 0 0 1
    outer loop
      vertex 178.326 -113.12 1.45
      vertex 177.716 -113.915 1.45
      vertex 177.912 -114.088 1.45
    endloop
  endfacet
  facet normal 0 0 1
    outer loop
      vertex 177.499 -113.77 1.45
      vertex 178 -112.902 1.45
      vertex 177.648 -112.729 1.45
    endloop
  endfacet
  facet normal 0 0 1
    outer loop
      vertex 178 -112.902 1.45
      vertex 177.499 -113.77 1.45
      vertex 177.716 -113.915 1.45
    endloop
  endfacet
  facet normal 0 0 1
    outer loop
      vertex 177.265 -113.654 1.45
      vertex 177.648 -112.729 1.45
      vertex 177.276 -112.603 1.45
    endloop
  endfacet
  facet normal 0 0 1
    outer loop
      vertex 177.648 -112.729 1.45
      vertex 177.265 -113.654 1.45
      vertex 177.499 -113.77 1.45
    endloop
  endfacet
  facet normal 0 0 1
    outer loop
      vertex 177.276 -112.603 1.45
      vertex 177.017 -113.57 1.45
      vertex 177.265 -113.654 1.45
    endloop
  endfacet
  facet normal 0 0 1
    outer loop
      vertex 176.892 -112.525 1.45
      vertex 177.017 -113.57 1.45
      vertex 177.276 -112.603 1.45
    endloop
  endfacet
  facet normal 0 0 1
    outer loop
      vertex 176.892 -112.525 1.45
      vertex 176.76 -113.519 1.45
      vertex 177.017 -113.57 1.45
    endloop
  endfacet
  facet normal 0 0 1
    outer loop
      vertex 176.5 -112.5 1.45
      vertex 176.76 -113.519 1.45
      vertex 176.892 -112.525 1.45
    endloop
  endfacet
  facet normal 0 0 1
    outer loop
      vertex 176.5 -112.5 1.45
      vertex 176.5 -113.502 1.45
      vertex 176.76 -113.519 1.45
    endloop
  endfacet
  facet normal 0 0 1
    outer loop
      vertex 176.5 -112.5 1.45
      vertex 176.24 -113.519 1.45
      vertex 176.5 -113.502 1.45
    endloop
  endfacet
  facet normal -0 0 1
    outer loop
      vertex 176.108 -112.525 1.45
      vertex 176.24 -113.519 1.45
      vertex 176.5 -112.5 1.45
    endloop
  endfacet
  facet normal 0 0 1
    outer loop
      vertex 176.108 -112.525 1.45
      vertex 175.983 -113.57 1.45
      vertex 176.24 -113.519 1.45
    endloop
  endfacet
  facet normal -0 0 1
    outer loop
      vertex 175.724 -112.603 1.45
      vertex 175.983 -113.57 1.45
      vertex 176.108 -112.525 1.45
    endloop
  endfacet
  facet normal 0 0 1
    outer loop
      vertex 175.983 -113.57 1.45
      vertex 175.724 -112.603 1.45
      vertex 175.735 -113.654 1.45
    endloop
  endfacet
  facet normal -0 0 1
    outer loop
      vertex 175.352 -112.729 1.45
      vertex 175.735 -113.654 1.45
      vertex 175.724 -112.603 1.45
    endloop
  endfacet
  facet normal 0 0 1
    outer loop
      vertex 175.735 -113.654 1.45
      vertex 175.352 -112.729 1.45
      vertex 175.501 -113.77 1.45
    endloop
  endfacet
  facet normal -0 0 1
    outer loop
      vertex 175 -112.902 1.45
      vertex 175.501 -113.77 1.45
      vertex 175.352 -112.729 1.45
    endloop
  endfacet
  facet normal 0 0 1
    outer loop
      vertex 175.501 -113.77 1.45
      vertex 175 -112.902 1.45
      vertex 175.284 -113.915 1.45
    endloop
  endfacet
  facet normal -0 0 1
    outer loop
      vertex 174.674 -113.12 1.45
      vertex 175.284 -113.915 1.45
      vertex 175 -112.902 1.45
    endloop
  endfacet
  facet normal 0 0 1
    outer loop
      vertex 175.284 -113.915 1.45
      vertex 174.674 -113.12 1.45
      vertex 175.088 -114.088 1.45
    endloop
  endfacet
  facet normal -0 0 1
    outer loop
      vertex 174.379 -113.379 1.45
      vertex 175.088 -114.088 1.45
      vertex 174.674 -113.12 1.45
    endloop
  endfacet
  facet normal 0 0 1
    outer loop
      vertex 175.088 -114.088 1.45
      vertex 174.379 -113.379 1.45
      vertex 174.915 -114.284 1.45
    endloop
  endfacet
  facet normal -0 0 1
    outer loop
      vertex 174.12 -113.674 1.45
      vertex 174.915 -114.284 1.45
      vertex 174.379 -113.379 1.45
    endloop
  endfacet
  facet normal 0 0 1
    outer loop
      vertex 174.915 -114.284 1.45
      vertex 174.12 -113.674 1.45
      vertex 174.77 -114.501 1.45
    endloop
  endfacet
  facet normal -0 0 1
    outer loop
      vertex 173.902 -114 1.45
      vertex 174.77 -114.501 1.45
      vertex 174.12 -113.674 1.45
    endloop
  endfacet
  facet normal -0 0 1
    outer loop
      vertex 173.729 -114.352 1.45
      vertex 174.654 -114.735 1.45
      vertex 173.902 -114 1.45
    endloop
  endfacet
  facet normal 0 0 1
    outer loop
      vertex 174.77 -114.501 1.45
      vertex 173.902 -114 1.45
      vertex 174.654 -114.735 1.45
    endloop
  endfacet
  facet normal 0 0 1
    outer loop
      vertex 179.271 -116.648 1.45
      vertex 178.346 -116.265 1.45
      vertex 179.098 -117 1.45
    endloop
  endfacet
  facet normal -0 0 1
    outer loop
      vertex 178.23 -116.499 1.45
      vertex 179.098 -117 1.45
      vertex 178.346 -116.265 1.45
    endloop
  endfacet
  facet normal 0 0 1
    outer loop
      vertex 179.098 -117 1.45
      vertex 178.23 -116.499 1.45
      vertex 178.88 -117.326 1.45
    endloop
  endfacet
  facet normal -0 0 1
    outer loop
      vertex 178.085 -116.716 1.45
      vertex 178.88 -117.326 1.45
      vertex 178.23 -116.499 1.45
    endloop
  endfacet
  facet normal 0 0 1
    outer loop
      vertex 178.88 -117.326 1.45
      vertex 178.085 -116.716 1.45
      vertex 178.621 -117.621 1.45
    endloop
  endfacet
  facet normal -0 0 1
    outer loop
      vertex 177.912 -116.912 1.45
      vertex 178.621 -117.621 1.45
      vertex 178.085 -116.716 1.45
    endloop
  endfacet
  facet normal 0 0 1
    outer loop
      vertex 178.621 -117.621 1.45
      vertex 177.912 -116.912 1.45
      vertex 178.326 -117.88 1.45
    endloop
  endfacet
  facet normal -0 0 1
    outer loop
      vertex 177.716 -117.085 1.45
      vertex 178.326 -117.88 1.45
      vertex 177.912 -116.912 1.45
    endloop
  endfacet
  facet normal 0 0 1
    outer loop
      vertex 178.326 -117.88 1.45
      vertex 177.716 -117.085 1.45
      vertex 178 -118.098 1.45
    endloop
  endfacet
  facet normal -0 0 1
    outer loop
      vertex 177.499 -117.23 1.45
      vertex 178 -118.098 1.45
      vertex 177.716 -117.085 1.45
    endloop
  endfacet
  facet normal 0 0 1
    outer loop
      vertex 178 -118.098 1.45
      vertex 177.499 -117.23 1.45
      vertex 177.648 -118.271 1.45
    endloop
  endfacet
  facet normal -0 0 1
    outer loop
      vertex 177.265 -117.346 1.45
      vertex 177.648 -118.271 1.45
      vertex 177.499 -117.23 1.45
    endloop
  endfacet
  facet normal 0 0 1
    outer loop
      vertex 177.648 -118.271 1.45
      vertex 177.265 -117.346 1.45
      vertex 177.276 -118.397 1.45
    endloop
  endfacet
  facet normal -0 0 1
    outer loop
      vertex 177.017 -117.43 1.45
      vertex 177.276 -118.397 1.45
      vertex 177.265 -117.346 1.45
    endloop
  endfacet
  facet normal 0 0 1
    outer loop
      vertex 177.017 -117.43 1.45
      vertex 176.892 -118.475 1.45
      vertex 177.276 -118.397 1.45
    endloop
  endfacet
  facet normal -0 0 1
    outer loop
      vertex 176.76 -117.481 1.45
      vertex 176.892 -118.475 1.45
      vertex 177.017 -117.43 1.45
    endloop
  endfacet
  facet normal -0 0 1
    outer loop
      vertex 176.5 -117.498 1.45
      vertex 176.892 -118.475 1.45
      vertex 176.76 -117.481 1.45
    endloop
  endfacet
  facet normal 0 0 1
    outer loop
      vertex 176.5 -117.498 1.45
      vertex 176.5 -118.5 1.45
      vertex 176.892 -118.475 1.45
    endloop
  endfacet
  facet normal 0 0 1
    outer loop
      vertex 176.24 -117.481 1.45
      vertex 176.5 -118.5 1.45
      vertex 176.5 -117.498 1.45
    endloop
  endfacet
  facet normal 0 0 1
    outer loop
      vertex 176.24 -117.481 1.45
      vertex 176.108 -118.475 1.45
      vertex 176.5 -118.5 1.45
    endloop
  endfacet
  facet normal 0 0 1
    outer loop
      vertex 175.983 -117.43 1.45
      vertex 176.108 -118.475 1.45
      vertex 176.24 -117.481 1.45
    endloop
  endfacet
  facet normal 0 0 1
    outer loop
      vertex 175.724 -118.397 1.45
      vertex 175.983 -117.43 1.45
      vertex 175.735 -117.346 1.45
    endloop
  endfacet
  facet normal 0 0 1
    outer loop
      vertex 175.983 -117.43 1.45
      vertex 175.724 -118.397 1.45
      vertex 176.108 -118.475 1.45
    endloop
  endfacet
  facet normal 0 0 1
    outer loop
      vertex 175.352 -118.271 1.45
      vertex 175.735 -117.346 1.45
      vertex 175.501 -117.23 1.45
    endloop
  endfacet
  facet normal 0 0 1
    outer loop
      vertex 175.735 -117.346 1.45
      vertex 175.352 -118.271 1.45
      vertex 175.724 -118.397 1.45
    endloop
  endfacet
  facet normal 0 0 1
    outer loop
      vertex 175 -118.098 1.45
      vertex 175.501 -117.23 1.45
      vertex 175.284 -117.085 1.45
    endloop
  endfacet
  facet normal 0 0 1
    outer loop
      vertex 174.674 -117.88 1.45
      vertex 175.284 -117.085 1.45
      vertex 175.088 -116.912 1.45
    endloop
  endfacet
  facet normal 0 0 1
    outer loop
      vertex 175.501 -117.23 1.45
      vertex 175 -118.098 1.45
      vertex 175.352 -118.271 1.45
    endloop
  endfacet
  facet normal 0 0 1
    outer loop
      vertex 174.379 -117.621 1.45
      vertex 175.088 -116.912 1.45
      vertex 174.915 -116.716 1.45
    endloop
  endfacet
  facet normal 0 0 1
    outer loop
      vertex 174.12 -117.326 1.45
      vertex 174.915 -116.716 1.45
      vertex 174.77 -116.499 1.45
    endloop
  endfacet
  facet normal 0 0 1
    outer loop
      vertex 175.284 -117.085 1.45
      vertex 174.674 -117.88 1.45
      vertex 175 -118.098 1.45
    endloop
  endfacet
  facet normal 0 0 1
    outer loop
      vertex 173.902 -117 1.45
      vertex 174.77 -116.499 1.45
      vertex 174.654 -116.265 1.45
    endloop
  endfacet
  facet normal 0 0 1
    outer loop
      vertex 173.729 -116.648 1.45
      vertex 174.654 -116.265 1.45
      vertex 174.57 -116.017 1.45
    endloop
  endfacet
  facet normal 0 0 1
    outer loop
      vertex 173.603 -116.276 1.45
      vertex 174.57 -116.017 1.45
      vertex 174.519 -115.76 1.45
    endloop
  endfacet
  facet normal 0 0 1
    outer loop
      vertex 175.088 -116.912 1.45
      vertex 174.379 -117.621 1.45
      vertex 174.674 -117.88 1.45
    endloop
  endfacet
  facet normal 0 0 1
    outer loop
      vertex 173.525 -115.892 1.45
      vertex 174.519 -115.76 1.45
      vertex 174.502 -115.5 1.45
    endloop
  endfacet
  facet normal 0 0 1
    outer loop
      vertex 174.654 -114.735 1.45
      vertex 173.729 -114.352 1.45
      vertex 174.57 -114.983 1.45
    endloop
  endfacet
  facet normal -0 0 1
    outer loop
      vertex 173.603 -114.724 1.45
      vertex 174.57 -114.983 1.45
      vertex 173.729 -114.352 1.45
    endloop
  endfacet
  facet normal 0 0 1
    outer loop
      vertex 174.915 -116.716 1.45
      vertex 174.12 -117.326 1.45
      vertex 174.379 -117.621 1.45
    endloop
  endfacet
  facet normal 0 0 1
    outer loop
      vertex 174.57 -114.983 1.45
      vertex 173.603 -114.724 1.45
      vertex 174.519 -115.24 1.45
    endloop
  endfacet
  facet normal 0 0 1
    outer loop
      vertex 174.77 -116.499 1.45
      vertex 173.902 -117 1.45
      vertex 174.12 -117.326 1.45
    endloop
  endfacet
  facet normal -0 0 1
    outer loop
      vertex 173.525 -115.108 1.45
      vertex 174.519 -115.24 1.45
      vertex 173.603 -114.724 1.45
    endloop
  endfacet
  facet normal 0 0 1
    outer loop
      vertex 174.654 -116.265 1.45
      vertex 173.729 -116.648 1.45
      vertex 173.902 -117 1.45
    endloop
  endfacet
  facet normal 0 0 1
    outer loop
      vertex 174.519 -115.24 1.45
      vertex 173.525 -115.108 1.45
      vertex 174.502 -115.5 1.45
    endloop
  endfacet
  facet normal 0 0 1
    outer loop
      vertex 174.57 -116.017 1.45
      vertex 173.603 -116.276 1.45
      vertex 173.729 -116.648 1.45
    endloop
  endfacet
  facet normal 0 0 1
    outer loop
      vertex 173.5 -115.5 1.45
      vertex 174.502 -115.5 1.45
      vertex 173.525 -115.108 1.45
    endloop
  endfacet
  facet normal 0 0 1
    outer loop
      vertex 174.519 -115.76 1.45
      vertex 173.525 -115.892 1.45
      vertex 173.603 -116.276 1.45
    endloop
  endfacet
  facet normal 0 0 1
    outer loop
      vertex 174.502 -115.5 1.45
      vertex 173.5 -115.5 1.45
      vertex 173.525 -115.892 1.45
    endloop
  endfacet
  facet normal 0.556474 -0.830865 0
    outer loop
      vertex 193.883 -131.424 0
      vertex 194.207 -131.207 1.45
      vertex 193.883 -131.424 1.45
    endloop
  endfacet
  facet normal 0.556474 -0.830865 0
    outer loop
      vertex 194.207 -131.207 1.45
      vertex 193.883 -131.424 0
      vertex 194.207 -131.207 0
    endloop
  endfacet
  facet normal 0.830865 -0.556474 0
    outer loop
      vertex 194.207 -131.207 1.45
      vertex 194.424 -130.883 0
      vertex 194.424 -130.883 1.45
    endloop
  endfacet
  facet normal 0.830865 -0.556474 0
    outer loop
      vertex 194.424 -130.883 0
      vertex 194.207 -131.207 1.45
      vertex 194.207 -131.207 0
    endloop
  endfacet
  facet normal 0.980875 -0.194638 0
    outer loop
      vertex 194.424 -130.883 1.45
      vertex 194.5 -130.5 0
      vertex 194.5 -130.5 1.45
    endloop
  endfacet
  facet normal 0.980875 -0.194638 0
    outer loop
      vertex 194.5 -130.5 0
      vertex 194.424 -130.883 1.45
      vertex 194.424 -130.883 0
    endloop
  endfacet
  facet normal 1 -0 0
    outer loop
      vertex 194.5 -130.5 1.45
      vertex 194.5 -30.5 0
      vertex 194.5 -30.5 1.45
    endloop
  endfacet
  facet normal 1 0 0
    outer loop
      vertex 194.5 -30.5 0
      vertex 194.5 -130.5 1.45
      vertex 194.5 -130.5 0
    endloop
  endfacet
  facet normal 0.980846 0.194785 0
    outer loop
      vertex 194.5 -30.5 1.45
      vertex 194.424 -30.1173 0
      vertex 194.424 -30.1173 1.45
    endloop
  endfacet
  facet normal 0.980846 0.194785 0
    outer loop
      vertex 194.424 -30.1173 0
      vertex 194.5 -30.5 1.45
      vertex 194.5 -30.5 0
    endloop
  endfacet
  facet normal 0.831182 0.556 0
    outer loop
      vertex 194.424 -30.1173 1.45
      vertex 194.207 -29.7929 0
      vertex 194.207 -29.7929 1.45
    endloop
  endfacet
  facet normal 0.831182 0.556 0
    outer loop
      vertex 194.207 -29.7929 0
      vertex 194.424 -30.1173 1.45
      vertex 194.424 -30.1173 0
    endloop
  endfacet
  facet normal 0.55612 0.831102 -0
    outer loop
      vertex 194.207 -29.7929 0
      vertex 193.883 -29.5761 1.45
      vertex 194.207 -29.7929 1.45
    endloop
  endfacet
  facet normal 0.55612 0.831102 0
    outer loop
      vertex 193.883 -29.5761 1.45
      vertex 194.207 -29.7929 0
      vertex 193.883 -29.5761 0
    endloop
  endfacet
  facet normal 0.194885 0.980826 -0
    outer loop
      vertex 193.883 -29.5761 0
      vertex 193.5 -29.5 1.45
      vertex 193.883 -29.5761 1.45
    endloop
  endfacet
  facet normal 0.194885 0.980826 0
    outer loop
      vertex 193.5 -29.5 1.45
      vertex 193.883 -29.5761 0
      vertex 193.5 -29.5 0
    endloop
  endfacet
  facet normal 0 1 -0
    outer loop
      vertex 193.5 -29.5 0
      vertex 93.5 -29.5 1.45
      vertex 193.5 -29.5 1.45
    endloop
  endfacet
  facet normal 0 1 0
    outer loop
      vertex 93.5 -29.5 1.45
      vertex 193.5 -29.5 0
      vertex 93.5 -29.5 0
    endloop
  endfacet
  facet normal -0.195032 0.980797 0
    outer loop
      vertex 93.5 -29.5 0
      vertex 93.1173 -29.5761 1.45
      vertex 93.5 -29.5 1.45
    endloop
  endfacet
  facet normal -0.195032 0.980797 0
    outer loop
      vertex 93.1173 -29.5761 1.45
      vertex 93.5 -29.5 0
      vertex 93.1173 -29.5761 0
    endloop
  endfacet
  facet normal -0.555646 0.831419 0
    outer loop
      vertex 93.1173 -29.5761 0
      vertex 92.7929 -29.7929 1.45
      vertex 93.1173 -29.5761 1.45
    endloop
  endfacet
  facet normal -0.555646 0.831419 0
    outer loop
      vertex 92.7929 -29.7929 1.45
      vertex 93.1173 -29.5761 0
      vertex 92.7929 -29.7929 0
    endloop
  endfacet
  facet normal -0.831419 0.555646 0
    outer loop
      vertex 92.5761 -30.1173 0
      vertex 92.7929 -29.7929 1.45
      vertex 92.7929 -29.7929 0
    endloop
  endfacet
  facet normal -0.831419 0.555646 0
    outer loop
      vertex 92.7929 -29.7929 1.45
      vertex 92.5761 -30.1173 0
      vertex 92.5761 -30.1173 1.45
    endloop
  endfacet
  facet normal -0.980797 0.195032 0
    outer loop
      vertex 92.5 -30.5 0
      vertex 92.5761 -30.1173 1.45
      vertex 92.5761 -30.1173 0
    endloop
  endfacet
  facet normal -0.980797 0.195032 0
    outer loop
      vertex 92.5761 -30.1173 1.45
      vertex 92.5 -30.5 0
      vertex 92.5 -30.5 1.45
    endloop
  endfacet
  facet normal -1 0 0
    outer loop
      vertex 92.5 -130.5 0
      vertex 92.5 -30.5 1.45
      vertex 92.5 -30.5 0
    endloop
  endfacet
  facet normal -1 -0 0
    outer loop
      vertex 92.5 -30.5 1.45
      vertex 92.5 -130.5 0
      vertex 92.5 -130.5 1.45
    endloop
  endfacet
  facet normal -0.980826 -0.194885 0
    outer loop
      vertex 92.5761 -130.883 0
      vertex 92.5 -130.5 1.45
      vertex 92.5 -130.5 0
    endloop
  endfacet
  facet normal -0.980826 -0.194885 0
    outer loop
      vertex 92.5 -130.5 1.45
      vertex 92.5761 -130.883 0
      vertex 92.5761 -130.883 1.45
    endloop
  endfacet
  facet normal -0.831102 -0.55612 0
    outer loop
      vertex 92.7929 -131.207 0
      vertex 92.5761 -130.883 1.45
      vertex 92.5761 -130.883 0
    endloop
  endfacet
  facet normal -0.831102 -0.55612 0
    outer loop
      vertex 92.5761 -130.883 1.45
      vertex 92.7929 -131.207 0
      vertex 92.7929 -131.207 1.45
    endloop
  endfacet
  facet normal -0.556 -0.831182 0
    outer loop
      vertex 92.7929 -131.207 0
      vertex 93.1173 -131.424 1.45
      vertex 92.7929 -131.207 1.45
    endloop
  endfacet
  facet normal -0.556 -0.831182 -0
    outer loop
      vertex 93.1173 -131.424 1.45
      vertex 92.7929 -131.207 0
      vertex 93.1173 -131.424 0
    endloop
  endfacet
  facet normal -0.194785 -0.980846 0
    outer loop
      vertex 93.1173 -131.424 0
      vertex 93.5 -131.5 1.45
      vertex 93.1173 -131.424 1.45
    endloop
  endfacet
  facet normal -0.194785 -0.980846 -0
    outer loop
      vertex 93.5 -131.5 1.45
      vertex 93.1173 -131.424 0
      vertex 93.5 -131.5 0
    endloop
  endfacet
  facet normal 0 -1 0
    outer loop
      vertex 93.5 -131.5 0
      vertex 193.5 -131.5 1.45
      vertex 93.5 -131.5 1.45
    endloop
  endfacet
  facet normal 0 -1 -0
    outer loop
      vertex 193.5 -131.5 1.45
      vertex 93.5 -131.5 0
      vertex 193.5 -131.5 0
    endloop
  endfacet
  facet normal 0.194638 -0.980875 0
    outer loop
      vertex 193.5 -131.5 0
      vertex 193.883 -131.424 1.45
      vertex 193.5 -131.5 1.45
    endloop
  endfacet
  facet normal 0.194638 -0.980875 0
    outer loop
      vertex 193.883 -131.424 1.45
      vertex 193.5 -131.5 0
      vertex 193.883 -131.424 0
    endloop
  endfacet
  facet normal 0.196116 0.980581 -0
    outer loop
      vertex 108.24 -44.481 0
      vertex 107.983 -44.4296 1.45
      vertex 108.24 -44.481 1.45
    endloop
  endfacet
  facet normal 0.196116 0.980581 0
    outer loop
      vertex 107.983 -44.4296 1.45
      vertex 108.24 -44.481 0
      vertex 107.983 -44.4296 0
    endloop
  endfacet
  facet normal 0.320807 0.947145 -0
    outer loop
      vertex 107.983 -44.4296 0
      vertex 107.735 -44.3456 1.45
      vertex 107.983 -44.4296 1.45
    endloop
  endfacet
  facet normal 0.320807 0.947145 0
    outer loop
      vertex 107.735 -44.3456 1.45
      vertex 107.983 -44.4296 0
      vertex 107.735 -44.3456 0
    endloop
  endfacet
  facet normal 0.442917 0.896563 -0
    outer loop
      vertex 107.735 -44.3456 0
      vertex 107.501 -44.23 1.45
      vertex 107.735 -44.3456 1.45
    endloop
  endfacet
  facet normal 0.442917 0.896563 0
    outer loop
      vertex 107.501 -44.23 1.45
      vertex 107.735 -44.3456 0
      vertex 107.501 -44.23 0
    endloop
  endfacet
  facet normal 0.556114 0.831106 -0
    outer loop
      vertex 107.501 -44.23 0
      vertex 107.284 -44.0848 1.45
      vertex 107.501 -44.23 1.45
    endloop
  endfacet
  facet normal 0.556114 0.831106 0
    outer loop
      vertex 107.284 -44.0848 1.45
      vertex 107.501 -44.23 0
      vertex 107.284 -44.0848 0
    endloop
  endfacet
  facet normal 0.660239 0.751055 -0
    outer loop
      vertex 107.284 -44.0848 0
      vertex 107.088 -43.9125 1.45
      vertex 107.284 -44.0848 1.45
    endloop
  endfacet
  facet normal 0.660239 0.751055 0
    outer loop
      vertex 107.088 -43.9125 1.45
      vertex 107.284 -44.0848 0
      vertex 107.088 -43.9125 0
    endloop
  endfacet
  facet normal 0.750395 0.66099 0
    outer loop
      vertex 107.088 -43.9125 1.45
      vertex 106.915 -43.7161 0
      vertex 106.915 -43.7161 1.45
    endloop
  endfacet
  facet normal 0.750395 0.66099 0
    outer loop
      vertex 106.915 -43.7161 0
      vertex 107.088 -43.9125 1.45
      vertex 107.088 -43.9125 0
    endloop
  endfacet
  facet normal 0.831933 0.554877 0
    outer loop
      vertex 106.915 -43.7161 1.45
      vertex 106.77 -43.4987 0
      vertex 106.77 -43.4987 1.45
    endloop
  endfacet
  facet normal 0.831933 0.554877 0
    outer loop
      vertex 106.77 -43.4987 0
      vertex 106.915 -43.7161 1.45
      vertex 106.915 -43.7161 0
    endloop
  endfacet
  facet normal 0.895878 0.4443 0
    outer loop
      vertex 106.77 -43.4987 1.45
      vertex 106.654 -43.2648 0
      vertex 106.654 -43.2648 1.45
    endloop
  endfacet
  facet normal 0.895878 0.4443 0
    outer loop
      vertex 106.654 -43.2648 0
      vertex 106.77 -43.4987 1.45
      vertex 106.77 -43.4987 0
    endloop
  endfacet
  facet normal 0.947184 0.320691 0
    outer loop
      vertex 106.654 -43.2648 1.45
      vertex 106.57 -43.0167 0
      vertex 106.57 -43.0167 1.45
    endloop
  endfacet
  facet normal 0.947184 0.320691 0
    outer loop
      vertex 106.57 -43.0167 0
      vertex 106.654 -43.2648 1.45
      vertex 106.654 -43.2648 0
    endloop
  endfacet
  facet normal 0.980772 0.195159 0
    outer loop
      vertex 106.57 -43.0167 1.45
      vertex 106.519 -42.7604 0
      vertex 106.519 -42.7604 1.45
    endloop
  endfacet
  facet normal 0.980772 0.195159 0
    outer loop
      vertex 106.519 -42.7604 0
      vertex 106.57 -43.0167 1.45
      vertex 106.57 -43.0167 0
    endloop
  endfacet
  facet normal 0.997876 0.0651455 0
    outer loop
      vertex 106.519 -42.7604 1.45
      vertex 106.502 -42.5 0
      vertex 106.502 -42.5 1.45
    endloop
  endfacet
  facet normal 0.997876 0.0651455 0
    outer loop
      vertex 106.502 -42.5 0
      vertex 106.519 -42.7604 1.45
      vertex 106.519 -42.7604 0
    endloop
  endfacet
  facet normal 0.997876 -0.0651455 0
    outer loop
      vertex 106.502 -42.5 1.45
      vertex 106.519 -42.2396 0
      vertex 106.519 -42.2396 1.45
    endloop
  endfacet
  facet normal 0.997876 -0.0651455 0
    outer loop
      vertex 106.519 -42.2396 0
      vertex 106.502 -42.5 1.45
      vertex 106.502 -42.5 0
    endloop
  endfacet
  facet normal 0.980772 -0.195159 0
    outer loop
      vertex 106.519 -42.2396 1.45
      vertex 106.57 -41.9833 0
      vertex 106.57 -41.9833 1.45
    endloop
  endfacet
  facet normal 0.980772 -0.195159 0
    outer loop
      vertex 106.57 -41.9833 0
      vertex 106.519 -42.2396 1.45
      vertex 106.519 -42.2396 0
    endloop
  endfacet
  facet normal 0.947184 -0.320691 0
    outer loop
      vertex 106.57 -41.9833 1.45
      vertex 106.654 -41.7352 0
      vertex 106.654 -41.7352 1.45
    endloop
  endfacet
  facet normal 0.947184 -0.320691 0
    outer loop
      vertex 106.654 -41.7352 0
      vertex 106.57 -41.9833 1.45
      vertex 106.57 -41.9833 0
    endloop
  endfacet
  facet normal 0.895878 -0.4443 0
    outer loop
      vertex 106.654 -41.7352 1.45
      vertex 106.77 -41.5013 0
      vertex 106.77 -41.5013 1.45
    endloop
  endfacet
  facet normal 0.895878 -0.4443 0
    outer loop
      vertex 106.77 -41.5013 0
      vertex 106.654 -41.7352 1.45
      vertex 106.654 -41.7352 0
    endloop
  endfacet
  facet normal 0.831933 -0.554877 0
    outer loop
      vertex 106.77 -41.5013 1.45
      vertex 106.915 -41.2839 0
      vertex 106.915 -41.2839 1.45
    endloop
  endfacet
  facet normal 0.831933 -0.554877 0
    outer loop
      vertex 106.915 -41.2839 0
      vertex 106.77 -41.5013 1.45
      vertex 106.77 -41.5013 0
    endloop
  endfacet
  facet normal 0.750395 -0.66099 0
    outer loop
      vertex 106.915 -41.2839 1.45
      vertex 107.088 -41.0875 0
      vertex 107.088 -41.0875 1.45
    endloop
  endfacet
  facet normal 0.750395 -0.66099 0
    outer loop
      vertex 107.088 -41.0875 0
      vertex 106.915 -41.2839 1.45
      vertex 106.915 -41.2839 0
    endloop
  endfacet
  facet normal 0.660239 -0.751055 0
    outer loop
      vertex 107.088 -41.0875 0
      vertex 107.284 -40.9152 1.45
      vertex 107.088 -41.0875 1.45
    endloop
  endfacet
  facet normal 0.660239 -0.751055 0
    outer loop
      vertex 107.284 -40.9152 1.45
      vertex 107.088 -41.0875 0
      vertex 107.284 -40.9152 0
    endloop
  endfacet
  facet normal 0.556114 -0.831106 0
    outer loop
      vertex 107.284 -40.9152 0
      vertex 107.501 -40.77 1.45
      vertex 107.284 -40.9152 1.45
    endloop
  endfacet
  facet normal 0.556114 -0.831106 0
    outer loop
      vertex 107.501 -40.77 1.45
      vertex 107.284 -40.9152 0
      vertex 107.501 -40.77 0
    endloop
  endfacet
  facet normal 0.442917 -0.896563 0
    outer loop
      vertex 107.501 -40.77 0
      vertex 107.735 -40.6544 1.45
      vertex 107.501 -40.77 1.45
    endloop
  endfacet
  facet normal 0.442917 -0.896563 0
    outer loop
      vertex 107.735 -40.6544 1.45
      vertex 107.501 -40.77 0
      vertex 107.735 -40.6544 0
    endloop
  endfacet
  facet normal 0.320807 -0.947145 0
    outer loop
      vertex 107.735 -40.6544 0
      vertex 107.983 -40.5704 1.45
      vertex 107.735 -40.6544 1.45
    endloop
  endfacet
  facet normal 0.320807 -0.947145 0
    outer loop
      vertex 107.983 -40.5704 1.45
      vertex 107.735 -40.6544 0
      vertex 107.983 -40.5704 0
    endloop
  endfacet
  facet normal 0.196116 -0.980581 0
    outer loop
      vertex 107.983 -40.5704 0
      vertex 108.24 -40.519 1.45
      vertex 107.983 -40.5704 1.45
    endloop
  endfacet
  facet normal 0.196116 -0.980581 0
    outer loop
      vertex 108.24 -40.519 1.45
      vertex 107.983 -40.5704 0
      vertex 108.24 -40.519 0
    endloop
  endfacet
  facet normal 0.0648631 -0.997894 0
    outer loop
      vertex 108.24 -40.519 0
      vertex 108.5 -40.5021 1.45
      vertex 108.24 -40.519 1.45
    endloop
  endfacet
  facet normal 0.0648631 -0.997894 0
    outer loop
      vertex 108.5 -40.5021 1.45
      vertex 108.24 -40.519 0
      vertex 108.5 -40.5021 0
    endloop
  endfacet
  facet normal -0.0648631 -0.997894 0
    outer loop
      vertex 108.5 -40.5021 0
      vertex 108.76 -40.519 1.45
      vertex 108.5 -40.5021 1.45
    endloop
  endfacet
  facet normal -0.0648631 -0.997894 -0
    outer loop
      vertex 108.76 -40.519 1.45
      vertex 108.5 -40.5021 0
      vertex 108.76 -40.519 0
    endloop
  endfacet
  facet normal -0.196116 -0.980581 0
    outer loop
      vertex 108.76 -40.519 0
      vertex 109.017 -40.5704 1.45
      vertex 108.76 -40.519 1.45
    endloop
  endfacet
  facet normal -0.196116 -0.980581 -0
    outer loop
      vertex 109.017 -40.5704 1.45
      vertex 108.76 -40.519 0
      vertex 109.017 -40.5704 0
    endloop
  endfacet
  facet normal -0.320807 -0.947145 0
    outer loop
      vertex 109.017 -40.5704 0
      vertex 109.265 -40.6544 1.45
      vertex 109.017 -40.5704 1.45
    endloop
  endfacet
  facet normal -0.320807 -0.947145 -0
    outer loop
      vertex 109.265 -40.6544 1.45
      vertex 109.017 -40.5704 0
      vertex 109.265 -40.6544 0
    endloop
  endfacet
  facet normal -0.442917 -0.896563 0
    outer loop
      vertex 109.265 -40.6544 0
      vertex 109.499 -40.77 1.45
      vertex 109.265 -40.6544 1.45
    endloop
  endfacet
  facet normal -0.442917 -0.896563 -0
    outer loop
      vertex 109.499 -40.77 1.45
      vertex 109.265 -40.6544 0
      vertex 109.499 -40.77 0
    endloop
  endfacet
  facet normal -0.556114 -0.831106 0
    outer loop
      vertex 109.499 -40.77 0
      vertex 109.716 -40.9152 1.45
      vertex 109.499 -40.77 1.45
    endloop
  endfacet
  facet normal -0.556114 -0.831106 -0
    outer loop
      vertex 109.716 -40.9152 1.45
      vertex 109.499 -40.77 0
      vertex 109.716 -40.9152 0
    endloop
  endfacet
  facet normal -0.660239 -0.751055 0
    outer loop
      vertex 109.716 -40.9152 0
      vertex 109.912 -41.0875 1.45
      vertex 109.716 -40.9152 1.45
    endloop
  endfacet
  facet normal -0.660239 -0.751055 -0
    outer loop
      vertex 109.912 -41.0875 1.45
      vertex 109.716 -40.9152 0
      vertex 109.912 -41.0875 0
    endloop
  endfacet
  facet normal -0.750395 -0.66099 0
    outer loop
      vertex 110.085 -41.2839 0
      vertex 109.912 -41.0875 1.45
      vertex 109.912 -41.0875 0
    endloop
  endfacet
  facet normal -0.750395 -0.66099 0
    outer loop
      vertex 109.912 -41.0875 1.45
      vertex 110.085 -41.2839 0
      vertex 110.085 -41.2839 1.45
    endloop
  endfacet
  facet normal -0.831933 -0.554877 0
    outer loop
      vertex 110.23 -41.5013 0
      vertex 110.085 -41.2839 1.45
      vertex 110.085 -41.2839 0
    endloop
  endfacet
  facet normal -0.831933 -0.554877 0
    outer loop
      vertex 110.085 -41.2839 1.45
      vertex 110.23 -41.5013 0
      vertex 110.23 -41.5013 1.45
    endloop
  endfacet
  facet normal -0.895878 -0.4443 0
    outer loop
      vertex 110.346 -41.7352 0
      vertex 110.23 -41.5013 1.45
      vertex 110.23 -41.5013 0
    endloop
  endfacet
  facet normal -0.895878 -0.4443 0
    outer loop
      vertex 110.23 -41.5013 1.45
      vertex 110.346 -41.7352 0
      vertex 110.346 -41.7352 1.45
    endloop
  endfacet
  facet normal -0.947184 -0.320691 0
    outer loop
      vertex 110.43 -41.9833 0
      vertex 110.346 -41.7352 1.45
      vertex 110.346 -41.7352 0
    endloop
  endfacet
  facet normal -0.947184 -0.320691 0
    outer loop
      vertex 110.346 -41.7352 1.45
      vertex 110.43 -41.9833 0
      vertex 110.43 -41.9833 1.45
    endloop
  endfacet
  facet normal -0.980772 -0.195159 0
    outer loop
      vertex 110.481 -42.2396 0
      vertex 110.43 -41.9833 1.45
      vertex 110.43 -41.9833 0
    endloop
  endfacet
  facet normal -0.980772 -0.195159 0
    outer loop
      vertex 110.43 -41.9833 1.45
      vertex 110.481 -42.2396 0
      vertex 110.481 -42.2396 1.45
    endloop
  endfacet
  facet normal -0.997876 -0.0651455 0
    outer loop
      vertex 110.498 -42.5 0
      vertex 110.481 -42.2396 1.45
      vertex 110.481 -42.2396 0
    endloop
  endfacet
  facet normal -0.997876 -0.0651455 0
    outer loop
      vertex 110.481 -42.2396 1.45
      vertex 110.498 -42.5 0
      vertex 110.498 -42.5 1.45
    endloop
  endfacet
  facet normal -0.997876 0.0651455 0
    outer loop
      vertex 110.481 -42.7604 0
      vertex 110.498 -42.5 1.45
      vertex 110.498 -42.5 0
    endloop
  endfacet
  facet normal -0.997876 0.0651455 0
    outer loop
      vertex 110.498 -42.5 1.45
      vertex 110.481 -42.7604 0
      vertex 110.481 -42.7604 1.45
    endloop
  endfacet
  facet normal -0.980772 0.195159 0
    outer loop
      vertex 110.43 -43.0167 0
      vertex 110.481 -42.7604 1.45
      vertex 110.481 -42.7604 0
    endloop
  endfacet
  facet normal -0.980772 0.195159 0
    outer loop
      vertex 110.481 -42.7604 1.45
      vertex 110.43 -43.0167 0
      vertex 110.43 -43.0167 1.45
    endloop
  endfacet
  facet normal -0.947184 0.320691 0
    outer loop
      vertex 110.346 -43.2648 0
      vertex 110.43 -43.0167 1.45
      vertex 110.43 -43.0167 0
    endloop
  endfacet
  facet normal -0.947184 0.320691 0
    outer loop
      vertex 110.43 -43.0167 1.45
      vertex 110.346 -43.2648 0
      vertex 110.346 -43.2648 1.45
    endloop
  endfacet
  facet normal -0.895878 0.4443 0
    outer loop
      vertex 110.23 -43.4987 0
      vertex 110.346 -43.2648 1.45
      vertex 110.346 -43.2648 0
    endloop
  endfacet
  facet normal -0.895878 0.4443 0
    outer loop
      vertex 110.346 -43.2648 1.45
      vertex 110.23 -43.4987 0
      vertex 110.23 -43.4987 1.45
    endloop
  endfacet
  facet normal -0.831933 0.554877 0
    outer loop
      vertex 110.085 -43.7161 0
      vertex 110.23 -43.4987 1.45
      vertex 110.23 -43.4987 0
    endloop
  endfacet
  facet normal -0.831933 0.554877 0
    outer loop
      vertex 110.23 -43.4987 1.45
      vertex 110.085 -43.7161 0
      vertex 110.085 -43.7161 1.45
    endloop
  endfacet
  facet normal -0.750395 0.66099 0
    outer loop
      vertex 109.912 -43.9125 0
      vertex 110.085 -43.7161 1.45
      vertex 110.085 -43.7161 0
    endloop
  endfacet
  facet normal -0.750395 0.66099 0
    outer loop
      vertex 110.085 -43.7161 1.45
      vertex 109.912 -43.9125 0
      vertex 109.912 -43.9125 1.45
    endloop
  endfacet
  facet normal -0.660239 0.751055 0
    outer loop
      vertex 109.912 -43.9125 0
      vertex 109.716 -44.0848 1.45
      vertex 109.912 -43.9125 1.45
    endloop
  endfacet
  facet normal -0.660239 0.751055 0
    outer loop
      vertex 109.716 -44.0848 1.45
      vertex 109.912 -43.9125 0
      vertex 109.716 -44.0848 0
    endloop
  endfacet
  facet normal -0.556114 0.831106 0
    outer loop
      vertex 109.716 -44.0848 0
      vertex 109.499 -44.23 1.45
      vertex 109.716 -44.0848 1.45
    endloop
  endfacet
  facet normal -0.556114 0.831106 0
    outer loop
      vertex 109.499 -44.23 1.45
      vertex 109.716 -44.0848 0
      vertex 109.499 -44.23 0
    endloop
  endfacet
  facet normal -0.442917 0.896563 0
    outer loop
      vertex 109.499 -44.23 0
      vertex 109.265 -44.3456 1.45
      vertex 109.499 -44.23 1.45
    endloop
  endfacet
  facet normal -0.442917 0.896563 0
    outer loop
      vertex 109.265 -44.3456 1.45
      vertex 109.499 -44.23 0
      vertex 109.265 -44.3456 0
    endloop
  endfacet
  facet normal -0.320807 0.947145 0
    outer loop
      vertex 109.265 -44.3456 0
      vertex 109.017 -44.4296 1.45
      vertex 109.265 -44.3456 1.45
    endloop
  endfacet
  facet normal -0.320807 0.947145 0
    outer loop
      vertex 109.017 -44.4296 1.45
      vertex 109.265 -44.3456 0
      vertex 109.017 -44.4296 0
    endloop
  endfacet
  facet normal -0.196116 0.980581 0
    outer loop
      vertex 109.017 -44.4296 0
      vertex 108.76 -44.481 1.45
      vertex 109.017 -44.4296 1.45
    endloop
  endfacet
  facet normal -0.196116 0.980581 0
    outer loop
      vertex 108.76 -44.481 1.45
      vertex 109.017 -44.4296 0
      vertex 108.76 -44.481 0
    endloop
  endfacet
  facet normal -0.0648631 0.997894 0
    outer loop
      vertex 108.76 -44.481 0
      vertex 108.5 -44.4979 1.45
      vertex 108.76 -44.481 1.45
    endloop
  endfacet
  facet normal -0.0648631 0.997894 0
    outer loop
      vertex 108.5 -44.4979 1.45
      vertex 108.76 -44.481 0
      vertex 108.5 -44.4979 0
    endloop
  endfacet
  facet normal 0.0648631 0.997894 -0
    outer loop
      vertex 108.5 -44.4979 0
      vertex 108.24 -44.481 1.45
      vertex 108.5 -44.4979 1.45
    endloop
  endfacet
  facet normal 0.0648631 0.997894 0
    outer loop
      vertex 108.24 -44.481 1.45
      vertex 108.5 -44.4979 0
      vertex 108.24 -44.481 0
    endloop
  endfacet
  facet normal 0.196116 0.980581 -0
    outer loop
      vertex 176.24 -44.481 0
      vertex 175.983 -44.4296 1.45
      vertex 176.24 -44.481 1.45
    endloop
  endfacet
  facet normal 0.196116 0.980581 0
    outer loop
      vertex 175.983 -44.4296 1.45
      vertex 176.24 -44.481 0
      vertex 175.983 -44.4296 0
    endloop
  endfacet
  facet normal 0.320807 0.947145 -0
    outer loop
      vertex 175.983 -44.4296 0
      vertex 175.735 -44.3456 1.45
      vertex 175.983 -44.4296 1.45
    endloop
  endfacet
  facet normal 0.320807 0.947145 0
    outer loop
      vertex 175.735 -44.3456 1.45
      vertex 175.983 -44.4296 0
      vertex 175.735 -44.3456 0
    endloop
  endfacet
  facet normal 0.442917 0.896563 -0
    outer loop
      vertex 175.735 -44.3456 0
      vertex 175.501 -44.23 1.45
      vertex 175.735 -44.3456 1.45
    endloop
  endfacet
  facet normal 0.442917 0.896563 0
    outer loop
      vertex 175.501 -44.23 1.45
      vertex 175.735 -44.3456 0
      vertex 175.501 -44.23 0
    endloop
  endfacet
  facet normal 0.556114 0.831106 -0
    outer loop
      vertex 175.501 -44.23 0
      vertex 175.284 -44.0848 1.45
      vertex 175.501 -44.23 1.45
    endloop
  endfacet
  facet normal 0.556114 0.831106 0
    outer loop
      vertex 175.284 -44.0848 1.45
      vertex 175.501 -44.23 0
      vertex 175.284 -44.0848 0
    endloop
  endfacet
  facet normal 0.660239 0.751055 -0
    outer loop
      vertex 175.284 -44.0848 0
      vertex 175.088 -43.9125 1.45
      vertex 175.284 -44.0848 1.45
    endloop
  endfacet
  facet normal 0.660239 0.751055 0
    outer loop
      vertex 175.088 -43.9125 1.45
      vertex 175.284 -44.0848 0
      vertex 175.088 -43.9125 0
    endloop
  endfacet
  facet normal 0.750395 0.66099 0
    outer loop
      vertex 175.088 -43.9125 1.45
      vertex 174.915 -43.7161 0
      vertex 174.915 -43.7161 1.45
    endloop
  endfacet
  facet normal 0.750395 0.66099 0
    outer loop
      vertex 174.915 -43.7161 0
      vertex 175.088 -43.9125 1.45
      vertex 175.088 -43.9125 0
    endloop
  endfacet
  facet normal 0.831933 0.554877 0
    outer loop
      vertex 174.915 -43.7161 1.45
      vertex 174.77 -43.4987 0
      vertex 174.77 -43.4987 1.45
    endloop
  endfacet
  facet normal 0.831933 0.554877 0
    outer loop
      vertex 174.77 -43.4987 0
      vertex 174.915 -43.7161 1.45
      vertex 174.915 -43.7161 0
    endloop
  endfacet
  facet normal 0.895878 0.4443 0
    outer loop
      vertex 174.77 -43.4987 1.45
      vertex 174.654 -43.2648 0
      vertex 174.654 -43.2648 1.45
    endloop
  endfacet
  facet normal 0.895878 0.4443 0
    outer loop
      vertex 174.654 -43.2648 0
      vertex 174.77 -43.4987 1.45
      vertex 174.77 -43.4987 0
    endloop
  endfacet
  facet normal 0.947184 0.320691 0
    outer loop
      vertex 174.654 -43.2648 1.45
      vertex 174.57 -43.0167 0
      vertex 174.57 -43.0167 1.45
    endloop
  endfacet
  facet normal 0.947184 0.320691 0
    outer loop
      vertex 174.57 -43.0167 0
      vertex 174.654 -43.2648 1.45
      vertex 174.654 -43.2648 0
    endloop
  endfacet
  facet normal 0.980772 0.195159 0
    outer loop
      vertex 174.57 -43.0167 1.45
      vertex 174.519 -42.7604 0
      vertex 174.519 -42.7604 1.45
    endloop
  endfacet
  facet normal 0.980772 0.195159 0
    outer loop
      vertex 174.519 -42.7604 0
      vertex 174.57 -43.0167 1.45
      vertex 174.57 -43.0167 0
    endloop
  endfacet
  facet normal 0.997876 0.0651455 0
    outer loop
      vertex 174.519 -42.7604 1.45
      vertex 174.502 -42.5 0
      vertex 174.502 -42.5 1.45
    endloop
  endfacet
  facet normal 0.997876 0.0651455 0
    outer loop
      vertex 174.502 -42.5 0
      vertex 174.519 -42.7604 1.45
      vertex 174.519 -42.7604 0
    endloop
  endfacet
  facet normal 0.997876 -0.0651455 0
    outer loop
      vertex 174.502 -42.5 1.45
      vertex 174.519 -42.2396 0
      vertex 174.519 -42.2396 1.45
    endloop
  endfacet
  facet normal 0.997876 -0.0651455 0
    outer loop
      vertex 174.519 -42.2396 0
      vertex 174.502 -42.5 1.45
      vertex 174.502 -42.5 0
    endloop
  endfacet
  facet normal 0.980772 -0.195159 0
    outer loop
      vertex 174.519 -42.2396 1.45
      vertex 174.57 -41.9833 0
      vertex 174.57 -41.9833 1.45
    endloop
  endfacet
  facet normal 0.980772 -0.195159 0
    outer loop
      vertex 174.57 -41.9833 0
      vertex 174.519 -42.2396 1.45
      vertex 174.519 -42.2396 0
    endloop
  endfacet
  facet normal 0.947184 -0.320691 0
    outer loop
      vertex 174.57 -41.9833 1.45
      vertex 174.654 -41.7352 0
      vertex 174.654 -41.7352 1.45
    endloop
  endfacet
  facet normal 0.947184 -0.320691 0
    outer loop
      vertex 174.654 -41.7352 0
      vertex 174.57 -41.9833 1.45
      vertex 174.57 -41.9833 0
    endloop
  endfacet
  facet normal 0.895878 -0.4443 0
    outer loop
      vertex 174.654 -41.7352 1.45
      vertex 174.77 -41.5013 0
      vertex 174.77 -41.5013 1.45
    endloop
  endfacet
  facet normal 0.895878 -0.4443 0
    outer loop
      vertex 174.77 -41.5013 0
      vertex 174.654 -41.7352 1.45
      vertex 174.654 -41.7352 0
    endloop
  endfacet
  facet normal 0.831933 -0.554877 0
    outer loop
      vertex 174.77 -41.5013 1.45
      vertex 174.915 -41.2839 0
      vertex 174.915 -41.2839 1.45
    endloop
  endfacet
  facet normal 0.831933 -0.554877 0
    outer loop
      vertex 174.915 -41.2839 0
      vertex 174.77 -41.5013 1.45
      vertex 174.77 -41.5013 0
    endloop
  endfacet
  facet normal 0.750395 -0.66099 0
    outer loop
      vertex 174.915 -41.2839 1.45
      vertex 175.088 -41.0875 0
      vertex 175.088 -41.0875 1.45
    endloop
  endfacet
  facet normal 0.750395 -0.66099 0
    outer loop
      vertex 175.088 -41.0875 0
      vertex 174.915 -41.2839 1.45
      vertex 174.915 -41.2839 0
    endloop
  endfacet
  facet normal 0.660239 -0.751055 0
    outer loop
      vertex 175.088 -41.0875 0
      vertex 175.284 -40.9152 1.45
      vertex 175.088 -41.0875 1.45
    endloop
  endfacet
  facet normal 0.660239 -0.751055 0
    outer loop
      vertex 175.284 -40.9152 1.45
      vertex 175.088 -41.0875 0
      vertex 175.284 -40.9152 0
    endloop
  endfacet
  facet normal 0.556114 -0.831106 0
    outer loop
      vertex 175.284 -40.9152 0
      vertex 175.501 -40.77 1.45
      vertex 175.284 -40.9152 1.45
    endloop
  endfacet
  facet normal 0.556114 -0.831106 0
    outer loop
      vertex 175.501 -40.77 1.45
      vertex 175.284 -40.9152 0
      vertex 175.501 -40.77 0
    endloop
  endfacet
  facet normal 0.442917 -0.896563 0
    outer loop
      vertex 175.501 -40.77 0
      vertex 175.735 -40.6544 1.45
      vertex 175.501 -40.77 1.45
    endloop
  endfacet
  facet normal 0.442917 -0.896563 0
    outer loop
      vertex 175.735 -40.6544 1.45
      vertex 175.501 -40.77 0
      vertex 175.735 -40.6544 0
    endloop
  endfacet
  facet normal 0.320807 -0.947145 0
    outer loop
      vertex 175.735 -40.6544 0
      vertex 175.983 -40.5704 1.45
      vertex 175.735 -40.6544 1.45
    endloop
  endfacet
  facet normal 0.320807 -0.947145 0
    outer loop
      vertex 175.983 -40.5704 1.45
      vertex 175.735 -40.6544 0
      vertex 175.983 -40.5704 0
    endloop
  endfacet
  facet normal 0.196116 -0.980581 0
    outer loop
      vertex 175.983 -40.5704 0
      vertex 176.24 -40.519 1.45
      vertex 175.983 -40.5704 1.45
    endloop
  endfacet
  facet normal 0.196116 -0.980581 0
    outer loop
      vertex 176.24 -40.519 1.45
      vertex 175.983 -40.5704 0
      vertex 176.24 -40.519 0
    endloop
  endfacet
  facet normal 0.0648631 -0.997894 0
    outer loop
      vertex 176.24 -40.519 0
      vertex 176.5 -40.5021 1.45
      vertex 176.24 -40.519 1.45
    endloop
  endfacet
  facet normal 0.0648631 -0.997894 0
    outer loop
      vertex 176.5 -40.5021 1.45
      vertex 176.24 -40.519 0
      vertex 176.5 -40.5021 0
    endloop
  endfacet
  facet normal -0.0648631 -0.997894 0
    outer loop
      vertex 176.5 -40.5021 0
      vertex 176.76 -40.519 1.45
      vertex 176.5 -40.5021 1.45
    endloop
  endfacet
  facet normal -0.0648631 -0.997894 -0
    outer loop
      vertex 176.76 -40.519 1.45
      vertex 176.5 -40.5021 0
      vertex 176.76 -40.519 0
    endloop
  endfacet
  facet normal -0.196116 -0.980581 0
    outer loop
      vertex 176.76 -40.519 0
      vertex 177.017 -40.5704 1.45
      vertex 176.76 -40.519 1.45
    endloop
  endfacet
  facet normal -0.196116 -0.980581 -0
    outer loop
      vertex 177.017 -40.5704 1.45
      vertex 176.76 -40.519 0
      vertex 177.017 -40.5704 0
    endloop
  endfacet
  facet normal -0.320807 -0.947145 0
    outer loop
      vertex 177.017 -40.5704 0
      vertex 177.265 -40.6544 1.45
      vertex 177.017 -40.5704 1.45
    endloop
  endfacet
  facet normal -0.320807 -0.947145 -0
    outer loop
      vertex 177.265 -40.6544 1.45
      vertex 177.017 -40.5704 0
      vertex 177.265 -40.6544 0
    endloop
  endfacet
  facet normal -0.442917 -0.896563 0
    outer loop
      vertex 177.265 -40.6544 0
      vertex 177.499 -40.77 1.45
      vertex 177.265 -40.6544 1.45
    endloop
  endfacet
  facet normal -0.442917 -0.896563 -0
    outer loop
      vertex 177.499 -40.77 1.45
      vertex 177.265 -40.6544 0
      vertex 177.499 -40.77 0
    endloop
  endfacet
  facet normal -0.556114 -0.831106 0
    outer loop
      vertex 177.499 -40.77 0
      vertex 177.716 -40.9152 1.45
      vertex 177.499 -40.77 1.45
    endloop
  endfacet
  facet normal -0.556114 -0.831106 -0
    outer loop
      vertex 177.716 -40.9152 1.45
      vertex 177.499 -40.77 0
      vertex 177.716 -40.9152 0
    endloop
  endfacet
  facet normal -0.660239 -0.751055 0
    outer loop
      vertex 177.716 -40.9152 0
      vertex 177.912 -41.0875 1.45
      vertex 177.716 -40.9152 1.45
    endloop
  endfacet
  facet normal -0.660239 -0.751055 -0
    outer loop
      vertex 177.912 -41.0875 1.45
      vertex 177.716 -40.9152 0
      vertex 177.912 -41.0875 0
    endloop
  endfacet
  facet normal -0.750395 -0.66099 0
    outer loop
      vertex 178.085 -41.2839 0
      vertex 177.912 -41.0875 1.45
      vertex 177.912 -41.0875 0
    endloop
  endfacet
  facet normal -0.750395 -0.66099 0
    outer loop
      vertex 177.912 -41.0875 1.45
      vertex 178.085 -41.2839 0
      vertex 178.085 -41.2839 1.45
    endloop
  endfacet
  facet normal -0.831933 -0.554877 0
    outer loop
      vertex 178.23 -41.5013 0
      vertex 178.085 -41.2839 1.45
      vertex 178.085 -41.2839 0
    endloop
  endfacet
  facet normal -0.831933 -0.554877 0
    outer loop
      vertex 178.085 -41.2839 1.45
      vertex 178.23 -41.5013 0
      vertex 178.23 -41.5013 1.45
    endloop
  endfacet
  facet normal -0.895878 -0.4443 0
    outer loop
      vertex 178.346 -41.7352 0
      vertex 178.23 -41.5013 1.45
      vertex 178.23 -41.5013 0
    endloop
  endfacet
  facet normal -0.895878 -0.4443 0
    outer loop
      vertex 178.23 -41.5013 1.45
      vertex 178.346 -41.7352 0
      vertex 178.346 -41.7352 1.45
    endloop
  endfacet
  facet normal -0.947184 -0.320691 0
    outer loop
      vertex 178.43 -41.9833 0
      vertex 178.346 -41.7352 1.45
      vertex 178.346 -41.7352 0
    endloop
  endfacet
  facet normal -0.947184 -0.320691 0
    outer loop
      vertex 178.346 -41.7352 1.45
      vertex 178.43 -41.9833 0
      vertex 178.43 -41.9833 1.45
    endloop
  endfacet
  facet normal -0.980772 -0.195159 0
    outer loop
      vertex 178.481 -42.2396 0
      vertex 178.43 -41.9833 1.45
      vertex 178.43 -41.9833 0
    endloop
  endfacet
  facet normal -0.980772 -0.195159 0
    outer loop
      vertex 178.43 -41.9833 1.45
      vertex 178.481 -42.2396 0
      vertex 178.481 -42.2396 1.45
    endloop
  endfacet
  facet normal -0.997876 -0.0651455 0
    outer loop
      vertex 178.498 -42.5 0
      vertex 178.481 -42.2396 1.45
      vertex 178.481 -42.2396 0
    endloop
  endfacet
  facet normal -0.997876 -0.0651455 0
    outer loop
      vertex 178.481 -42.2396 1.45
      vertex 178.498 -42.5 0
      vertex 178.498 -42.5 1.45
    endloop
  endfacet
  facet normal -0.997876 0.0651455 0
    outer loop
      vertex 178.481 -42.7604 0
      vertex 178.498 -42.5 1.45
      vertex 178.498 -42.5 0
    endloop
  endfacet
  facet normal -0.997876 0.0651455 0
    outer loop
      vertex 178.498 -42.5 1.45
      vertex 178.481 -42.7604 0
      vertex 178.481 -42.7604 1.45
    endloop
  endfacet
  facet normal -0.980772 0.195159 0
    outer loop
      vertex 178.43 -43.0167 0
      vertex 178.481 -42.7604 1.45
      vertex 178.481 -42.7604 0
    endloop
  endfacet
  facet normal -0.980772 0.195159 0
    outer loop
      vertex 178.481 -42.7604 1.45
      vertex 178.43 -43.0167 0
      vertex 178.43 -43.0167 1.45
    endloop
  endfacet
  facet normal -0.947184 0.320691 0
    outer loop
      vertex 178.346 -43.2648 0
      vertex 178.43 -43.0167 1.45
      vertex 178.43 -43.0167 0
    endloop
  endfacet
  facet normal -0.947184 0.320691 0
    outer loop
      vertex 178.43 -43.0167 1.45
      vertex 178.346 -43.2648 0
      vertex 178.346 -43.2648 1.45
    endloop
  endfacet
  facet normal -0.895878 0.4443 0
    outer loop
      vertex 178.23 -43.4987 0
      vertex 178.346 -43.2648 1.45
      vertex 178.346 -43.2648 0
    endloop
  endfacet
  facet normal -0.895878 0.4443 0
    outer loop
      vertex 178.346 -43.2648 1.45
      vertex 178.23 -43.4987 0
      vertex 178.23 -43.4987 1.45
    endloop
  endfacet
  facet normal -0.831933 0.554877 0
    outer loop
      vertex 178.085 -43.7161 0
      vertex 178.23 -43.4987 1.45
      vertex 178.23 -43.4987 0
    endloop
  endfacet
  facet normal -0.831933 0.554877 0
    outer loop
      vertex 178.23 -43.4987 1.45
      vertex 178.085 -43.7161 0
      vertex 178.085 -43.7161 1.45
    endloop
  endfacet
  facet normal -0.750395 0.66099 0
    outer loop
      vertex 177.912 -43.9125 0
      vertex 178.085 -43.7161 1.45
      vertex 178.085 -43.7161 0
    endloop
  endfacet
  facet normal -0.750395 0.66099 0
    outer loop
      vertex 178.085 -43.7161 1.45
      vertex 177.912 -43.9125 0
      vertex 177.912 -43.9125 1.45
    endloop
  endfacet
  facet normal -0.660239 0.751055 0
    outer loop
      vertex 177.912 -43.9125 0
      vertex 177.716 -44.0848 1.45
      vertex 177.912 -43.9125 1.45
    endloop
  endfacet
  facet normal -0.660239 0.751055 0
    outer loop
      vertex 177.716 -44.0848 1.45
      vertex 177.912 -43.9125 0
      vertex 177.716 -44.0848 0
    endloop
  endfacet
  facet normal -0.556114 0.831106 0
    outer loop
      vertex 177.716 -44.0848 0
      vertex 177.499 -44.23 1.45
      vertex 177.716 -44.0848 1.45
    endloop
  endfacet
  facet normal -0.556114 0.831106 0
    outer loop
      vertex 177.499 -44.23 1.45
      vertex 177.716 -44.0848 0
      vertex 177.499 -44.23 0
    endloop
  endfacet
  facet normal -0.442917 0.896563 0
    outer loop
      vertex 177.499 -44.23 0
      vertex 177.265 -44.3456 1.45
      vertex 177.499 -44.23 1.45
    endloop
  endfacet
  facet normal -0.442917 0.896563 0
    outer loop
      vertex 177.265 -44.3456 1.45
      vertex 177.499 -44.23 0
      vertex 177.265 -44.3456 0
    endloop
  endfacet
  facet normal -0.320807 0.947145 0
    outer loop
      vertex 177.265 -44.3456 0
      vertex 177.017 -44.4296 1.45
      vertex 177.265 -44.3456 1.45
    endloop
  endfacet
  facet normal -0.320807 0.947145 0
    outer loop
      vertex 177.017 -44.4296 1.45
      vertex 177.265 -44.3456 0
      vertex 177.017 -44.4296 0
    endloop
  endfacet
  facet normal -0.196116 0.980581 0
    outer loop
      vertex 177.017 -44.4296 0
      vertex 176.76 -44.481 1.45
      vertex 177.017 -44.4296 1.45
    endloop
  endfacet
  facet normal -0.196116 0.980581 0
    outer loop
      vertex 176.76 -44.481 1.45
      vertex 177.017 -44.4296 0
      vertex 176.76 -44.481 0
    endloop
  endfacet
  facet normal -0.0648631 0.997894 0
    outer loop
      vertex 176.76 -44.481 0
      vertex 176.5 -44.4979 1.45
      vertex 176.76 -44.481 1.45
    endloop
  endfacet
  facet normal -0.0648631 0.997894 0
    outer loop
      vertex 176.5 -44.4979 1.45
      vertex 176.76 -44.481 0
      vertex 176.5 -44.4979 0
    endloop
  endfacet
  facet normal 0.0648631 0.997894 -0
    outer loop
      vertex 176.5 -44.4979 0
      vertex 176.24 -44.481 1.45
      vertex 176.5 -44.4979 1.45
    endloop
  endfacet
  facet normal 0.0648631 0.997894 0
    outer loop
      vertex 176.24 -44.481 1.45
      vertex 176.5 -44.4979 0
      vertex 176.24 -44.481 0
    endloop
  endfacet
  facet normal 0.194648 0.980873 -0
    outer loop
      vertex 108.24 -117.481 0
      vertex 107.983 -117.43 1.45
      vertex 108.24 -117.481 1.45
    endloop
  endfacet
  facet normal 0.194648 0.980873 0
    outer loop
      vertex 107.983 -117.43 1.45
      vertex 108.24 -117.481 0
      vertex 107.983 -117.43 0
    endloop
  endfacet
  facet normal 0.320807 0.947145 -0
    outer loop
      vertex 107.983 -117.43 0
      vertex 107.735 -117.346 1.45
      vertex 107.983 -117.43 1.45
    endloop
  endfacet
  facet normal 0.320807 0.947145 0
    outer loop
      vertex 107.735 -117.346 1.45
      vertex 107.983 -117.43 0
      vertex 107.735 -117.346 0
    endloop
  endfacet
  facet normal 0.444148 0.895953 -0
    outer loop
      vertex 107.735 -117.346 0
      vertex 107.501 -117.23 1.45
      vertex 107.735 -117.346 1.45
    endloop
  endfacet
  facet normal 0.444148 0.895953 0
    outer loop
      vertex 107.501 -117.23 1.45
      vertex 107.735 -117.346 0
      vertex 107.501 -117.23 0
    endloop
  endfacet
  facet normal 0.555584 0.83146 -0
    outer loop
      vertex 107.501 -117.23 0
      vertex 107.284 -117.085 1.45
      vertex 107.501 -117.23 1.45
    endloop
  endfacet
  facet normal 0.555584 0.83146 0
    outer loop
      vertex 107.284 -117.085 1.45
      vertex 107.501 -117.23 0
      vertex 107.284 -117.085 0
    endloop
  endfacet
  facet normal 0.661748 0.749726 -0
    outer loop
      vertex 107.284 -117.085 0
      vertex 107.088 -116.912 1.45
      vertex 107.284 -117.085 1.45
    endloop
  endfacet
  facet normal 0.661748 0.749726 0
    outer loop
      vertex 107.088 -116.912 1.45
      vertex 107.284 -117.085 0
      vertex 107.088 -116.912 0
    endloop
  endfacet
  facet normal 0.749726 0.661748 0
    outer loop
      vertex 107.088 -116.912 1.45
      vertex 106.915 -116.716 0
      vertex 106.915 -116.716 1.45
    endloop
  endfacet
  facet normal 0.749726 0.661748 0
    outer loop
      vertex 106.915 -116.716 0
      vertex 107.088 -116.912 1.45
      vertex 107.088 -116.912 0
    endloop
  endfacet
  facet normal 0.83146 0.555584 0
    outer loop
      vertex 106.915 -116.716 1.45
      vertex 106.77 -116.499 0
      vertex 106.77 -116.499 1.45
    endloop
  endfacet
  facet normal 0.83146 0.555584 0
    outer loop
      vertex 106.77 -116.499 0
      vertex 106.915 -116.716 1.45
      vertex 106.915 -116.716 0
    endloop
  endfacet
  facet normal 0.895953 0.444148 0
    outer loop
      vertex 106.77 -116.499 1.45
      vertex 106.654 -116.265 0
      vertex 106.654 -116.265 1.45
    endloop
  endfacet
  facet normal 0.895953 0.444148 0
    outer loop
      vertex 106.654 -116.265 0
      vertex 106.77 -116.499 1.45
      vertex 106.77 -116.499 0
    endloop
  endfacet
  facet normal 0.947145 0.320807 0
    outer loop
      vertex 106.654 -116.265 1.45
      vertex 106.57 -116.017 0
      vertex 106.57 -116.017 1.45
    endloop
  endfacet
  facet normal 0.947145 0.320807 0
    outer loop
      vertex 106.57 -116.017 0
      vertex 106.654 -116.265 1.45
      vertex 106.654 -116.265 0
    endloop
  endfacet
  facet normal 0.980873 0.194648 0
    outer loop
      vertex 106.57 -116.017 1.45
      vertex 106.519 -115.76 0
      vertex 106.519 -115.76 1.45
    endloop
  endfacet
  facet normal 0.980873 0.194648 0
    outer loop
      vertex 106.519 -115.76 0
      vertex 106.57 -116.017 1.45
      vertex 106.57 -116.017 0
    endloop
  endfacet
  facet normal 0.997869 0.0652453 0
    outer loop
      vertex 106.519 -115.76 1.45
      vertex 106.502 -115.5 0
      vertex 106.502 -115.5 1.45
    endloop
  endfacet
  facet normal 0.997869 0.0652453 0
    outer loop
      vertex 106.502 -115.5 0
      vertex 106.519 -115.76 1.45
      vertex 106.519 -115.76 0
    endloop
  endfacet
  facet normal 0.997869 -0.0652453 0
    outer loop
      vertex 106.502 -115.5 1.45
      vertex 106.519 -115.24 0
      vertex 106.519 -115.24 1.45
    endloop
  endfacet
  facet normal 0.997869 -0.0652453 0
    outer loop
      vertex 106.519 -115.24 0
      vertex 106.502 -115.5 1.45
      vertex 106.502 -115.5 0
    endloop
  endfacet
  facet normal 0.980873 -0.194648 0
    outer loop
      vertex 106.519 -115.24 1.45
      vertex 106.57 -114.983 0
      vertex 106.57 -114.983 1.45
    endloop
  endfacet
  facet normal 0.980873 -0.194648 0
    outer loop
      vertex 106.57 -114.983 0
      vertex 106.519 -115.24 1.45
      vertex 106.519 -115.24 0
    endloop
  endfacet
  facet normal 0.947145 -0.320807 0
    outer loop
      vertex 106.57 -114.983 1.45
      vertex 106.654 -114.735 0
      vertex 106.654 -114.735 1.45
    endloop
  endfacet
  facet normal 0.947145 -0.320807 0
    outer loop
      vertex 106.654 -114.735 0
      vertex 106.57 -114.983 1.45
      vertex 106.57 -114.983 0
    endloop
  endfacet
  facet normal 0.895953 -0.444148 0
    outer loop
      vertex 106.654 -114.735 1.45
      vertex 106.77 -114.501 0
      vertex 106.77 -114.501 1.45
    endloop
  endfacet
  facet normal 0.895953 -0.444148 0
    outer loop
      vertex 106.77 -114.501 0
      vertex 106.654 -114.735 1.45
      vertex 106.654 -114.735 0
    endloop
  endfacet
  facet normal 0.83146 -0.555584 0
    outer loop
      vertex 106.77 -114.501 1.45
      vertex 106.915 -114.284 0
      vertex 106.915 -114.284 1.45
    endloop
  endfacet
  facet normal 0.83146 -0.555584 0
    outer loop
      vertex 106.915 -114.284 0
      vertex 106.77 -114.501 1.45
      vertex 106.77 -114.501 0
    endloop
  endfacet
  facet normal 0.749726 -0.661748 0
    outer loop
      vertex 106.915 -114.284 1.45
      vertex 107.088 -114.088 0
      vertex 107.088 -114.088 1.45
    endloop
  endfacet
  facet normal 0.749726 -0.661748 0
    outer loop
      vertex 107.088 -114.088 0
      vertex 106.915 -114.284 1.45
      vertex 106.915 -114.284 0
    endloop
  endfacet
  facet normal 0.661748 -0.749726 0
    outer loop
      vertex 107.088 -114.088 0
      vertex 107.284 -113.915 1.45
      vertex 107.088 -114.088 1.45
    endloop
  endfacet
  facet normal 0.661748 -0.749726 0
    outer loop
      vertex 107.284 -113.915 1.45
      vertex 107.088 -114.088 0
      vertex 107.284 -113.915 0
    endloop
  endfacet
  facet normal 0.555584 -0.83146 0
    outer loop
      vertex 107.284 -113.915 0
      vertex 107.501 -113.77 1.45
      vertex 107.284 -113.915 1.45
    endloop
  endfacet
  facet normal 0.555584 -0.83146 0
    outer loop
      vertex 107.501 -113.77 1.45
      vertex 107.284 -113.915 0
      vertex 107.501 -113.77 0
    endloop
  endfacet
  facet normal 0.444148 -0.895953 0
    outer loop
      vertex 107.501 -113.77 0
      vertex 107.735 -113.654 1.45
      vertex 107.501 -113.77 1.45
    endloop
  endfacet
  facet normal 0.444148 -0.895953 0
    outer loop
      vertex 107.735 -113.654 1.45
      vertex 107.501 -113.77 0
      vertex 107.735 -113.654 0
    endloop
  endfacet
  facet normal 0.320807 -0.947145 0
    outer loop
      vertex 107.735 -113.654 0
      vertex 107.983 -113.57 1.45
      vertex 107.735 -113.654 1.45
    endloop
  endfacet
  facet normal 0.320807 -0.947145 0
    outer loop
      vertex 107.983 -113.57 1.45
      vertex 107.735 -113.654 0
      vertex 107.983 -113.57 0
    endloop
  endfacet
  facet normal 0.194648 -0.980873 0
    outer loop
      vertex 107.983 -113.57 0
      vertex 108.24 -113.519 1.45
      vertex 107.983 -113.57 1.45
    endloop
  endfacet
  facet normal 0.194648 -0.980873 0
    outer loop
      vertex 108.24 -113.519 1.45
      vertex 107.983 -113.57 0
      vertex 108.24 -113.519 0
    endloop
  endfacet
  facet normal 0.0652453 -0.997869 0
    outer loop
      vertex 108.24 -113.519 0
      vertex 108.5 -113.502 1.45
      vertex 108.24 -113.519 1.45
    endloop
  endfacet
  facet normal 0.0652453 -0.997869 0
    outer loop
      vertex 108.5 -113.502 1.45
      vertex 108.24 -113.519 0
      vertex 108.5 -113.502 0
    endloop
  endfacet
  facet normal -0.0652453 -0.997869 0
    outer loop
      vertex 108.5 -113.502 0
      vertex 108.76 -113.519 1.45
      vertex 108.5 -113.502 1.45
    endloop
  endfacet
  facet normal -0.0652453 -0.997869 -0
    outer loop
      vertex 108.76 -113.519 1.45
      vertex 108.5 -113.502 0
      vertex 108.76 -113.519 0
    endloop
  endfacet
  facet normal -0.194648 -0.980873 0
    outer loop
      vertex 108.76 -113.519 0
      vertex 109.017 -113.57 1.45
      vertex 108.76 -113.519 1.45
    endloop
  endfacet
  facet normal -0.194648 -0.980873 -0
    outer loop
      vertex 109.017 -113.57 1.45
      vertex 108.76 -113.519 0
      vertex 109.017 -113.57 0
    endloop
  endfacet
  facet normal -0.320807 -0.947145 0
    outer loop
      vertex 109.017 -113.57 0
      vertex 109.265 -113.654 1.45
      vertex 109.017 -113.57 1.45
    endloop
  endfacet
  facet normal -0.320807 -0.947145 -0
    outer loop
      vertex 109.265 -113.654 1.45
      vertex 109.017 -113.57 0
      vertex 109.265 -113.654 0
    endloop
  endfacet
  facet normal -0.444148 -0.895953 0
    outer loop
      vertex 109.265 -113.654 0
      vertex 109.499 -113.77 1.45
      vertex 109.265 -113.654 1.45
    endloop
  endfacet
  facet normal -0.444148 -0.895953 -0
    outer loop
      vertex 109.499 -113.77 1.45
      vertex 109.265 -113.654 0
      vertex 109.499 -113.77 0
    endloop
  endfacet
  facet normal -0.555584 -0.83146 0
    outer loop
      vertex 109.499 -113.77 0
      vertex 109.716 -113.915 1.45
      vertex 109.499 -113.77 1.45
    endloop
  endfacet
  facet normal -0.555584 -0.83146 -0
    outer loop
      vertex 109.716 -113.915 1.45
      vertex 109.499 -113.77 0
      vertex 109.716 -113.915 0
    endloop
  endfacet
  facet normal -0.661748 -0.749726 0
    outer loop
      vertex 109.716 -113.915 0
      vertex 109.912 -114.088 1.45
      vertex 109.716 -113.915 1.45
    endloop
  endfacet
  facet normal -0.661748 -0.749726 -0
    outer loop
      vertex 109.912 -114.088 1.45
      vertex 109.716 -113.915 0
      vertex 109.912 -114.088 0
    endloop
  endfacet
  facet normal -0.749726 -0.661748 0
    outer loop
      vertex 110.085 -114.284 0
      vertex 109.912 -114.088 1.45
      vertex 109.912 -114.088 0
    endloop
  endfacet
  facet normal -0.749726 -0.661748 0
    outer loop
      vertex 109.912 -114.088 1.45
      vertex 110.085 -114.284 0
      vertex 110.085 -114.284 1.45
    endloop
  endfacet
  facet normal -0.83146 -0.555584 0
    outer loop
      vertex 110.23 -114.501 0
      vertex 110.085 -114.284 1.45
      vertex 110.085 -114.284 0
    endloop
  endfacet
  facet normal -0.83146 -0.555584 0
    outer loop
      vertex 110.085 -114.284 1.45
      vertex 110.23 -114.501 0
      vertex 110.23 -114.501 1.45
    endloop
  endfacet
  facet normal -0.895953 -0.444148 0
    outer loop
      vertex 110.346 -114.735 0
      vertex 110.23 -114.501 1.45
      vertex 110.23 -114.501 0
    endloop
  endfacet
  facet normal -0.895953 -0.444148 0
    outer loop
      vertex 110.23 -114.501 1.45
      vertex 110.346 -114.735 0
      vertex 110.346 -114.735 1.45
    endloop
  endfacet
  facet normal -0.947145 -0.320807 0
    outer loop
      vertex 110.43 -114.983 0
      vertex 110.346 -114.735 1.45
      vertex 110.346 -114.735 0
    endloop
  endfacet
  facet normal -0.947145 -0.320807 0
    outer loop
      vertex 110.346 -114.735 1.45
      vertex 110.43 -114.983 0
      vertex 110.43 -114.983 1.45
    endloop
  endfacet
  facet normal -0.980873 -0.194648 0
    outer loop
      vertex 110.481 -115.24 0
      vertex 110.43 -114.983 1.45
      vertex 110.43 -114.983 0
    endloop
  endfacet
  facet normal -0.980873 -0.194648 0
    outer loop
      vertex 110.43 -114.983 1.45
      vertex 110.481 -115.24 0
      vertex 110.481 -115.24 1.45
    endloop
  endfacet
  facet normal -0.997869 -0.0652453 0
    outer loop
      vertex 110.498 -115.5 0
      vertex 110.481 -115.24 1.45
      vertex 110.481 -115.24 0
    endloop
  endfacet
  facet normal -0.997869 -0.0652453 0
    outer loop
      vertex 110.481 -115.24 1.45
      vertex 110.498 -115.5 0
      vertex 110.498 -115.5 1.45
    endloop
  endfacet
  facet normal -0.997869 0.0652453 0
    outer loop
      vertex 110.481 -115.76 0
      vertex 110.498 -115.5 1.45
      vertex 110.498 -115.5 0
    endloop
  endfacet
  facet normal -0.997869 0.0652453 0
    outer loop
      vertex 110.498 -115.5 1.45
      vertex 110.481 -115.76 0
      vertex 110.481 -115.76 1.45
    endloop
  endfacet
  facet normal -0.980873 0.194648 0
    outer loop
      vertex 110.43 -116.017 0
      vertex 110.481 -115.76 1.45
      vertex 110.481 -115.76 0
    endloop
  endfacet
  facet normal -0.980873 0.194648 0
    outer loop
      vertex 110.481 -115.76 1.45
      vertex 110.43 -116.017 0
      vertex 110.43 -116.017 1.45
    endloop
  endfacet
  facet normal -0.947145 0.320807 0
    outer loop
      vertex 110.346 -116.265 0
      vertex 110.43 -116.017 1.45
      vertex 110.43 -116.017 0
    endloop
  endfacet
  facet normal -0.947145 0.320807 0
    outer loop
      vertex 110.43 -116.017 1.45
      vertex 110.346 -116.265 0
      vertex 110.346 -116.265 1.45
    endloop
  endfacet
  facet normal -0.895953 0.444148 0
    outer loop
      vertex 110.23 -116.499 0
      vertex 110.346 -116.265 1.45
      vertex 110.346 -116.265 0
    endloop
  endfacet
  facet normal -0.895953 0.444148 0
    outer loop
      vertex 110.346 -116.265 1.45
      vertex 110.23 -116.499 0
      vertex 110.23 -116.499 1.45
    endloop
  endfacet
  facet normal -0.83146 0.555584 0
    outer loop
      vertex 110.085 -116.716 0
      vertex 110.23 -116.499 1.45
      vertex 110.23 -116.499 0
    endloop
  endfacet
  facet normal -0.83146 0.555584 0
    outer loop
      vertex 110.23 -116.499 1.45
      vertex 110.085 -116.716 0
      vertex 110.085 -116.716 1.45
    endloop
  endfacet
  facet normal -0.749726 0.661748 0
    outer loop
      vertex 109.912 -116.912 0
      vertex 110.085 -116.716 1.45
      vertex 110.085 -116.716 0
    endloop
  endfacet
  facet normal -0.749726 0.661748 0
    outer loop
      vertex 110.085 -116.716 1.45
      vertex 109.912 -116.912 0
      vertex 109.912 -116.912 1.45
    endloop
  endfacet
  facet normal -0.661748 0.749726 0
    outer loop
      vertex 109.912 -116.912 0
      vertex 109.716 -117.085 1.45
      vertex 109.912 -116.912 1.45
    endloop
  endfacet
  facet normal -0.661748 0.749726 0
    outer loop
      vertex 109.716 -117.085 1.45
      vertex 109.912 -116.912 0
      vertex 109.716 -117.085 0
    endloop
  endfacet
  facet normal -0.555584 0.83146 0
    outer loop
      vertex 109.716 -117.085 0
      vertex 109.499 -117.23 1.45
      vertex 109.716 -117.085 1.45
    endloop
  endfacet
  facet normal -0.555584 0.83146 0
    outer loop
      vertex 109.499 -117.23 1.45
      vertex 109.716 -117.085 0
      vertex 109.499 -117.23 0
    endloop
  endfacet
  facet normal -0.444148 0.895953 0
    outer loop
      vertex 109.499 -117.23 0
      vertex 109.265 -117.346 1.45
      vertex 109.499 -117.23 1.45
    endloop
  endfacet
  facet normal -0.444148 0.895953 0
    outer loop
      vertex 109.265 -117.346 1.45
      vertex 109.499 -117.23 0
      vertex 109.265 -117.346 0
    endloop
  endfacet
  facet normal -0.320807 0.947145 0
    outer loop
      vertex 109.265 -117.346 0
      vertex 109.017 -117.43 1.45
      vertex 109.265 -117.346 1.45
    endloop
  endfacet
  facet normal -0.320807 0.947145 0
    outer loop
      vertex 109.017 -117.43 1.45
      vertex 109.265 -117.346 0
      vertex 109.017 -117.43 0
    endloop
  endfacet
  facet normal -0.194648 0.980873 0
    outer loop
      vertex 109.017 -117.43 0
      vertex 108.76 -117.481 1.45
      vertex 109.017 -117.43 1.45
    endloop
  endfacet
  facet normal -0.194648 0.980873 0
    outer loop
      vertex 108.76 -117.481 1.45
      vertex 109.017 -117.43 0
      vertex 108.76 -117.481 0
    endloop
  endfacet
  facet normal -0.0652453 0.997869 0
    outer loop
      vertex 108.76 -117.481 0
      vertex 108.5 -117.498 1.45
      vertex 108.76 -117.481 1.45
    endloop
  endfacet
  facet normal -0.0652453 0.997869 0
    outer loop
      vertex 108.5 -117.498 1.45
      vertex 108.76 -117.481 0
      vertex 108.5 -117.498 0
    endloop
  endfacet
  facet normal 0.0652453 0.997869 -0
    outer loop
      vertex 108.5 -117.498 0
      vertex 108.24 -117.481 1.45
      vertex 108.5 -117.498 1.45
    endloop
  endfacet
  facet normal 0.0652453 0.997869 0
    outer loop
      vertex 108.24 -117.481 1.45
      vertex 108.5 -117.498 0
      vertex 108.24 -117.481 0
    endloop
  endfacet
  facet normal 0.194648 0.980873 -0
    outer loop
      vertex 176.24 -117.481 0
      vertex 175.983 -117.43 1.45
      vertex 176.24 -117.481 1.45
    endloop
  endfacet
  facet normal 0.194648 0.980873 0
    outer loop
      vertex 175.983 -117.43 1.45
      vertex 176.24 -117.481 0
      vertex 175.983 -117.43 0
    endloop
  endfacet
  facet normal 0.320807 0.947145 -0
    outer loop
      vertex 175.983 -117.43 0
      vertex 175.735 -117.346 1.45
      vertex 175.983 -117.43 1.45
    endloop
  endfacet
  facet normal 0.320807 0.947145 0
    outer loop
      vertex 175.735 -117.346 1.45
      vertex 175.983 -117.43 0
      vertex 175.735 -117.346 0
    endloop
  endfacet
  facet normal 0.444148 0.895953 -0
    outer loop
      vertex 175.735 -117.346 0
      vertex 175.501 -117.23 1.45
      vertex 175.735 -117.346 1.45
    endloop
  endfacet
  facet normal 0.444148 0.895953 0
    outer loop
      vertex 175.501 -117.23 1.45
      vertex 175.735 -117.346 0
      vertex 175.501 -117.23 0
    endloop
  endfacet
  facet normal 0.555584 0.83146 -0
    outer loop
      vertex 175.501 -117.23 0
      vertex 175.284 -117.085 1.45
      vertex 175.501 -117.23 1.45
    endloop
  endfacet
  facet normal 0.555584 0.83146 0
    outer loop
      vertex 175.284 -117.085 1.45
      vertex 175.501 -117.23 0
      vertex 175.284 -117.085 0
    endloop
  endfacet
  facet normal 0.661748 0.749726 -0
    outer loop
      vertex 175.284 -117.085 0
      vertex 175.088 -116.912 1.45
      vertex 175.284 -117.085 1.45
    endloop
  endfacet
  facet normal 0.661748 0.749726 0
    outer loop
      vertex 175.088 -116.912 1.45
      vertex 175.284 -117.085 0
      vertex 175.088 -116.912 0
    endloop
  endfacet
  facet normal 0.749726 0.661748 0
    outer loop
      vertex 175.088 -116.912 1.45
      vertex 174.915 -116.716 0
      vertex 174.915 -116.716 1.45
    endloop
  endfacet
  facet normal 0.749726 0.661748 0
    outer loop
      vertex 174.915 -116.716 0
      vertex 175.088 -116.912 1.45
      vertex 175.088 -116.912 0
    endloop
  endfacet
  facet normal 0.83146 0.555584 0
    outer loop
      vertex 174.915 -116.716 1.45
      vertex 174.77 -116.499 0
      vertex 174.77 -116.499 1.45
    endloop
  endfacet
  facet normal 0.83146 0.555584 0
    outer loop
      vertex 174.77 -116.499 0
      vertex 174.915 -116.716 1.45
      vertex 174.915 -116.716 0
    endloop
  endfacet
  facet normal 0.895953 0.444148 0
    outer loop
      vertex 174.77 -116.499 1.45
      vertex 174.654 -116.265 0
      vertex 174.654 -116.265 1.45
    endloop
  endfacet
  facet normal 0.895953 0.444148 0
    outer loop
      vertex 174.654 -116.265 0
      vertex 174.77 -116.499 1.45
      vertex 174.77 -116.499 0
    endloop
  endfacet
  facet normal 0.947145 0.320807 0
    outer loop
      vertex 174.654 -116.265 1.45
      vertex 174.57 -116.017 0
      vertex 174.57 -116.017 1.45
    endloop
  endfacet
  facet normal 0.947145 0.320807 0
    outer loop
      vertex 174.57 -116.017 0
      vertex 174.654 -116.265 1.45
      vertex 174.654 -116.265 0
    endloop
  endfacet
  facet normal 0.980873 0.194648 0
    outer loop
      vertex 174.57 -116.017 1.45
      vertex 174.519 -115.76 0
      vertex 174.519 -115.76 1.45
    endloop
  endfacet
  facet normal 0.980873 0.194648 0
    outer loop
      vertex 174.519 -115.76 0
      vertex 174.57 -116.017 1.45
      vertex 174.57 -116.017 0
    endloop
  endfacet
  facet normal 0.997869 0.0652453 0
    outer loop
      vertex 174.519 -115.76 1.45
      vertex 174.502 -115.5 0
      vertex 174.502 -115.5 1.45
    endloop
  endfacet
  facet normal 0.997869 0.0652453 0
    outer loop
      vertex 174.502 -115.5 0
      vertex 174.519 -115.76 1.45
      vertex 174.519 -115.76 0
    endloop
  endfacet
  facet normal 0.997869 -0.0652453 0
    outer loop
      vertex 174.502 -115.5 1.45
      vertex 174.519 -115.24 0
      vertex 174.519 -115.24 1.45
    endloop
  endfacet
  facet normal 0.997869 -0.0652453 0
    outer loop
      vertex 174.519 -115.24 0
      vertex 174.502 -115.5 1.45
      vertex 174.502 -115.5 0
    endloop
  endfacet
  facet normal 0.980873 -0.194648 0
    outer loop
      vertex 174.519 -115.24 1.45
      vertex 174.57 -114.983 0
      vertex 174.57 -114.983 1.45
    endloop
  endfacet
  facet normal 0.980873 -0.194648 0
    outer loop
      vertex 174.57 -114.983 0
      vertex 174.519 -115.24 1.45
      vertex 174.519 -115.24 0
    endloop
  endfacet
  facet normal 0.947145 -0.320807 0
    outer loop
      vertex 174.57 -114.983 1.45
      vertex 174.654 -114.735 0
      vertex 174.654 -114.735 1.45
    endloop
  endfacet
  facet normal 0.947145 -0.320807 0
    outer loop
      vertex 174.654 -114.735 0
      vertex 174.57 -114.983 1.45
      vertex 174.57 -114.983 0
    endloop
  endfacet
  facet normal 0.895953 -0.444148 0
    outer loop
      vertex 174.654 -114.735 1.45
      vertex 174.77 -114.501 0
      vertex 174.77 -114.501 1.45
    endloop
  endfacet
  facet normal 0.895953 -0.444148 0
    outer loop
      vertex 174.77 -114.501 0
      vertex 174.654 -114.735 1.45
      vertex 174.654 -114.735 0
    endloop
  endfacet
  facet normal 0.83146 -0.555584 0
    outer loop
      vertex 174.77 -114.501 1.45
      vertex 174.915 -114.284 0
      vertex 174.915 -114.284 1.45
    endloop
  endfacet
  facet normal 0.83146 -0.555584 0
    outer loop
      vertex 174.915 -114.284 0
      vertex 174.77 -114.501 1.45
      vertex 174.77 -114.501 0
    endloop
  endfacet
  facet normal 0.749726 -0.661748 0
    outer loop
      vertex 174.915 -114.284 1.45
      vertex 175.088 -114.088 0
      vertex 175.088 -114.088 1.45
    endloop
  endfacet
  facet normal 0.749726 -0.661748 0
    outer loop
      vertex 175.088 -114.088 0
      vertex 174.915 -114.284 1.45
      vertex 174.915 -114.284 0
    endloop
  endfacet
  facet normal 0.661748 -0.749726 0
    outer loop
      vertex 175.088 -114.088 0
      vertex 175.284 -113.915 1.45
      vertex 175.088 -114.088 1.45
    endloop
  endfacet
  facet normal 0.661748 -0.749726 0
    outer loop
      vertex 175.284 -113.915 1.45
      vertex 175.088 -114.088 0
      vertex 175.284 -113.915 0
    endloop
  endfacet
  facet normal 0.555584 -0.83146 0
    outer loop
      vertex 175.284 -113.915 0
      vertex 175.501 -113.77 1.45
      vertex 175.284 -113.915 1.45
    endloop
  endfacet
  facet normal 0.555584 -0.83146 0
    outer loop
      vertex 175.501 -113.77 1.45
      vertex 175.284 -113.915 0
      vertex 175.501 -113.77 0
    endloop
  endfacet
  facet normal 0.444148 -0.895953 0
    outer loop
      vertex 175.501 -113.77 0
      vertex 175.735 -113.654 1.45
      vertex 175.501 -113.77 1.45
    endloop
  endfacet
  facet normal 0.444148 -0.895953 0
    outer loop
      vertex 175.735 -113.654 1.45
      vertex 175.501 -113.77 0
      vertex 175.735 -113.654 0
    endloop
  endfacet
  facet normal 0.320807 -0.947145 0
    outer loop
      vertex 175.735 -113.654 0
      vertex 175.983 -113.57 1.45
      vertex 175.735 -113.654 1.45
    endloop
  endfacet
  facet normal 0.320807 -0.947145 0
    outer loop
      vertex 175.983 -113.57 1.45
      vertex 175.735 -113.654 0
      vertex 175.983 -113.57 0
    endloop
  endfacet
  facet normal 0.194648 -0.980873 0
    outer loop
      vertex 175.983 -113.57 0
      vertex 176.24 -113.519 1.45
      vertex 175.983 -113.57 1.45
    endloop
  endfacet
  facet normal 0.194648 -0.980873 0
    outer loop
      vertex 176.24 -113.519 1.45
      vertex 175.983 -113.57 0
      vertex 176.24 -113.519 0
    endloop
  endfacet
  facet normal 0.0652453 -0.997869 0
    outer loop
      vertex 176.24 -113.519 0
      vertex 176.5 -113.502 1.45
      vertex 176.24 -113.519 1.45
    endloop
  endfacet
  facet normal 0.0652453 -0.997869 0
    outer loop
      vertex 176.5 -113.502 1.45
      vertex 176.24 -113.519 0
      vertex 176.5 -113.502 0
    endloop
  endfacet
  facet normal -0.0652453 -0.997869 0
    outer loop
      vertex 176.5 -113.502 0
      vertex 176.76 -113.519 1.45
      vertex 176.5 -113.502 1.45
    endloop
  endfacet
  facet normal -0.0652453 -0.997869 -0
    outer loop
      vertex 176.76 -113.519 1.45
      vertex 176.5 -113.502 0
      vertex 176.76 -113.519 0
    endloop
  endfacet
  facet normal -0.194648 -0.980873 0
    outer loop
      vertex 176.76 -113.519 0
      vertex 177.017 -113.57 1.45
      vertex 176.76 -113.519 1.45
    endloop
  endfacet
  facet normal -0.194648 -0.980873 -0
    outer loop
      vertex 177.017 -113.57 1.45
      vertex 176.76 -113.519 0
      vertex 177.017 -113.57 0
    endloop
  endfacet
  facet normal -0.320807 -0.947145 0
    outer loop
      vertex 177.017 -113.57 0
      vertex 177.265 -113.654 1.45
      vertex 177.017 -113.57 1.45
    endloop
  endfacet
  facet normal -0.320807 -0.947145 -0
    outer loop
      vertex 177.265 -113.654 1.45
      vertex 177.017 -113.57 0
      vertex 177.265 -113.654 0
    endloop
  endfacet
  facet normal -0.444148 -0.895953 0
    outer loop
      vertex 177.265 -113.654 0
      vertex 177.499 -113.77 1.45
      vertex 177.265 -113.654 1.45
    endloop
  endfacet
  facet normal -0.444148 -0.895953 -0
    outer loop
      vertex 177.499 -113.77 1.45
      vertex 177.265 -113.654 0
      vertex 177.499 -113.77 0
    endloop
  endfacet
  facet normal -0.555584 -0.83146 0
    outer loop
      vertex 177.499 -113.77 0
      vertex 177.716 -113.915 1.45
      vertex 177.499 -113.77 1.45
    endloop
  endfacet
  facet normal -0.555584 -0.83146 -0
    outer loop
      vertex 177.716 -113.915 1.45
      vertex 177.499 -113.77 0
      vertex 177.716 -113.915 0
    endloop
  endfacet
  facet normal -0.661748 -0.749726 0
    outer loop
      vertex 177.716 -113.915 0
      vertex 177.912 -114.088 1.45
      vertex 177.716 -113.915 1.45
    endloop
  endfacet
  facet normal -0.661748 -0.749726 -0
    outer loop
      vertex 177.912 -114.088 1.45
      vertex 177.716 -113.915 0
      vertex 177.912 -114.088 0
    endloop
  endfacet
  facet normal -0.749726 -0.661748 0
    outer loop
      vertex 178.085 -114.284 0
      vertex 177.912 -114.088 1.45
      vertex 177.912 -114.088 0
    endloop
  endfacet
  facet normal -0.749726 -0.661748 0
    outer loop
      vertex 177.912 -114.088 1.45
      vertex 178.085 -114.284 0
      vertex 178.085 -114.284 1.45
    endloop
  endfacet
  facet normal -0.83146 -0.555584 0
    outer loop
      vertex 178.23 -114.501 0
      vertex 178.085 -114.284 1.45
      vertex 178.085 -114.284 0
    endloop
  endfacet
  facet normal -0.83146 -0.555584 0
    outer loop
      vertex 178.085 -114.284 1.45
      vertex 178.23 -114.501 0
      vertex 178.23 -114.501 1.45
    endloop
  endfacet
  facet normal -0.895953 -0.444148 0
    outer loop
      vertex 178.346 -114.735 0
      vertex 178.23 -114.501 1.45
      vertex 178.23 -114.501 0
    endloop
  endfacet
  facet normal -0.895953 -0.444148 0
    outer loop
      vertex 178.23 -114.501 1.45
      vertex 178.346 -114.735 0
      vertex 178.346 -114.735 1.45
    endloop
  endfacet
  facet normal -0.947145 -0.320807 0
    outer loop
      vertex 178.43 -114.983 0
      vertex 178.346 -114.735 1.45
      vertex 178.346 -114.735 0
    endloop
  endfacet
  facet normal -0.947145 -0.320807 0
    outer loop
      vertex 178.346 -114.735 1.45
      vertex 178.43 -114.983 0
      vertex 178.43 -114.983 1.45
    endloop
  endfacet
  facet normal -0.980873 -0.194648 0
    outer loop
      vertex 178.481 -115.24 0
      vertex 178.43 -114.983 1.45
      vertex 178.43 -114.983 0
    endloop
  endfacet
  facet normal -0.980873 -0.194648 0
    outer loop
      vertex 178.43 -114.983 1.45
      vertex 178.481 -115.24 0
      vertex 178.481 -115.24 1.45
    endloop
  endfacet
  facet normal -0.997869 -0.0652453 0
    outer loop
      vertex 178.498 -115.5 0
      vertex 178.481 -115.24 1.45
      vertex 178.481 -115.24 0
    endloop
  endfacet
  facet normal -0.997869 -0.0652453 0
    outer loop
      vertex 178.481 -115.24 1.45
      vertex 178.498 -115.5 0
      vertex 178.498 -115.5 1.45
    endloop
  endfacet
  facet normal -0.997869 0.0652453 0
    outer loop
      vertex 178.481 -115.76 0
      vertex 178.498 -115.5 1.45
      vertex 178.498 -115.5 0
    endloop
  endfacet
  facet normal -0.997869 0.0652453 0
    outer loop
      vertex 178.498 -115.5 1.45
      vertex 178.481 -115.76 0
      vertex 178.481 -115.76 1.45
    endloop
  endfacet
  facet normal -0.980873 0.194648 0
    outer loop
      vertex 178.43 -116.017 0
      vertex 178.481 -115.76 1.45
      vertex 178.481 -115.76 0
    endloop
  endfacet
  facet normal -0.980873 0.194648 0
    outer loop
      vertex 178.481 -115.76 1.45
      vertex 178.43 -116.017 0
      vertex 178.43 -116.017 1.45
    endloop
  endfacet
  facet normal -0.947145 0.320807 0
    outer loop
      vertex 178.346 -116.265 0
      vertex 178.43 -116.017 1.45
      vertex 178.43 -116.017 0
    endloop
  endfacet
  facet normal -0.947145 0.320807 0
    outer loop
      vertex 178.43 -116.017 1.45
      vertex 178.346 -116.265 0
      vertex 178.346 -116.265 1.45
    endloop
  endfacet
  facet normal -0.895953 0.444148 0
    outer loop
      vertex 178.23 -116.499 0
      vertex 178.346 -116.265 1.45
      vertex 178.346 -116.265 0
    endloop
  endfacet
  facet normal -0.895953 0.444148 0
    outer loop
      vertex 178.346 -116.265 1.45
      vertex 178.23 -116.499 0
      vertex 178.23 -116.499 1.45
    endloop
  endfacet
  facet normal -0.83146 0.555584 0
    outer loop
      vertex 178.085 -116.716 0
      vertex 178.23 -116.499 1.45
      vertex 178.23 -116.499 0
    endloop
  endfacet
  facet normal -0.83146 0.555584 0
    outer loop
      vertex 178.23 -116.499 1.45
      vertex 178.085 -116.716 0
      vertex 178.085 -116.716 1.45
    endloop
  endfacet
  facet normal -0.749726 0.661748 0
    outer loop
      vertex 177.912 -116.912 0
      vertex 178.085 -116.716 1.45
      vertex 178.085 -116.716 0
    endloop
  endfacet
  facet normal -0.749726 0.661748 0
    outer loop
      vertex 178.085 -116.716 1.45
      vertex 177.912 -116.912 0
      vertex 177.912 -116.912 1.45
    endloop
  endfacet
  facet normal -0.661748 0.749726 0
    outer loop
      vertex 177.912 -116.912 0
      vertex 177.716 -117.085 1.45
      vertex 177.912 -116.912 1.45
    endloop
  endfacet
  facet normal -0.661748 0.749726 0
    outer loop
      vertex 177.716 -117.085 1.45
      vertex 177.912 -116.912 0
      vertex 177.716 -117.085 0
    endloop
  endfacet
  facet normal -0.555584 0.83146 0
    outer loop
      vertex 177.716 -117.085 0
      vertex 177.499 -117.23 1.45
      vertex 177.716 -117.085 1.45
    endloop
  endfacet
  facet normal -0.555584 0.83146 0
    outer loop
      vertex 177.499 -117.23 1.45
      vertex 177.716 -117.085 0
      vertex 177.499 -117.23 0
    endloop
  endfacet
  facet normal -0.444148 0.895953 0
    outer loop
      vertex 177.499 -117.23 0
      vertex 177.265 -117.346 1.45
      vertex 177.499 -117.23 1.45
    endloop
  endfacet
  facet normal -0.444148 0.895953 0
    outer loop
      vertex 177.265 -117.346 1.45
      vertex 177.499 -117.23 0
      vertex 177.265 -117.346 0
    endloop
  endfacet
  facet normal -0.320807 0.947145 0
    outer loop
      vertex 177.265 -117.346 0
      vertex 177.017 -117.43 1.45
      vertex 177.265 -117.346 1.45
    endloop
  endfacet
  facet normal -0.320807 0.947145 0
    outer loop
      vertex 177.017 -117.43 1.45
      vertex 177.265 -117.346 0
      vertex 177.017 -117.43 0
    endloop
  endfacet
  facet normal -0.194648 0.980873 0
    outer loop
      vertex 177.017 -117.43 0
      vertex 176.76 -117.481 1.45
      vertex 177.017 -117.43 1.45
    endloop
  endfacet
  facet normal -0.194648 0.980873 0
    outer loop
      vertex 176.76 -117.481 1.45
      vertex 177.017 -117.43 0
      vertex 176.76 -117.481 0
    endloop
  endfacet
  facet normal -0.0652453 0.997869 0
    outer loop
      vertex 176.76 -117.481 0
      vertex 176.5 -117.498 1.45
      vertex 176.76 -117.481 1.45
    endloop
  endfacet
  facet normal -0.0652453 0.997869 0
    outer loop
      vertex 176.5 -117.498 1.45
      vertex 176.76 -117.481 0
      vertex 176.5 -117.498 0
    endloop
  endfacet
  facet normal 0.0652453 0.997869 -0
    outer loop
      vertex 176.5 -117.498 0
      vertex 176.24 -117.481 1.45
      vertex 176.5 -117.498 1.45
    endloop
  endfacet
  facet normal 0.0652453 0.997869 0
    outer loop
      vertex 176.24 -117.481 1.45
      vertex 176.5 -117.498 0
      vertex 176.24 -117.481 0
    endloop
  endfacet
  facet normal 0 0 1
    outer loop
      vertex 173.902 -44 0.15
      vertex 111.098 -44 0.15
      vertex 174.12 -44.3262 0.15
    endloop
  endfacet
  facet normal 0 0 1
    outer loop
      vertex 174.379 -113.379 0.15
      vertex 111.475 -115.108 0.15
      vertex 111.5 -115.5 0.15
    endloop
  endfacet
  facet normal 0 0 1
    outer loop
      vertex 110.88 -44.3262 0.15
      vertex 174.12 -44.3262 0.15
      vertex 111.098 -44 0.15
    endloop
  endfacet
  facet normal 0 0 1
    outer loop
      vertex 174.379 -113.379 0.15
      vertex 111.397 -114.724 0.15
      vertex 111.475 -115.108 0.15
    endloop
  endfacet
  facet normal 0 0 1
    outer loop
      vertex 174.12 -44.3262 0.15
      vertex 110.88 -44.3262 0.15
      vertex 174.379 -44.6211 0.15
    endloop
  endfacet
  facet normal 0 0 1
    outer loop
      vertex 174.379 -113.379 0.15
      vertex 111.271 -114.352 0.15
      vertex 111.397 -114.724 0.15
    endloop
  endfacet
  facet normal 0 0 1
    outer loop
      vertex 110.621 -44.6211 0.15
      vertex 174.379 -44.6211 0.15
      vertex 110.88 -44.3262 0.15
    endloop
  endfacet
  facet normal 0 0 1
    outer loop
      vertex 174.379 -113.379 0.15
      vertex 111.098 -114 0.15
      vertex 111.271 -114.352 0.15
    endloop
  endfacet
  facet normal 0 0 1
    outer loop
      vertex 174.379 -44.6211 0.15
      vertex 110.621 -44.6211 0.15
      vertex 174.379 -113.379 0.15
    endloop
  endfacet
  facet normal 0 0 1
    outer loop
      vertex 174.379 -113.379 0.15
      vertex 110.88 -113.674 0.15
      vertex 111.098 -114 0.15
    endloop
  endfacet
  facet normal 0 0 1
    outer loop
      vertex 110.621 -113.379 0.15
      vertex 174.379 -113.379 0.15
      vertex 110.621 -44.6211 0.15
    endloop
  endfacet
  facet normal 0 0 1
    outer loop
      vertex 174.379 -113.379 0.15
      vertex 110.621 -113.379 0.15
      vertex 110.88 -113.674 0.15
    endloop
  endfacet
  facet normal -0 0 1
    outer loop
      vertex 110.326 -44.8799 0.15
      vertex 110.621 -113.379 0.15
      vertex 110.621 -44.6211 0.15
    endloop
  endfacet
  facet normal 0 0 1
    outer loop
      vertex 110.326 -44.8799 0.15
      vertex 110.326 -113.12 0.15
      vertex 110.621 -113.379 0.15
    endloop
  endfacet
  facet normal -0 0 1
    outer loop
      vertex 110 -45.0977 0.15
      vertex 110.326 -113.12 0.15
      vertex 110.326 -44.8799 0.15
    endloop
  endfacet
  facet normal 0 0 1
    outer loop
      vertex 110 -45.0977 0.15
      vertex 110 -112.902 0.15
      vertex 110.326 -113.12 0.15
    endloop
  endfacet
  facet normal -0 0 1
    outer loop
      vertex 109.648 -45.2715 0.15
      vertex 110 -112.902 0.15
      vertex 110 -45.0977 0.15
    endloop
  endfacet
  facet normal 0 0 1
    outer loop
      vertex 109.648 -45.2715 0.15
      vertex 109.648 -112.729 0.15
      vertex 110 -112.902 0.15
    endloop
  endfacet
  facet normal -0 0 1
    outer loop
      vertex 109.276 -45.3975 0.15
      vertex 109.648 -112.729 0.15
      vertex 109.648 -45.2715 0.15
    endloop
  endfacet
  facet normal 0 0 1
    outer loop
      vertex 109.276 -45.3975 0.15
      vertex 109.276 -112.603 0.15
      vertex 109.648 -112.729 0.15
    endloop
  endfacet
  facet normal -0 0 1
    outer loop
      vertex 108.892 -45.4746 0.15
      vertex 109.276 -112.603 0.15
      vertex 109.276 -45.3975 0.15
    endloop
  endfacet
  facet normal 0 0 1
    outer loop
      vertex 108.892 -45.4746 0.15
      vertex 108.892 -112.525 0.15
      vertex 109.276 -112.603 0.15
    endloop
  endfacet
  facet normal -0 0 1
    outer loop
      vertex 108.5 -45.5 0.15
      vertex 108.892 -112.525 0.15
      vertex 108.892 -45.4746 0.15
    endloop
  endfacet
  facet normal 0 0 1
    outer loop
      vertex 108.5 -45.5 0.15
      vertex 108.5 -112.5 0.15
      vertex 108.892 -112.525 0.15
    endloop
  endfacet
  facet normal 0 0 1
    outer loop
      vertex 108.108 -45.4746 0.15
      vertex 108.5 -112.5 0.15
      vertex 108.5 -45.5 0.15
    endloop
  endfacet
  facet normal 0 0 1
    outer loop
      vertex 108.108 -45.4746 0.15
      vertex 108.108 -112.525 0.15
      vertex 108.5 -112.5 0.15
    endloop
  endfacet
  facet normal 0 0 1
    outer loop
      vertex 107.724 -45.3975 0.15
      vertex 108.108 -112.525 0.15
      vertex 108.108 -45.4746 0.15
    endloop
  endfacet
  facet normal 0 0 1
    outer loop
      vertex 107.724 -45.3975 0.15
      vertex 107.724 -112.603 0.15
      vertex 108.108 -112.525 0.15
    endloop
  endfacet
  facet normal 0 0 1
    outer loop
      vertex 107.352 -45.2715 0.15
      vertex 107.724 -112.603 0.15
      vertex 107.724 -45.3975 0.15
    endloop
  endfacet
  facet normal 0 0 1
    outer loop
      vertex 107.352 -45.2715 0.15
      vertex 107.352 -112.729 0.15
      vertex 107.724 -112.603 0.15
    endloop
  endfacet
  facet normal 0 0 1
    outer loop
      vertex 107 -45.0977 0.15
      vertex 107.352 -112.729 0.15
      vertex 107.352 -45.2715 0.15
    endloop
  endfacet
  facet normal 0 0 1
    outer loop
      vertex 107 -45.0977 0.15
      vertex 107 -112.902 0.15
      vertex 107.352 -112.729 0.15
    endloop
  endfacet
  facet normal 0 0 1
    outer loop
      vertex 106.674 -44.8799 0.15
      vertex 107 -112.902 0.15
      vertex 107 -45.0977 0.15
    endloop
  endfacet
  facet normal 0 0 1
    outer loop
      vertex 106.674 -44.8799 0.15
      vertex 106.674 -113.12 0.15
      vertex 107 -112.902 0.15
    endloop
  endfacet
  facet normal 0 0 1
    outer loop
      vertex 106.379 -44.6211 0.15
      vertex 106.674 -113.12 0.15
      vertex 106.674 -44.8799 0.15
    endloop
  endfacet
  facet normal 0 0 1
    outer loop
      vertex 106.379 -44.6211 0.15
      vertex 106.379 -113.379 0.15
      vertex 106.674 -113.12 0.15
    endloop
  endfacet
  facet normal 0 0 1
    outer loop
      vertex 106.12 -44.3262 0.15
      vertex 106.379 -113.379 0.15
      vertex 106.379 -44.6211 0.15
    endloop
  endfacet
  facet normal 0 0 1
    outer loop
      vertex 106.12 -44.3262 0.15
      vertex 106.12 -113.674 0.15
      vertex 106.379 -113.379 0.15
    endloop
  endfacet
  facet normal 0 0 1
    outer loop
      vertex 105.902 -44 0.15
      vertex 106.12 -113.674 0.15
      vertex 106.12 -44.3262 0.15
    endloop
  endfacet
  facet normal 0 0 1
    outer loop
      vertex 105.902 -44 0.15
      vertex 105.902 -114 0.15
      vertex 106.12 -113.674 0.15
    endloop
  endfacet
  facet normal 0 0 1
    outer loop
      vertex 93.5 -30.5 0.15
      vertex 105.902 -44 0.15
      vertex 105.729 -43.6484 0.15
    endloop
  endfacet
  facet normal 0 0 1
    outer loop
      vertex 105.902 -44 0.15
      vertex 93.5 -30.5 0.15
      vertex 105.902 -114 0.15
    endloop
  endfacet
  facet normal 0 0 1
    outer loop
      vertex 93.5 -30.5 0.15
      vertex 105.729 -43.6484 0.15
      vertex 105.603 -43.2764 0.15
    endloop
  endfacet
  facet normal 0 0 1
    outer loop
      vertex 93.5 -130.5 0.15
      vertex 105.902 -114 0.15
      vertex 93.5 -30.5 0.15
    endloop
  endfacet
  facet normal 0 0 1
    outer loop
      vertex 93.5 -30.5 0.15
      vertex 105.603 -43.2764 0.15
      vertex 105.525 -42.8916 0.15
    endloop
  endfacet
  facet normal 0 0 1
    outer loop
      vertex 105.902 -114 0.15
      vertex 93.5 -130.5 0.15
      vertex 105.729 -114.352 0.15
    endloop
  endfacet
  facet normal 0 0 1
    outer loop
      vertex 93.5 -30.5 0.15
      vertex 105.525 -42.8916 0.15
      vertex 105.5 -42.5 0.15
    endloop
  endfacet
  facet normal 0 0 1
    outer loop
      vertex 105.729 -114.352 0.15
      vertex 93.5 -130.5 0.15
      vertex 105.603 -114.724 0.15
    endloop
  endfacet
  facet normal 0 0 1
    outer loop
      vertex 179.397 -43.2764 0.15
      vertex 193.5 -30.5 0.15
      vertex 179.475 -42.8916 0.15
    endloop
  endfacet
  facet normal 0 0 1
    outer loop
      vertex 193.5 -30.5 0.15
      vertex 179.475 -115.108 0.15
      vertex 179.5 -115.5 0.15
    endloop
  endfacet
  facet normal 0 0 1
    outer loop
      vertex 179.271 -43.6484 0.15
      vertex 193.5 -30.5 0.15
      vertex 179.397 -43.2764 0.15
    endloop
  endfacet
  facet normal 0 0 1
    outer loop
      vertex 193.5 -30.5 0.15
      vertex 179.397 -114.724 0.15
      vertex 179.475 -115.108 0.15
    endloop
  endfacet
  facet normal 0 0 1
    outer loop
      vertex 179.098 -44 0.15
      vertex 193.5 -30.5 0.15
      vertex 179.271 -43.6484 0.15
    endloop
  endfacet
  facet normal 0 0 1
    outer loop
      vertex 193.5 -30.5 0.15
      vertex 179.271 -114.352 0.15
      vertex 179.397 -114.724 0.15
    endloop
  endfacet
  facet normal 0 0 1
    outer loop
      vertex 178.88 -44.3262 0.15
      vertex 193.5 -30.5 0.15
      vertex 179.098 -44 0.15
    endloop
  endfacet
  facet normal 0 0 1
    outer loop
      vertex 193.5 -30.5 0.15
      vertex 179.098 -114 0.15
      vertex 179.271 -114.352 0.15
    endloop
  endfacet
  facet normal 0 0 1
    outer loop
      vertex 178.88 -113.674 0.15
      vertex 193.5 -30.5 0.15
      vertex 178.88 -44.3262 0.15
    endloop
  endfacet
  facet normal 0 0 1
    outer loop
      vertex 193.5 -30.5 0.15
      vertex 178.88 -113.674 0.15
      vertex 179.098 -114 0.15
    endloop
  endfacet
  facet normal -0 0 1
    outer loop
      vertex 178.621 -44.6211 0.15
      vertex 178.88 -113.674 0.15
      vertex 178.88 -44.3262 0.15
    endloop
  endfacet
  facet normal 0 0 1
    outer loop
      vertex 178.621 -44.6211 0.15
      vertex 178.621 -113.379 0.15
      vertex 178.88 -113.674 0.15
    endloop
  endfacet
  facet normal -0 0 1
    outer loop
      vertex 178.326 -44.8799 0.15
      vertex 178.621 -113.379 0.15
      vertex 178.621 -44.6211 0.15
    endloop
  endfacet
  facet normal 0 0 1
    outer loop
      vertex 178.326 -44.8799 0.15
      vertex 178.326 -113.12 0.15
      vertex 178.621 -113.379 0.15
    endloop
  endfacet
  facet normal -0 0 1
    outer loop
      vertex 178 -45.0977 0.15
      vertex 178.326 -113.12 0.15
      vertex 178.326 -44.8799 0.15
    endloop
  endfacet
  facet normal 0 0 1
    outer loop
      vertex 178 -45.0977 0.15
      vertex 178 -112.902 0.15
      vertex 178.326 -113.12 0.15
    endloop
  endfacet
  facet normal -0 0 1
    outer loop
      vertex 177.648 -45.2715 0.15
      vertex 178 -112.902 0.15
      vertex 178 -45.0977 0.15
    endloop
  endfacet
  facet normal 0 0 1
    outer loop
      vertex 177.648 -45.2715 0.15
      vertex 177.648 -112.729 0.15
      vertex 178 -112.902 0.15
    endloop
  endfacet
  facet normal -0 0 1
    outer loop
      vertex 177.276 -45.3975 0.15
      vertex 177.648 -112.729 0.15
      vertex 177.648 -45.2715 0.15
    endloop
  endfacet
  facet normal 0 0 1
    outer loop
      vertex 177.276 -45.3975 0.15
      vertex 177.276 -112.603 0.15
      vertex 177.648 -112.729 0.15
    endloop
  endfacet
  facet normal -0 0 1
    outer loop
      vertex 176.892 -45.4746 0.15
      vertex 177.276 -112.603 0.15
      vertex 177.276 -45.3975 0.15
    endloop
  endfacet
  facet normal 0 0 1
    outer loop
      vertex 176.892 -45.4746 0.15
      vertex 176.892 -112.525 0.15
      vertex 177.276 -112.603 0.15
    endloop
  endfacet
  facet normal -0 0 1
    outer loop
      vertex 176.5 -45.5 0.15
      vertex 176.892 -112.525 0.15
      vertex 176.892 -45.4746 0.15
    endloop
  endfacet
  facet normal 0 0 1
    outer loop
      vertex 176.5 -45.5 0.15
      vertex 176.5 -112.5 0.15
      vertex 176.892 -112.525 0.15
    endloop
  endfacet
  facet normal 0 0 1
    outer loop
      vertex 176.108 -45.4746 0.15
      vertex 176.5 -112.5 0.15
      vertex 176.5 -45.5 0.15
    endloop
  endfacet
  facet normal 0 0 1
    outer loop
      vertex 176.108 -45.4746 0.15
      vertex 176.108 -112.525 0.15
      vertex 176.5 -112.5 0.15
    endloop
  endfacet
  facet normal 0 0 1
    outer loop
      vertex 175.724 -45.3975 0.15
      vertex 176.108 -112.525 0.15
      vertex 176.108 -45.4746 0.15
    endloop
  endfacet
  facet normal 0 0 1
    outer loop
      vertex 175.724 -45.3975 0.15
      vertex 175.724 -112.603 0.15
      vertex 176.108 -112.525 0.15
    endloop
  endfacet
  facet normal 0 0 1
    outer loop
      vertex 175.352 -45.2715 0.15
      vertex 175.724 -112.603 0.15
      vertex 175.724 -45.3975 0.15
    endloop
  endfacet
  facet normal 0 0 1
    outer loop
      vertex 175.352 -45.2715 0.15
      vertex 175.352 -112.729 0.15
      vertex 175.724 -112.603 0.15
    endloop
  endfacet
  facet normal 0 0 1
    outer loop
      vertex 175 -45.0977 0.15
      vertex 175.352 -112.729 0.15
      vertex 175.352 -45.2715 0.15
    endloop
  endfacet
  facet normal 0 0 1
    outer loop
      vertex 175 -45.0977 0.15
      vertex 175 -112.902 0.15
      vertex 175.352 -112.729 0.15
    endloop
  endfacet
  facet normal 0 0 1
    outer loop
      vertex 174.674 -44.8799 0.15
      vertex 175 -112.902 0.15
      vertex 175 -45.0977 0.15
    endloop
  endfacet
  facet normal 0 0 1
    outer loop
      vertex 174.674 -44.8799 0.15
      vertex 174.674 -113.12 0.15
      vertex 175 -112.902 0.15
    endloop
  endfacet
  facet normal 0 0 1
    outer loop
      vertex 174.379 -44.6211 0.15
      vertex 174.674 -113.12 0.15
      vertex 174.674 -44.8799 0.15
    endloop
  endfacet
  facet normal 0 0 1
    outer loop
      vertex 174.379 -44.6211 0.15
      vertex 174.379 -113.379 0.15
      vertex 174.674 -113.12 0.15
    endloop
  endfacet
  facet normal 0 0 1
    outer loop
      vertex 111.271 -43.6484 0.15
      vertex 173.729 -43.6484 0.15
      vertex 111.397 -43.2764 0.15
    endloop
  endfacet
  facet normal 0 0 1
    outer loop
      vertex 173.729 -43.6484 0.15
      vertex 111.271 -43.6484 0.15
      vertex 173.902 -44 0.15
    endloop
  endfacet
  facet normal 0 0 1
    outer loop
      vertex 173.603 -43.2764 0.15
      vertex 111.397 -43.2764 0.15
      vertex 173.729 -43.6484 0.15
    endloop
  endfacet
  facet normal 0 0 1
    outer loop
      vertex 111.098 -44 0.15
      vertex 173.902 -44 0.15
      vertex 111.271 -43.6484 0.15
    endloop
  endfacet
  facet normal 0 0 1
    outer loop
      vertex 111.397 -43.2764 0.15
      vertex 173.603 -43.2764 0.15
      vertex 111.475 -42.8916 0.15
    endloop
  endfacet
  facet normal 0 0 1
    outer loop
      vertex 174.379 -113.379 0.15
      vertex 111.5 -115.5 0.15
      vertex 174.12 -113.674 0.15
    endloop
  endfacet
  facet normal 0 0 1
    outer loop
      vertex 173.525 -42.8916 0.15
      vertex 111.475 -42.8916 0.15
      vertex 173.603 -43.2764 0.15
    endloop
  endfacet
  facet normal 0 0 1
    outer loop
      vertex 174.12 -113.674 0.15
      vertex 111.5 -115.5 0.15
      vertex 173.902 -114 0.15
    endloop
  endfacet
  facet normal 0 0 1
    outer loop
      vertex 111.475 -42.8916 0.15
      vertex 173.525 -42.8916 0.15
      vertex 111.5 -42.5 0.15
    endloop
  endfacet
  facet normal 0 0 1
    outer loop
      vertex 173.902 -114 0.15
      vertex 111.5 -115.5 0.15
      vertex 173.729 -114.352 0.15
    endloop
  endfacet
  facet normal -0 0 1
    outer loop
      vertex 111.5 -42.5 0.15
      vertex 173.525 -42.8916 0.15
      vertex 173.5 -42.5 0.15
    endloop
  endfacet
  facet normal 0 0 1
    outer loop
      vertex 173.729 -114.352 0.15
      vertex 111.5 -115.5 0.15
      vertex 173.603 -114.724 0.15
    endloop
  endfacet
  facet normal 0 0 1
    outer loop
      vertex 179.475 -42.8916 0.15
      vertex 193.5 -30.5 0.15
      vertex 179.5 -42.5 0.15
    endloop
  endfacet
  facet normal 0 0 1
    outer loop
      vertex 193.5 -30.5 0.15
      vertex 179.475 -42.1084 0.15
      vertex 179.5 -42.5 0.15
    endloop
  endfacet
  facet normal 0 0 1
    outer loop
      vertex 193.5 -30.5 0.15
      vertex 179.397 -41.7236 0.15
      vertex 179.475 -42.1084 0.15
    endloop
  endfacet
  facet normal 0 0 1
    outer loop
      vertex 193.5 -30.5 0.15
      vertex 179.271 -41.3516 0.15
      vertex 179.397 -41.7236 0.15
    endloop
  endfacet
  facet normal 0 0 1
    outer loop
      vertex 193.5 -30.5 0.15
      vertex 179.098 -41 0.15
      vertex 179.271 -41.3516 0.15
    endloop
  endfacet
  facet normal 0 0 1
    outer loop
      vertex 193.5 -30.5 0.15
      vertex 178.88 -40.6738 0.15
      vertex 179.098 -41 0.15
    endloop
  endfacet
  facet normal 0 0 1
    outer loop
      vertex 193.5 -30.5 0.15
      vertex 178.621 -40.3789 0.15
      vertex 178.88 -40.6738 0.15
    endloop
  endfacet
  facet normal 0 0 1
    outer loop
      vertex 193.5 -30.5 0.15
      vertex 178.326 -40.1201 0.15
      vertex 178.621 -40.3789 0.15
    endloop
  endfacet
  facet normal 0 0 1
    outer loop
      vertex 193.5 -30.5 0.15
      vertex 178 -39.9023 0.15
      vertex 178.326 -40.1201 0.15
    endloop
  endfacet
  facet normal 0 0 1
    outer loop
      vertex 193.5 -30.5 0.15
      vertex 177.648 -39.7285 0.15
      vertex 178 -39.9023 0.15
    endloop
  endfacet
  facet normal 0 0 1
    outer loop
      vertex 193.5 -30.5 0.15
      vertex 177.276 -39.6025 0.15
      vertex 177.648 -39.7285 0.15
    endloop
  endfacet
  facet normal 0 0 1
    outer loop
      vertex 193.5 -30.5 0.15
      vertex 176.892 -39.5254 0.15
      vertex 177.276 -39.6025 0.15
    endloop
  endfacet
  facet normal 0 0 1
    outer loop
      vertex 193.5 -30.5 0.15
      vertex 176.5 -39.5 0.15
      vertex 176.892 -39.5254 0.15
    endloop
  endfacet
  facet normal 0 0 1
    outer loop
      vertex 193.5 -30.5 0.15
      vertex 176.108 -39.5254 0.15
      vertex 176.5 -39.5 0.15
    endloop
  endfacet
  facet normal 0 0 1
    outer loop
      vertex 193.5 -30.5 0.15
      vertex 175.724 -39.6025 0.15
      vertex 176.108 -39.5254 0.15
    endloop
  endfacet
  facet normal 0 0 1
    outer loop
      vertex 193.5 -30.5 0.15
      vertex 175.352 -39.7285 0.15
      vertex 175.724 -39.6025 0.15
    endloop
  endfacet
  facet normal -0 0 1
    outer loop
      vertex 93.5 -30.5 0.15
      vertex 175.352 -39.7285 0.15
      vertex 193.5 -30.5 0.15
    endloop
  endfacet
  facet normal 0 0 1
    outer loop
      vertex 173.603 -114.724 0.15
      vertex 111.5 -115.5 0.15
      vertex 173.525 -115.108 0.15
    endloop
  endfacet
  facet normal 0 0 1
    outer loop
      vertex 173.525 -42.1084 0.15
      vertex 111.5 -42.5 0.15
      vertex 173.5 -42.5 0.15
    endloop
  endfacet
  facet normal 0 0 1
    outer loop
      vertex 111.475 -42.1084 0.15
      vertex 173.525 -42.1084 0.15
      vertex 173.603 -41.7236 0.15
    endloop
  endfacet
  facet normal 0 0 1
    outer loop
      vertex 111.397 -41.7236 0.15
      vertex 173.603 -41.7236 0.15
      vertex 173.729 -41.3516 0.15
    endloop
  endfacet
  facet normal 0 0 1
    outer loop
      vertex 111.271 -41.3516 0.15
      vertex 173.729 -41.3516 0.15
      vertex 173.902 -41 0.15
    endloop
  endfacet
  facet normal 0 0 1
    outer loop
      vertex 111.098 -41 0.15
      vertex 173.902 -41 0.15
      vertex 174.12 -40.6738 0.15
    endloop
  endfacet
  facet normal 0 0 1
    outer loop
      vertex 110.88 -40.6738 0.15
      vertex 174.12 -40.6738 0.15
      vertex 174.379 -40.3789 0.15
    endloop
  endfacet
  facet normal 0 0 1
    outer loop
      vertex 110.621 -40.3789 0.15
      vertex 174.379 -40.3789 0.15
      vertex 174.674 -40.1201 0.15
    endloop
  endfacet
  facet normal 0 0 1
    outer loop
      vertex 110.326 -40.1201 0.15
      vertex 174.674 -40.1201 0.15
      vertex 175 -39.9023 0.15
    endloop
  endfacet
  facet normal 0 -0 1
    outer loop
      vertex 109.648 -39.7285 0.15
      vertex 175.352 -39.7285 0.15
      vertex 93.5 -30.5 0.15
    endloop
  endfacet
  facet normal 0 0 1
    outer loop
      vertex 173.525 -42.1084 0.15
      vertex 111.475 -42.1084 0.15
      vertex 111.5 -42.5 0.15
    endloop
  endfacet
  facet normal 0 0 1
    outer loop
      vertex 173.603 -41.7236 0.15
      vertex 111.397 -41.7236 0.15
      vertex 111.475 -42.1084 0.15
    endloop
  endfacet
  facet normal 0 0 1
    outer loop
      vertex 173.729 -41.3516 0.15
      vertex 111.271 -41.3516 0.15
      vertex 111.397 -41.7236 0.15
    endloop
  endfacet
  facet normal 0 0 1
    outer loop
      vertex 173.902 -41 0.15
      vertex 111.098 -41 0.15
      vertex 111.271 -41.3516 0.15
    endloop
  endfacet
  facet normal 0 0 1
    outer loop
      vertex 174.12 -40.6738 0.15
      vertex 110.88 -40.6738 0.15
      vertex 111.098 -41 0.15
    endloop
  endfacet
  facet normal 0 0 1
    outer loop
      vertex 174.379 -40.3789 0.15
      vertex 110.621 -40.3789 0.15
      vertex 110.88 -40.6738 0.15
    endloop
  endfacet
  facet normal 0 0 1
    outer loop
      vertex 174.674 -40.1201 0.15
      vertex 110.326 -40.1201 0.15
      vertex 110.621 -40.3789 0.15
    endloop
  endfacet
  facet normal 0 0 1
    outer loop
      vertex 175 -39.9023 0.15
      vertex 110 -39.9023 0.15
      vertex 110.326 -40.1201 0.15
    endloop
  endfacet
  facet normal 0 0 1
    outer loop
      vertex 175 -39.9023 0.15
      vertex 109.648 -39.7285 0.15
      vertex 110 -39.9023 0.15
    endloop
  endfacet
  facet normal 0 0 1
    outer loop
      vertex 175.352 -39.7285 0.15
      vertex 109.648 -39.7285 0.15
      vertex 175 -39.9023 0.15
    endloop
  endfacet
  facet normal 0 0 1
    outer loop
      vertex 109.648 -39.7285 0.15
      vertex 93.5 -30.5 0.15
      vertex 109.276 -39.6025 0.15
    endloop
  endfacet
  facet normal 0 0 1
    outer loop
      vertex 109.276 -39.6025 0.15
      vertex 93.5 -30.5 0.15
      vertex 108.892 -39.5254 0.15
    endloop
  endfacet
  facet normal 0 0 1
    outer loop
      vertex 108.892 -39.5254 0.15
      vertex 93.5 -30.5 0.15
      vertex 108.5 -39.5 0.15
    endloop
  endfacet
  facet normal 0 0 1
    outer loop
      vertex 105.603 -114.724 0.15
      vertex 93.5 -130.5 0.15
      vertex 105.525 -115.108 0.15
    endloop
  endfacet
  facet normal 0 0 1
    outer loop
      vertex 105.525 -42.1084 0.15
      vertex 93.5 -30.5 0.15
      vertex 105.5 -42.5 0.15
    endloop
  endfacet
  facet normal 0 0 1
    outer loop
      vertex 105.603 -41.7236 0.15
      vertex 93.5 -30.5 0.15
      vertex 105.525 -42.1084 0.15
    endloop
  endfacet
  facet normal 0 0 1
    outer loop
      vertex 105.729 -41.3516 0.15
      vertex 93.5 -30.5 0.15
      vertex 105.603 -41.7236 0.15
    endloop
  endfacet
  facet normal 0 0 1
    outer loop
      vertex 105.902 -41 0.15
      vertex 93.5 -30.5 0.15
      vertex 105.729 -41.3516 0.15
    endloop
  endfacet
  facet normal 0 0 1
    outer loop
      vertex 106.12 -40.6738 0.15
      vertex 93.5 -30.5 0.15
      vertex 105.902 -41 0.15
    endloop
  endfacet
  facet normal 0 0 1
    outer loop
      vertex 106.379 -40.3789 0.15
      vertex 93.5 -30.5 0.15
      vertex 106.12 -40.6738 0.15
    endloop
  endfacet
  facet normal 0 0 1
    outer loop
      vertex 106.674 -40.1201 0.15
      vertex 93.5 -30.5 0.15
      vertex 106.379 -40.3789 0.15
    endloop
  endfacet
  facet normal 0 0 1
    outer loop
      vertex 107 -39.9023 0.15
      vertex 93.5 -30.5 0.15
      vertex 106.674 -40.1201 0.15
    endloop
  endfacet
  facet normal 0 0 1
    outer loop
      vertex 107.352 -39.7285 0.15
      vertex 93.5 -30.5 0.15
      vertex 107 -39.9023 0.15
    endloop
  endfacet
  facet normal 0 0 1
    outer loop
      vertex 107.724 -39.6025 0.15
      vertex 93.5 -30.5 0.15
      vertex 107.352 -39.7285 0.15
    endloop
  endfacet
  facet normal 0 0 1
    outer loop
      vertex 108.108 -39.5254 0.15
      vertex 93.5 -30.5 0.15
      vertex 107.724 -39.6025 0.15
    endloop
  endfacet
  facet normal 0 0 1
    outer loop
      vertex 108.5 -39.5 0.15
      vertex 93.5 -30.5 0.15
      vertex 108.108 -39.5254 0.15
    endloop
  endfacet
  facet normal 0 0 1
    outer loop
      vertex 193.5 -30.5 0.15
      vertex 179.5 -115.5 0.15
      vertex 193.5 -130.5 0.15
    endloop
  endfacet
  facet normal -0 0 1
    outer loop
      vertex 179.475 -115.892 0.15
      vertex 193.5 -130.5 0.15
      vertex 179.5 -115.5 0.15
    endloop
  endfacet
  facet normal -0 0 1
    outer loop
      vertex 179.397 -116.276 0.15
      vertex 193.5 -130.5 0.15
      vertex 179.475 -115.892 0.15
    endloop
  endfacet
  facet normal -0 0 1
    outer loop
      vertex 179.271 -116.648 0.15
      vertex 193.5 -130.5 0.15
      vertex 179.397 -116.276 0.15
    endloop
  endfacet
  facet normal -0 0 1
    outer loop
      vertex 179.098 -117 0.15
      vertex 193.5 -130.5 0.15
      vertex 179.271 -116.648 0.15
    endloop
  endfacet
  facet normal -0 0 1
    outer loop
      vertex 178.88 -117.326 0.15
      vertex 193.5 -130.5 0.15
      vertex 179.098 -117 0.15
    endloop
  endfacet
  facet normal -0 0 1
    outer loop
      vertex 178.621 -117.621 0.15
      vertex 193.5 -130.5 0.15
      vertex 178.88 -117.326 0.15
    endloop
  endfacet
  facet normal -0 0 1
    outer loop
      vertex 178.326 -117.88 0.15
      vertex 193.5 -130.5 0.15
      vertex 178.621 -117.621 0.15
    endloop
  endfacet
  facet normal -0 0 1
    outer loop
      vertex 178 -118.098 0.15
      vertex 193.5 -130.5 0.15
      vertex 178.326 -117.88 0.15
    endloop
  endfacet
  facet normal -0 0 1
    outer loop
      vertex 177.648 -118.271 0.15
      vertex 193.5 -130.5 0.15
      vertex 178 -118.098 0.15
    endloop
  endfacet
  facet normal -0 0 1
    outer loop
      vertex 177.276 -118.397 0.15
      vertex 193.5 -130.5 0.15
      vertex 177.648 -118.271 0.15
    endloop
  endfacet
  facet normal -0 0 1
    outer loop
      vertex 176.892 -118.475 0.15
      vertex 193.5 -130.5 0.15
      vertex 177.276 -118.397 0.15
    endloop
  endfacet
  facet normal -0 0 1
    outer loop
      vertex 176.5 -118.5 0.15
      vertex 193.5 -130.5 0.15
      vertex 176.892 -118.475 0.15
    endloop
  endfacet
  facet normal 0 0 1
    outer loop
      vertex 176.108 -118.475 0.15
      vertex 193.5 -130.5 0.15
      vertex 176.5 -118.5 0.15
    endloop
  endfacet
  facet normal 0 0 1
    outer loop
      vertex 175.724 -118.397 0.15
      vertex 193.5 -130.5 0.15
      vertex 176.108 -118.475 0.15
    endloop
  endfacet
  facet normal 0 0 1
    outer loop
      vertex 175.352 -118.271 0.15
      vertex 193.5 -130.5 0.15
      vertex 175.724 -118.397 0.15
    endloop
  endfacet
  facet normal 0 0 1
    outer loop
      vertex 93.5 -130.5 0.15
      vertex 175.352 -118.271 0.15
      vertex 175 -118.098 0.15
    endloop
  endfacet
  facet normal 0 0 1
    outer loop
      vertex 110 -118.098 0.15
      vertex 175 -118.098 0.15
      vertex 174.674 -117.88 0.15
    endloop
  endfacet
  facet normal 0 0 1
    outer loop
      vertex 173.525 -115.108 0.15
      vertex 111.5 -115.5 0.15
      vertex 173.5 -115.5 0.15
    endloop
  endfacet
  facet normal 0 0 1
    outer loop
      vertex 173.5 -115.5 0.15
      vertex 111.5 -115.5 0.15
      vertex 173.525 -115.892 0.15
    endloop
  endfacet
  facet normal 0 0 1
    outer loop
      vertex 111.475 -115.892 0.15
      vertex 173.525 -115.892 0.15
      vertex 111.5 -115.5 0.15
    endloop
  endfacet
  facet normal 0 0 1
    outer loop
      vertex 173.525 -115.892 0.15
      vertex 111.475 -115.892 0.15
      vertex 173.603 -116.276 0.15
    endloop
  endfacet
  facet normal 0 0 1
    outer loop
      vertex 111.397 -116.276 0.15
      vertex 173.603 -116.276 0.15
      vertex 111.475 -115.892 0.15
    endloop
  endfacet
  facet normal 0 0 1
    outer loop
      vertex 173.603 -116.276 0.15
      vertex 111.397 -116.276 0.15
      vertex 173.729 -116.648 0.15
    endloop
  endfacet
  facet normal 0 0 1
    outer loop
      vertex 111.271 -116.648 0.15
      vertex 173.729 -116.648 0.15
      vertex 111.397 -116.276 0.15
    endloop
  endfacet
  facet normal 0 0 1
    outer loop
      vertex 173.729 -116.648 0.15
      vertex 111.271 -116.648 0.15
      vertex 173.902 -117 0.15
    endloop
  endfacet
  facet normal 0 0 1
    outer loop
      vertex 111.098 -117 0.15
      vertex 173.902 -117 0.15
      vertex 111.271 -116.648 0.15
    endloop
  endfacet
  facet normal 0 0 1
    outer loop
      vertex 173.902 -117 0.15
      vertex 111.098 -117 0.15
      vertex 174.12 -117.326 0.15
    endloop
  endfacet
  facet normal 0 0 1
    outer loop
      vertex 110.88 -117.326 0.15
      vertex 174.12 -117.326 0.15
      vertex 111.098 -117 0.15
    endloop
  endfacet
  facet normal 0 0 1
    outer loop
      vertex 174.12 -117.326 0.15
      vertex 110.88 -117.326 0.15
      vertex 174.379 -117.621 0.15
    endloop
  endfacet
  facet normal 0 0 1
    outer loop
      vertex 110.621 -117.621 0.15
      vertex 174.379 -117.621 0.15
      vertex 110.88 -117.326 0.15
    endloop
  endfacet
  facet normal 0 0 1
    outer loop
      vertex 174.379 -117.621 0.15
      vertex 110.621 -117.621 0.15
      vertex 174.674 -117.88 0.15
    endloop
  endfacet
  facet normal 0 0 1
    outer loop
      vertex 110.326 -117.88 0.15
      vertex 174.674 -117.88 0.15
      vertex 110.621 -117.621 0.15
    endloop
  endfacet
  facet normal 0 0 1
    outer loop
      vertex 110 -118.098 0.15
      vertex 174.674 -117.88 0.15
      vertex 110.326 -117.88 0.15
    endloop
  endfacet
  facet normal 0 0 1
    outer loop
      vertex 175 -118.098 0.15
      vertex 110 -118.098 0.15
      vertex 93.5 -130.5 0.15
    endloop
  endfacet
  facet normal 0 0 1
    outer loop
      vertex 93.5 -130.5 0.15
      vertex 110 -118.098 0.15
      vertex 109.648 -118.271 0.15
    endloop
  endfacet
  facet normal 0 0 1
    outer loop
      vertex 93.5 -130.5 0.15
      vertex 109.648 -118.271 0.15
      vertex 109.276 -118.397 0.15
    endloop
  endfacet
  facet normal 0 0 1
    outer loop
      vertex 93.5 -130.5 0.15
      vertex 109.276 -118.397 0.15
      vertex 108.892 -118.475 0.15
    endloop
  endfacet
  facet normal 0 0 1
    outer loop
      vertex 93.5 -130.5 0.15
      vertex 108.892 -118.475 0.15
      vertex 108.5 -118.5 0.15
    endloop
  endfacet
  facet normal 0 0 1
    outer loop
      vertex 93.5 -130.5 0.15
      vertex 108.5 -118.5 0.15
      vertex 108.108 -118.475 0.15
    endloop
  endfacet
  facet normal 0 0 1
    outer loop
      vertex 105.525 -115.108 0.15
      vertex 93.5 -130.5 0.15
      vertex 105.5 -115.5 0.15
    endloop
  endfacet
  facet normal 0 0 1
    outer loop
      vertex 175.352 -118.271 0.15
      vertex 93.5 -130.5 0.15
      vertex 193.5 -130.5 0.15
    endloop
  endfacet
  facet normal 0 0 1
    outer loop
      vertex 107.724 -118.397 0.15
      vertex 93.5 -130.5 0.15
      vertex 108.108 -118.475 0.15
    endloop
  endfacet
  facet normal 0 0 1
    outer loop
      vertex 107.352 -118.271 0.15
      vertex 93.5 -130.5 0.15
      vertex 107.724 -118.397 0.15
    endloop
  endfacet
  facet normal 0 0 1
    outer loop
      vertex 107 -118.098 0.15
      vertex 93.5 -130.5 0.15
      vertex 107.352 -118.271 0.15
    endloop
  endfacet
  facet normal 0 0 1
    outer loop
      vertex 106.674 -117.88 0.15
      vertex 93.5 -130.5 0.15
      vertex 107 -118.098 0.15
    endloop
  endfacet
  facet normal 0 0 1
    outer loop
      vertex 106.379 -117.621 0.15
      vertex 93.5 -130.5 0.15
      vertex 106.674 -117.88 0.15
    endloop
  endfacet
  facet normal 0 0 1
    outer loop
      vertex 106.12 -117.326 0.15
      vertex 93.5 -130.5 0.15
      vertex 106.379 -117.621 0.15
    endloop
  endfacet
  facet normal 0 0 1
    outer loop
      vertex 105.902 -117 0.15
      vertex 93.5 -130.5 0.15
      vertex 106.12 -117.326 0.15
    endloop
  endfacet
  facet normal 0 0 1
    outer loop
      vertex 105.729 -116.648 0.15
      vertex 93.5 -130.5 0.15
      vertex 105.902 -117 0.15
    endloop
  endfacet
  facet normal 0 0 1
    outer loop
      vertex 105.603 -116.276 0.15
      vertex 93.5 -130.5 0.15
      vertex 105.729 -116.648 0.15
    endloop
  endfacet
  facet normal 0 0 1
    outer loop
      vertex 105.525 -115.892 0.15
      vertex 93.5 -130.5 0.15
      vertex 105.603 -116.276 0.15
    endloop
  endfacet
  facet normal 0 0 1
    outer loop
      vertex 105.5 -115.5 0.15
      vertex 93.5 -130.5 0.15
      vertex 105.525 -115.892 0.15
    endloop
  endfacet
  facet normal 0 -1 0
    outer loop
      vertex 93.5 -30.5 0.15
      vertex 193.5 -30.5 1.45
      vertex 93.5 -30.5 1.45
    endloop
  endfacet
  facet normal 0 -1 -0
    outer loop
      vertex 193.5 -30.5 1.45
      vertex 93.5 -30.5 0.15
      vertex 193.5 -30.5 0.15
    endloop
  endfacet
  facet normal 1 -0 0
    outer loop
      vertex 93.5 -130.5 1.45
      vertex 93.5 -30.5 0.15
      vertex 93.5 -30.5 1.45
    endloop
  endfacet
  facet normal 1 0 0
    outer loop
      vertex 93.5 -30.5 0.15
      vertex 93.5 -130.5 1.45
      vertex 93.5 -130.5 0.15
    endloop
  endfacet
  facet normal 0 1 -0
    outer loop
      vertex 193.5 -130.5 0.15
      vertex 93.5 -130.5 1.45
      vertex 193.5 -130.5 1.45
    endloop
  endfacet
  facet normal 0 1 0
    outer loop
      vertex 93.5 -130.5 1.45
      vertex 193.5 -130.5 0.15
      vertex 93.5 -130.5 0.15
    endloop
  endfacet
  facet normal -1 0 0
    outer loop
      vertex 193.5 -130.5 0.15
      vertex 193.5 -30.5 1.45
      vertex 193.5 -30.5 0.15
    endloop
  endfacet
  facet normal -1 -0 0
    outer loop
      vertex 193.5 -30.5 1.45
      vertex 193.5 -130.5 0.15
      vertex 193.5 -130.5 1.45
    endloop
  endfacet
  facet normal -0.196853 -0.980433 0
    outer loop
      vertex 107.724 -45.3975 0.15
      vertex 108.108 -45.4746 1.45
      vertex 107.724 -45.3975 1.45
    endloop
  endfacet
  facet normal -0.196853 -0.980433 -0
    outer loop
      vertex 108.108 -45.4746 1.45
      vertex 107.724 -45.3975 0.15
      vertex 108.108 -45.4746 0.15
    endloop
  endfacet
  facet normal -0.320807 -0.947145 0
    outer loop
      vertex 107.352 -45.2715 0.15
      vertex 107.724 -45.3975 1.45
      vertex 107.352 -45.2715 1.45
    endloop
  endfacet
  facet normal -0.320807 -0.947145 -0
    outer loop
      vertex 107.724 -45.3975 1.45
      vertex 107.352 -45.2715 0.15
      vertex 107.724 -45.3975 0.15
    endloop
  endfacet
  facet normal -0.442725 -0.896658 0
    outer loop
      vertex 107 -45.0977 0.15
      vertex 107.352 -45.2715 1.45
      vertex 107 -45.0977 1.45
    endloop
  endfacet
  facet normal -0.442725 -0.896658 -0
    outer loop
      vertex 107.352 -45.2715 1.45
      vertex 107 -45.0977 0.15
      vertex 107.352 -45.2715 0.15
    endloop
  endfacet
  facet normal -0.555524 -0.831501 0
    outer loop
      vertex 106.674 -44.8799 0.15
      vertex 107 -45.0977 1.45
      vertex 106.674 -44.8799 1.45
    endloop
  endfacet
  facet normal -0.555524 -0.831501 -0
    outer loop
      vertex 107 -45.0977 1.45
      vertex 106.674 -44.8799 0.15
      vertex 107 -45.0977 0.15
    endloop
  endfacet
  facet normal -0.659478 -0.751724 0
    outer loop
      vertex 106.379 -44.6211 0.15
      vertex 106.674 -44.8799 1.45
      vertex 106.379 -44.6211 1.45
    endloop
  endfacet
  facet normal -0.659478 -0.751724 -0
    outer loop
      vertex 106.674 -44.8799 1.45
      vertex 106.379 -44.6211 0.15
      vertex 106.674 -44.8799 0.15
    endloop
  endfacet
  facet normal -0.75136 -0.659892 0
    outer loop
      vertex 106.379 -44.6211 0.15
      vertex 106.12 -44.3262 1.45
      vertex 106.12 -44.3262 0.15
    endloop
  endfacet
  facet normal -0.75136 -0.659892 0
    outer loop
      vertex 106.12 -44.3262 1.45
      vertex 106.379 -44.6211 0.15
      vertex 106.379 -44.6211 1.45
    endloop
  endfacet
  facet normal -0.831422 -0.555641 0
    outer loop
      vertex 106.12 -44.3262 0.15
      vertex 105.902 -44 1.45
      vertex 105.902 -44 0.15
    endloop
  endfacet
  facet normal -0.831422 -0.555641 0
    outer loop
      vertex 105.902 -44 1.45
      vertex 106.12 -44.3262 0.15
      vertex 106.12 -44.3262 1.45
    endloop
  endfacet
  facet normal -0.897267 -0.441488 0
    outer loop
      vertex 105.902 -44 0.15
      vertex 105.729 -43.6484 1.45
      vertex 105.729 -43.6484 0.15
    endloop
  endfacet
  facet normal -0.897267 -0.441488 0
    outer loop
      vertex 105.729 -43.6484 1.45
      vertex 105.902 -44 0.15
      vertex 105.902 -44 1.45
    endloop
  endfacet
  facet normal -0.947145 -0.320807 0
    outer loop
      vertex 105.729 -43.6484 0.15
      vertex 105.603 -43.2764 1.45
      vertex 105.603 -43.2764 0.15
    endloop
  endfacet
  facet normal -0.947145 -0.320807 0
    outer loop
      vertex 105.603 -43.2764 1.45
      vertex 105.729 -43.6484 0.15
      vertex 105.729 -43.6484 1.45
    endloop
  endfacet
  facet normal -0.980068 -0.198662 0
    outer loop
      vertex 105.603 -43.2764 0.15
      vertex 105.525 -42.8916 1.45
      vertex 105.525 -42.8916 0.15
    endloop
  endfacet
  facet normal -0.980068 -0.198662 0
    outer loop
      vertex 105.525 -42.8916 1.45
      vertex 105.603 -43.2764 0.15
      vertex 105.603 -43.2764 1.45
    endloop
  endfacet
  facet normal -0.997968 -0.063711 0
    outer loop
      vertex 105.525 -42.8916 0.15
      vertex 105.5 -42.5 1.45
      vertex 105.5 -42.5 0.15
    endloop
  endfacet
  facet normal -0.997968 -0.063711 0
    outer loop
      vertex 105.5 -42.5 1.45
      vertex 105.525 -42.8916 0.15
      vertex 105.525 -42.8916 1.45
    endloop
  endfacet
  facet normal -0.997968 0.063711 0
    outer loop
      vertex 105.5 -42.5 0.15
      vertex 105.525 -42.1084 1.45
      vertex 105.525 -42.1084 0.15
    endloop
  endfacet
  facet normal -0.997968 0.063711 0
    outer loop
      vertex 105.525 -42.1084 1.45
      vertex 105.5 -42.5 0.15
      vertex 105.5 -42.5 1.45
    endloop
  endfacet
  facet normal -0.980068 0.198662 0
    outer loop
      vertex 105.525 -42.1084 0.15
      vertex 105.603 -41.7236 1.45
      vertex 105.603 -41.7236 0.15
    endloop
  endfacet
  facet normal -0.980068 0.198662 0
    outer loop
      vertex 105.603 -41.7236 1.45
      vertex 105.525 -42.1084 0.15
      vertex 105.525 -42.1084 1.45
    endloop
  endfacet
  facet normal -0.947145 0.320807 0
    outer loop
      vertex 105.603 -41.7236 0.15
      vertex 105.729 -41.3516 1.45
      vertex 105.729 -41.3516 0.15
    endloop
  endfacet
  facet normal -0.947145 0.320807 0
    outer loop
      vertex 105.729 -41.3516 1.45
      vertex 105.603 -41.7236 0.15
      vertex 105.603 -41.7236 1.45
    endloop
  endfacet
  facet normal -0.897267 0.441488 0
    outer loop
      vertex 105.729 -41.3516 0.15
      vertex 105.902 -41 1.45
      vertex 105.902 -41 0.15
    endloop
  endfacet
  facet normal -0.897267 0.441488 0
    outer loop
      vertex 105.902 -41 1.45
      vertex 105.729 -41.3516 0.15
      vertex 105.729 -41.3516 1.45
    endloop
  endfacet
  facet normal -0.831422 0.555641 0
    outer loop
      vertex 105.902 -41 0.15
      vertex 106.12 -40.6738 1.45
      vertex 106.12 -40.6738 0.15
    endloop
  endfacet
  facet normal -0.831422 0.555641 0
    outer loop
      vertex 106.12 -40.6738 1.45
      vertex 105.902 -41 0.15
      vertex 105.902 -41 1.45
    endloop
  endfacet
  facet normal -0.75136 0.659892 0
    outer loop
      vertex 106.12 -40.6738 0.15
      vertex 106.379 -40.3789 1.45
      vertex 106.379 -40.3789 0.15
    endloop
  endfacet
  facet normal -0.75136 0.659892 0
    outer loop
      vertex 106.379 -40.3789 1.45
      vertex 106.12 -40.6738 0.15
      vertex 106.12 -40.6738 1.45
    endloop
  endfacet
  facet normal -0.659478 0.751724 0
    outer loop
      vertex 106.674 -40.1201 0.15
      vertex 106.379 -40.3789 1.45
      vertex 106.674 -40.1201 1.45
    endloop
  endfacet
  facet normal -0.659478 0.751724 0
    outer loop
      vertex 106.379 -40.3789 1.45
      vertex 106.674 -40.1201 0.15
      vertex 106.379 -40.3789 0.15
    endloop
  endfacet
  facet normal -0.555524 0.831501 0
    outer loop
      vertex 107 -39.9023 0.15
      vertex 106.674 -40.1201 1.45
      vertex 107 -39.9023 1.45
    endloop
  endfacet
  facet normal -0.555524 0.831501 0
    outer loop
      vertex 106.674 -40.1201 1.45
      vertex 107 -39.9023 0.15
      vertex 106.674 -40.1201 0.15
    endloop
  endfacet
  facet normal -0.442725 0.896658 0
    outer loop
      vertex 107.352 -39.7285 0.15
      vertex 107 -39.9023 1.45
      vertex 107.352 -39.7285 1.45
    endloop
  endfacet
  facet normal -0.442725 0.896658 0
    outer loop
      vertex 107 -39.9023 1.45
      vertex 107.352 -39.7285 0.15
      vertex 107 -39.9023 0.15
    endloop
  endfacet
  facet normal -0.320807 0.947145 0
    outer loop
      vertex 107.724 -39.6025 0.15
      vertex 107.352 -39.7285 1.45
      vertex 107.724 -39.6025 1.45
    endloop
  endfacet
  facet normal -0.320807 0.947145 0
    outer loop
      vertex 107.352 -39.7285 1.45
      vertex 107.724 -39.6025 0.15
      vertex 107.352 -39.7285 0.15
    endloop
  endfacet
  facet normal -0.196853 0.980433 0
    outer loop
      vertex 108.108 -39.5254 0.15
      vertex 107.724 -39.6025 1.45
      vertex 108.108 -39.5254 1.45
    endloop
  endfacet
  facet normal -0.196853 0.980433 0
    outer loop
      vertex 107.724 -39.6025 1.45
      vertex 108.108 -39.5254 0.15
      vertex 107.724 -39.6025 0.15
    endloop
  endfacet
  facet normal -0.0646603 0.997907 0
    outer loop
      vertex 108.5 -39.5 0.15
      vertex 108.108 -39.5254 1.45
      vertex 108.5 -39.5 1.45
    endloop
  endfacet
  facet normal -0.0646603 0.997907 0
    outer loop
      vertex 108.108 -39.5254 1.45
      vertex 108.5 -39.5 0.15
      vertex 108.108 -39.5254 0.15
    endloop
  endfacet
  facet normal 0.0646603 0.997907 -0
    outer loop
      vertex 108.892 -39.5254 0.15
      vertex 108.5 -39.5 1.45
      vertex 108.892 -39.5254 1.45
    endloop
  endfacet
  facet normal 0.0646603 0.997907 0
    outer loop
      vertex 108.5 -39.5 1.45
      vertex 108.892 -39.5254 0.15
      vertex 108.5 -39.5 0.15
    endloop
  endfacet
  facet normal 0.196853 0.980433 -0
    outer loop
      vertex 109.276 -39.6025 0.15
      vertex 108.892 -39.5254 1.45
      vertex 109.276 -39.6025 1.45
    endloop
  endfacet
  facet normal 0.196853 0.980433 0
    outer loop
      vertex 108.892 -39.5254 1.45
      vertex 109.276 -39.6025 0.15
      vertex 108.892 -39.5254 0.15
    endloop
  endfacet
  facet normal 0.320807 0.947145 -0
    outer loop
      vertex 109.648 -39.7285 0.15
      vertex 109.276 -39.6025 1.45
      vertex 109.648 -39.7285 1.45
    endloop
  endfacet
  facet normal 0.320807 0.947145 0
    outer loop
      vertex 109.276 -39.6025 1.45
      vertex 109.648 -39.7285 0.15
      vertex 109.276 -39.6025 0.15
    endloop
  endfacet
  facet normal 0.442725 0.896658 -0
    outer loop
      vertex 110 -39.9023 0.15
      vertex 109.648 -39.7285 1.45
      vertex 110 -39.9023 1.45
    endloop
  endfacet
  facet normal 0.442725 0.896658 0
    outer loop
      vertex 109.648 -39.7285 1.45
      vertex 110 -39.9023 0.15
      vertex 109.648 -39.7285 0.15
    endloop
  endfacet
  facet normal 0.555524 0.831501 -0
    outer loop
      vertex 110.326 -40.1201 0.15
      vertex 110 -39.9023 1.45
      vertex 110.326 -40.1201 1.45
    endloop
  endfacet
  facet normal 0.555524 0.831501 0
    outer loop
      vertex 110 -39.9023 1.45
      vertex 110.326 -40.1201 0.15
      vertex 110 -39.9023 0.15
    endloop
  endfacet
  facet normal 0.659478 0.751724 -0
    outer loop
      vertex 110.621 -40.3789 0.15
      vertex 110.326 -40.1201 1.45
      vertex 110.621 -40.3789 1.45
    endloop
  endfacet
  facet normal 0.659478 0.751724 0
    outer loop
      vertex 110.326 -40.1201 1.45
      vertex 110.621 -40.3789 0.15
      vertex 110.326 -40.1201 0.15
    endloop
  endfacet
  facet normal 0.75136 0.659892 0
    outer loop
      vertex 110.88 -40.6738 1.45
      vertex 110.621 -40.3789 0.15
      vertex 110.621 -40.3789 1.45
    endloop
  endfacet
  facet normal 0.75136 0.659892 0
    outer loop
      vertex 110.621 -40.3789 0.15
      vertex 110.88 -40.6738 1.45
      vertex 110.88 -40.6738 0.15
    endloop
  endfacet
  facet normal 0.831422 0.555641 0
    outer loop
      vertex 111.098 -41 1.45
      vertex 110.88 -40.6738 0.15
      vertex 110.88 -40.6738 1.45
    endloop
  endfacet
  facet normal 0.831422 0.555641 0
    outer loop
      vertex 110.88 -40.6738 0.15
      vertex 111.098 -41 1.45
      vertex 111.098 -41 0.15
    endloop
  endfacet
  facet normal 0.897267 0.441488 0
    outer loop
      vertex 111.271 -41.3516 1.45
      vertex 111.098 -41 0.15
      vertex 111.098 -41 1.45
    endloop
  endfacet
  facet normal 0.897267 0.441488 0
    outer loop
      vertex 111.098 -41 0.15
      vertex 111.271 -41.3516 1.45
      vertex 111.271 -41.3516 0.15
    endloop
  endfacet
  facet normal 0.947145 0.320807 0
    outer loop
      vertex 111.397 -41.7236 1.45
      vertex 111.271 -41.3516 0.15
      vertex 111.271 -41.3516 1.45
    endloop
  endfacet
  facet normal 0.947145 0.320807 0
    outer loop
      vertex 111.271 -41.3516 0.15
      vertex 111.397 -41.7236 1.45
      vertex 111.397 -41.7236 0.15
    endloop
  endfacet
  facet normal 0.980068 0.198662 0
    outer loop
      vertex 111.475 -42.1084 1.45
      vertex 111.397 -41.7236 0.15
      vertex 111.397 -41.7236 1.45
    endloop
  endfacet
  facet normal 0.980068 0.198662 0
    outer loop
      vertex 111.397 -41.7236 0.15
      vertex 111.475 -42.1084 1.45
      vertex 111.475 -42.1084 0.15
    endloop
  endfacet
  facet normal 0.997968 0.063711 0
    outer loop
      vertex 111.5 -42.5 1.45
      vertex 111.475 -42.1084 0.15
      vertex 111.475 -42.1084 1.45
    endloop
  endfacet
  facet normal 0.997968 0.063711 0
    outer loop
      vertex 111.475 -42.1084 0.15
      vertex 111.5 -42.5 1.45
      vertex 111.5 -42.5 0.15
    endloop
  endfacet
  facet normal 0.997968 -0.063711 0
    outer loop
      vertex 111.475 -42.8916 1.45
      vertex 111.5 -42.5 0.15
      vertex 111.5 -42.5 1.45
    endloop
  endfacet
  facet normal 0.997968 -0.063711 0
    outer loop
      vertex 111.5 -42.5 0.15
      vertex 111.475 -42.8916 1.45
      vertex 111.475 -42.8916 0.15
    endloop
  endfacet
  facet normal 0.980068 -0.198662 0
    outer loop
      vertex 111.397 -43.2764 1.45
      vertex 111.475 -42.8916 0.15
      vertex 111.475 -42.8916 1.45
    endloop
  endfacet
  facet normal 0.980068 -0.198662 0
    outer loop
      vertex 111.475 -42.8916 0.15
      vertex 111.397 -43.2764 1.45
      vertex 111.397 -43.2764 0.15
    endloop
  endfacet
  facet normal 0.947145 -0.320807 0
    outer loop
      vertex 111.271 -43.6484 1.45
      vertex 111.397 -43.2764 0.15
      vertex 111.397 -43.2764 1.45
    endloop
  endfacet
  facet normal 0.947145 -0.320807 0
    outer loop
      vertex 111.397 -43.2764 0.15
      vertex 111.271 -43.6484 1.45
      vertex 111.271 -43.6484 0.15
    endloop
  endfacet
  facet normal 0.897267 -0.441488 0
    outer loop
      vertex 111.098 -44 1.45
      vertex 111.271 -43.6484 0.15
      vertex 111.271 -43.6484 1.45
    endloop
  endfacet
  facet normal 0.897267 -0.441488 0
    outer loop
      vertex 111.271 -43.6484 0.15
      vertex 111.098 -44 1.45
      vertex 111.098 -44 0.15
    endloop
  endfacet
  facet normal 0.831422 -0.555641 0
    outer loop
      vertex 110.88 -44.3262 1.45
      vertex 111.098 -44 0.15
      vertex 111.098 -44 1.45
    endloop
  endfacet
  facet normal 0.831422 -0.555641 0
    outer loop
      vertex 111.098 -44 0.15
      vertex 110.88 -44.3262 1.45
      vertex 110.88 -44.3262 0.15
    endloop
  endfacet
  facet normal 0.75136 -0.659892 0
    outer loop
      vertex 110.621 -44.6211 1.45
      vertex 110.88 -44.3262 0.15
      vertex 110.88 -44.3262 1.45
    endloop
  endfacet
  facet normal 0.75136 -0.659892 0
    outer loop
      vertex 110.88 -44.3262 0.15
      vertex 110.621 -44.6211 1.45
      vertex 110.621 -44.6211 0.15
    endloop
  endfacet
  facet normal 0.659478 -0.751724 0
    outer loop
      vertex 110.326 -44.8799 0.15
      vertex 110.621 -44.6211 1.45
      vertex 110.326 -44.8799 1.45
    endloop
  endfacet
  facet normal 0.659478 -0.751724 0
    outer loop
      vertex 110.621 -44.6211 1.45
      vertex 110.326 -44.8799 0.15
      vertex 110.621 -44.6211 0.15
    endloop
  endfacet
  facet normal 0.555524 -0.831501 0
    outer loop
      vertex 110 -45.0977 0.15
      vertex 110.326 -44.8799 1.45
      vertex 110 -45.0977 1.45
    endloop
  endfacet
  facet normal 0.555524 -0.831501 0
    outer loop
      vertex 110.326 -44.8799 1.45
      vertex 110 -45.0977 0.15
      vertex 110.326 -44.8799 0.15
    endloop
  endfacet
  facet normal 0.442725 -0.896658 0
    outer loop
      vertex 109.648 -45.2715 0.15
      vertex 110 -45.0977 1.45
      vertex 109.648 -45.2715 1.45
    endloop
  endfacet
  facet normal 0.442725 -0.896658 0
    outer loop
      vertex 110 -45.0977 1.45
      vertex 109.648 -45.2715 0.15
      vertex 110 -45.0977 0.15
    endloop
  endfacet
  facet normal 0.320807 -0.947145 0
    outer loop
      vertex 109.276 -45.3975 0.15
      vertex 109.648 -45.2715 1.45
      vertex 109.276 -45.3975 1.45
    endloop
  endfacet
  facet normal 0.320807 -0.947145 0
    outer loop
      vertex 109.648 -45.2715 1.45
      vertex 109.276 -45.3975 0.15
      vertex 109.648 -45.2715 0.15
    endloop
  endfacet
  facet normal 0.196853 -0.980433 0
    outer loop
      vertex 108.892 -45.4746 0.15
      vertex 109.276 -45.3975 1.45
      vertex 108.892 -45.4746 1.45
    endloop
  endfacet
  facet normal 0.196853 -0.980433 0
    outer loop
      vertex 109.276 -45.3975 1.45
      vertex 108.892 -45.4746 0.15
      vertex 109.276 -45.3975 0.15
    endloop
  endfacet
  facet normal 0.0646603 -0.997907 0
    outer loop
      vertex 108.5 -45.5 0.15
      vertex 108.892 -45.4746 1.45
      vertex 108.5 -45.5 1.45
    endloop
  endfacet
  facet normal 0.0646603 -0.997907 0
    outer loop
      vertex 108.892 -45.4746 1.45
      vertex 108.5 -45.5 0.15
      vertex 108.892 -45.4746 0.15
    endloop
  endfacet
  facet normal -0.0646603 -0.997907 0
    outer loop
      vertex 108.108 -45.4746 0.15
      vertex 108.5 -45.5 1.45
      vertex 108.108 -45.4746 1.45
    endloop
  endfacet
  facet normal -0.0646603 -0.997907 -0
    outer loop
      vertex 108.5 -45.5 1.45
      vertex 108.108 -45.4746 0.15
      vertex 108.5 -45.5 0.15
    endloop
  endfacet
  facet normal -0.196853 -0.980433 0
    outer loop
      vertex 175.724 -45.3975 0.15
      vertex 176.108 -45.4746 1.45
      vertex 175.724 -45.3975 1.45
    endloop
  endfacet
  facet normal -0.196853 -0.980433 -0
    outer loop
      vertex 176.108 -45.4746 1.45
      vertex 175.724 -45.3975 0.15
      vertex 176.108 -45.4746 0.15
    endloop
  endfacet
  facet normal -0.320807 -0.947145 0
    outer loop
      vertex 175.352 -45.2715 0.15
      vertex 175.724 -45.3975 1.45
      vertex 175.352 -45.2715 1.45
    endloop
  endfacet
  facet normal -0.320807 -0.947145 -0
    outer loop
      vertex 175.724 -45.3975 1.45
      vertex 175.352 -45.2715 0.15
      vertex 175.724 -45.3975 0.15
    endloop
  endfacet
  facet normal -0.442725 -0.896658 0
    outer loop
      vertex 175 -45.0977 0.15
      vertex 175.352 -45.2715 1.45
      vertex 175 -45.0977 1.45
    endloop
  endfacet
  facet normal -0.442725 -0.896658 -0
    outer loop
      vertex 175.352 -45.2715 1.45
      vertex 175 -45.0977 0.15
      vertex 175.352 -45.2715 0.15
    endloop
  endfacet
  facet normal -0.555524 -0.831501 0
    outer loop
      vertex 174.674 -44.8799 0.15
      vertex 175 -45.0977 1.45
      vertex 174.674 -44.8799 1.45
    endloop
  endfacet
  facet normal -0.555524 -0.831501 -0
    outer loop
      vertex 175 -45.0977 1.45
      vertex 174.674 -44.8799 0.15
      vertex 175 -45.0977 0.15
    endloop
  endfacet
  facet normal -0.659478 -0.751724 0
    outer loop
      vertex 174.379 -44.6211 0.15
      vertex 174.674 -44.8799 1.45
      vertex 174.379 -44.6211 1.45
    endloop
  endfacet
  facet normal -0.659478 -0.751724 -0
    outer loop
      vertex 174.674 -44.8799 1.45
      vertex 174.379 -44.6211 0.15
      vertex 174.674 -44.8799 0.15
    endloop
  endfacet
  facet normal -0.75136 -0.659892 0
    outer loop
      vertex 174.379 -44.6211 0.15
      vertex 174.12 -44.3262 1.45
      vertex 174.12 -44.3262 0.15
    endloop
  endfacet
  facet normal -0.75136 -0.659892 0
    outer loop
      vertex 174.12 -44.3262 1.45
      vertex 174.379 -44.6211 0.15
      vertex 174.379 -44.6211 1.45
    endloop
  endfacet
  facet normal -0.831422 -0.555641 0
    outer loop
      vertex 174.12 -44.3262 0.15
      vertex 173.902 -44 1.45
      vertex 173.902 -44 0.15
    endloop
  endfacet
  facet normal -0.831422 -0.555641 0
    outer loop
      vertex 173.902 -44 1.45
      vertex 174.12 -44.3262 0.15
      vertex 174.12 -44.3262 1.45
    endloop
  endfacet
  facet normal -0.897267 -0.441488 0
    outer loop
      vertex 173.902 -44 0.15
      vertex 173.729 -43.6484 1.45
      vertex 173.729 -43.6484 0.15
    endloop
  endfacet
  facet normal -0.897267 -0.441488 0
    outer loop
      vertex 173.729 -43.6484 1.45
      vertex 173.902 -44 0.15
      vertex 173.902 -44 1.45
    endloop
  endfacet
  facet normal -0.947145 -0.320807 0
    outer loop
      vertex 173.729 -43.6484 0.15
      vertex 173.603 -43.2764 1.45
      vertex 173.603 -43.2764 0.15
    endloop
  endfacet
  facet normal -0.947145 -0.320807 0
    outer loop
      vertex 173.603 -43.2764 1.45
      vertex 173.729 -43.6484 0.15
      vertex 173.729 -43.6484 1.45
    endloop
  endfacet
  facet normal -0.980068 -0.198662 0
    outer loop
      vertex 173.603 -43.2764 0.15
      vertex 173.525 -42.8916 1.45
      vertex 173.525 -42.8916 0.15
    endloop
  endfacet
  facet normal -0.980068 -0.198662 0
    outer loop
      vertex 173.525 -42.8916 1.45
      vertex 173.603 -43.2764 0.15
      vertex 173.603 -43.2764 1.45
    endloop
  endfacet
  facet normal -0.997968 -0.063711 0
    outer loop
      vertex 173.525 -42.8916 0.15
      vertex 173.5 -42.5 1.45
      vertex 173.5 -42.5 0.15
    endloop
  endfacet
  facet normal -0.997968 -0.063711 0
    outer loop
      vertex 173.5 -42.5 1.45
      vertex 173.525 -42.8916 0.15
      vertex 173.525 -42.8916 1.45
    endloop
  endfacet
  facet normal -0.997968 0.063711 0
    outer loop
      vertex 173.5 -42.5 0.15
      vertex 173.525 -42.1084 1.45
      vertex 173.525 -42.1084 0.15
    endloop
  endfacet
  facet normal -0.997968 0.063711 0
    outer loop
      vertex 173.525 -42.1084 1.45
      vertex 173.5 -42.5 0.15
      vertex 173.5 -42.5 1.45
    endloop
  endfacet
  facet normal -0.980068 0.198662 0
    outer loop
      vertex 173.525 -42.1084 0.15
      vertex 173.603 -41.7236 1.45
      vertex 173.603 -41.7236 0.15
    endloop
  endfacet
  facet normal -0.980068 0.198662 0
    outer loop
      vertex 173.603 -41.7236 1.45
      vertex 173.525 -42.1084 0.15
      vertex 173.525 -42.1084 1.45
    endloop
  endfacet
  facet normal -0.947145 0.320807 0
    outer loop
      vertex 173.603 -41.7236 0.15
      vertex 173.729 -41.3516 1.45
      vertex 173.729 -41.3516 0.15
    endloop
  endfacet
  facet normal -0.947145 0.320807 0
    outer loop
      vertex 173.729 -41.3516 1.45
      vertex 173.603 -41.7236 0.15
      vertex 173.603 -41.7236 1.45
    endloop
  endfacet
  facet normal -0.897267 0.441488 0
    outer loop
      vertex 173.729 -41.3516 0.15
      vertex 173.902 -41 1.45
      vertex 173.902 -41 0.15
    endloop
  endfacet
  facet normal -0.897267 0.441488 0
    outer loop
      vertex 173.902 -41 1.45
      vertex 173.729 -41.3516 0.15
      vertex 173.729 -41.3516 1.45
    endloop
  endfacet
  facet normal -0.831422 0.555641 0
    outer loop
      vertex 173.902 -41 0.15
      vertex 174.12 -40.6738 1.45
      vertex 174.12 -40.6738 0.15
    endloop
  endfacet
  facet normal -0.831422 0.555641 0
    outer loop
      vertex 174.12 -40.6738 1.45
      vertex 173.902 -41 0.15
      vertex 173.902 -41 1.45
    endloop
  endfacet
  facet normal -0.75136 0.659892 0
    outer loop
      vertex 174.12 -40.6738 0.15
      vertex 174.379 -40.3789 1.45
      vertex 174.379 -40.3789 0.15
    endloop
  endfacet
  facet normal -0.75136 0.659892 0
    outer loop
      vertex 174.379 -40.3789 1.45
      vertex 174.12 -40.6738 0.15
      vertex 174.12 -40.6738 1.45
    endloop
  endfacet
  facet normal -0.659478 0.751724 0
    outer loop
      vertex 174.674 -40.1201 0.15
      vertex 174.379 -40.3789 1.45
      vertex 174.674 -40.1201 1.45
    endloop
  endfacet
  facet normal -0.659478 0.751724 0
    outer loop
      vertex 174.379 -40.3789 1.45
      vertex 174.674 -40.1201 0.15
      vertex 174.379 -40.3789 0.15
    endloop
  endfacet
  facet normal -0.555524 0.831501 0
    outer loop
      vertex 175 -39.9023 0.15
      vertex 174.674 -40.1201 1.45
      vertex 175 -39.9023 1.45
    endloop
  endfacet
  facet normal -0.555524 0.831501 0
    outer loop
      vertex 174.674 -40.1201 1.45
      vertex 175 -39.9023 0.15
      vertex 174.674 -40.1201 0.15
    endloop
  endfacet
  facet normal -0.442725 0.896658 0
    outer loop
      vertex 175.352 -39.7285 0.15
      vertex 175 -39.9023 1.45
      vertex 175.352 -39.7285 1.45
    endloop
  endfacet
  facet normal -0.442725 0.896658 0
    outer loop
      vertex 175 -39.9023 1.45
      vertex 175.352 -39.7285 0.15
      vertex 175 -39.9023 0.15
    endloop
  endfacet
  facet normal -0.320807 0.947145 0
    outer loop
      vertex 175.724 -39.6025 0.15
      vertex 175.352 -39.7285 1.45
      vertex 175.724 -39.6025 1.45
    endloop
  endfacet
  facet normal -0.320807 0.947145 0
    outer loop
      vertex 175.352 -39.7285 1.45
      vertex 175.724 -39.6025 0.15
      vertex 175.352 -39.7285 0.15
    endloop
  endfacet
  facet normal -0.196853 0.980433 0
    outer loop
      vertex 176.108 -39.5254 0.15
      vertex 175.724 -39.6025 1.45
      vertex 176.108 -39.5254 1.45
    endloop
  endfacet
  facet normal -0.196853 0.980433 0
    outer loop
      vertex 175.724 -39.6025 1.45
      vertex 176.108 -39.5254 0.15
      vertex 175.724 -39.6025 0.15
    endloop
  endfacet
  facet normal -0.0646603 0.997907 0
    outer loop
      vertex 176.5 -39.5 0.15
      vertex 176.108 -39.5254 1.45
      vertex 176.5 -39.5 1.45
    endloop
  endfacet
  facet normal -0.0646603 0.997907 0
    outer loop
      vertex 176.108 -39.5254 1.45
      vertex 176.5 -39.5 0.15
      vertex 176.108 -39.5254 0.15
    endloop
  endfacet
  facet normal 0.0646603 0.997907 -0
    outer loop
      vertex 176.892 -39.5254 0.15
      vertex 176.5 -39.5 1.45
      vertex 176.892 -39.5254 1.45
    endloop
  endfacet
  facet normal 0.0646603 0.997907 0
    outer loop
      vertex 176.5 -39.5 1.45
      vertex 176.892 -39.5254 0.15
      vertex 176.5 -39.5 0.15
    endloop
  endfacet
  facet normal 0.196853 0.980433 -0
    outer loop
      vertex 177.276 -39.6025 0.15
      vertex 176.892 -39.5254 1.45
      vertex 177.276 -39.6025 1.45
    endloop
  endfacet
  facet normal 0.196853 0.980433 0
    outer loop
      vertex 176.892 -39.5254 1.45
      vertex 177.276 -39.6025 0.15
      vertex 176.892 -39.5254 0.15
    endloop
  endfacet
  facet normal 0.320807 0.947145 -0
    outer loop
      vertex 177.648 -39.7285 0.15
      vertex 177.276 -39.6025 1.45
      vertex 177.648 -39.7285 1.45
    endloop
  endfacet
  facet normal 0.320807 0.947145 0
    outer loop
      vertex 177.276 -39.6025 1.45
      vertex 177.648 -39.7285 0.15
      vertex 177.276 -39.6025 0.15
    endloop
  endfacet
  facet normal 0.442725 0.896658 -0
    outer loop
      vertex 178 -39.9023 0.15
      vertex 177.648 -39.7285 1.45
      vertex 178 -39.9023 1.45
    endloop
  endfacet
  facet normal 0.442725 0.896658 0
    outer loop
      vertex 177.648 -39.7285 1.45
      vertex 178 -39.9023 0.15
      vertex 177.648 -39.7285 0.15
    endloop
  endfacet
  facet normal 0.555524 0.831501 -0
    outer loop
      vertex 178.326 -40.1201 0.15
      vertex 178 -39.9023 1.45
      vertex 178.326 -40.1201 1.45
    endloop
  endfacet
  facet normal 0.555524 0.831501 0
    outer loop
      vertex 178 -39.9023 1.45
      vertex 178.326 -40.1201 0.15
      vertex 178 -39.9023 0.15
    endloop
  endfacet
  facet normal 0.659478 0.751724 -0
    outer loop
      vertex 178.621 -40.3789 0.15
      vertex 178.326 -40.1201 1.45
      vertex 178.621 -40.3789 1.45
    endloop
  endfacet
  facet normal 0.659478 0.751724 0
    outer loop
      vertex 178.326 -40.1201 1.45
      vertex 178.621 -40.3789 0.15
      vertex 178.326 -40.1201 0.15
    endloop
  endfacet
  facet normal 0.75136 0.659892 0
    outer loop
      vertex 178.88 -40.6738 1.45
      vertex 178.621 -40.3789 0.15
      vertex 178.621 -40.3789 1.45
    endloop
  endfacet
  facet normal 0.75136 0.659892 0
    outer loop
      vertex 178.621 -40.3789 0.15
      vertex 178.88 -40.6738 1.45
      vertex 178.88 -40.6738 0.15
    endloop
  endfacet
  facet normal 0.831422 0.555641 0
    outer loop
      vertex 179.098 -41 1.45
      vertex 178.88 -40.6738 0.15
      vertex 178.88 -40.6738 1.45
    endloop
  endfacet
  facet normal 0.831422 0.555641 0
    outer loop
      vertex 178.88 -40.6738 0.15
      vertex 179.098 -41 1.45
      vertex 179.098 -41 0.15
    endloop
  endfacet
  facet normal 0.897267 0.441488 0
    outer loop
      vertex 179.271 -41.3516 1.45
      vertex 179.098 -41 0.15
      vertex 179.098 -41 1.45
    endloop
  endfacet
  facet normal 0.897267 0.441488 0
    outer loop
      vertex 179.098 -41 0.15
      vertex 179.271 -41.3516 1.45
      vertex 179.271 -41.3516 0.15
    endloop
  endfacet
  facet normal 0.947145 0.320807 0
    outer loop
      vertex 179.397 -41.7236 1.45
      vertex 179.271 -41.3516 0.15
      vertex 179.271 -41.3516 1.45
    endloop
  endfacet
  facet normal 0.947145 0.320807 0
    outer loop
      vertex 179.271 -41.3516 0.15
      vertex 179.397 -41.7236 1.45
      vertex 179.397 -41.7236 0.15
    endloop
  endfacet
  facet normal 0.980068 0.198662 0
    outer loop
      vertex 179.475 -42.1084 1.45
      vertex 179.397 -41.7236 0.15
      vertex 179.397 -41.7236 1.45
    endloop
  endfacet
  facet normal 0.980068 0.198662 0
    outer loop
      vertex 179.397 -41.7236 0.15
      vertex 179.475 -42.1084 1.45
      vertex 179.475 -42.1084 0.15
    endloop
  endfacet
  facet normal 0.997968 0.063711 0
    outer loop
      vertex 179.5 -42.5 1.45
      vertex 179.475 -42.1084 0.15
      vertex 179.475 -42.1084 1.45
    endloop
  endfacet
  facet normal 0.997968 0.063711 0
    outer loop
      vertex 179.475 -42.1084 0.15
      vertex 179.5 -42.5 1.45
      vertex 179.5 -42.5 0.15
    endloop
  endfacet
  facet normal 0.997968 -0.063711 0
    outer loop
      vertex 179.475 -42.8916 1.45
      vertex 179.5 -42.5 0.15
      vertex 179.5 -42.5 1.45
    endloop
  endfacet
  facet normal 0.997968 -0.063711 0
    outer loop
      vertex 179.5 -42.5 0.15
      vertex 179.475 -42.8916 1.45
      vertex 179.475 -42.8916 0.15
    endloop
  endfacet
  facet normal 0.980068 -0.198662 0
    outer loop
      vertex 179.397 -43.2764 1.45
      vertex 179.475 -42.8916 0.15
      vertex 179.475 -42.8916 1.45
    endloop
  endfacet
  facet normal 0.980068 -0.198662 0
    outer loop
      vertex 179.475 -42.8916 0.15
      vertex 179.397 -43.2764 1.45
      vertex 179.397 -43.2764 0.15
    endloop
  endfacet
  facet normal 0.947145 -0.320807 0
    outer loop
      vertex 179.271 -43.6484 1.45
      vertex 179.397 -43.2764 0.15
      vertex 179.397 -43.2764 1.45
    endloop
  endfacet
  facet normal 0.947145 -0.320807 0
    outer loop
      vertex 179.397 -43.2764 0.15
      vertex 179.271 -43.6484 1.45
      vertex 179.271 -43.6484 0.15
    endloop
  endfacet
  facet normal 0.897267 -0.441488 0
    outer loop
      vertex 179.098 -44 1.45
      vertex 179.271 -43.6484 0.15
      vertex 179.271 -43.6484 1.45
    endloop
  endfacet
  facet normal 0.897267 -0.441488 0
    outer loop
      vertex 179.271 -43.6484 0.15
      vertex 179.098 -44 1.45
      vertex 179.098 -44 0.15
    endloop
  endfacet
  facet normal 0.831422 -0.555641 0
    outer loop
      vertex 178.88 -44.3262 1.45
      vertex 179.098 -44 0.15
      vertex 179.098 -44 1.45
    endloop
  endfacet
  facet normal 0.831422 -0.555641 0
    outer loop
      vertex 179.098 -44 0.15
      vertex 178.88 -44.3262 1.45
      vertex 178.88 -44.3262 0.15
    endloop
  endfacet
  facet normal 0.75136 -0.659892 0
    outer loop
      vertex 178.621 -44.6211 1.45
      vertex 178.88 -44.3262 0.15
      vertex 178.88 -44.3262 1.45
    endloop
  endfacet
  facet normal 0.75136 -0.659892 0
    outer loop
      vertex 178.88 -44.3262 0.15
      vertex 178.621 -44.6211 1.45
      vertex 178.621 -44.6211 0.15
    endloop
  endfacet
  facet normal 0.659478 -0.751724 0
    outer loop
      vertex 178.326 -44.8799 0.15
      vertex 178.621 -44.6211 1.45
      vertex 178.326 -44.8799 1.45
    endloop
  endfacet
  facet normal 0.659478 -0.751724 0
    outer loop
      vertex 178.621 -44.6211 1.45
      vertex 178.326 -44.8799 0.15
      vertex 178.621 -44.6211 0.15
    endloop
  endfacet
  facet normal 0.555524 -0.831501 0
    outer loop
      vertex 178 -45.0977 0.15
      vertex 178.326 -44.8799 1.45
      vertex 178 -45.0977 1.45
    endloop
  endfacet
  facet normal 0.555524 -0.831501 0
    outer loop
      vertex 178.326 -44.8799 1.45
      vertex 178 -45.0977 0.15
      vertex 178.326 -44.8799 0.15
    endloop
  endfacet
  facet normal 0.442725 -0.896658 0
    outer loop
      vertex 177.648 -45.2715 0.15
      vertex 178 -45.0977 1.45
      vertex 177.648 -45.2715 1.45
    endloop
  endfacet
  facet normal 0.442725 -0.896658 0
    outer loop
      vertex 178 -45.0977 1.45
      vertex 177.648 -45.2715 0.15
      vertex 178 -45.0977 0.15
    endloop
  endfacet
  facet normal 0.320807 -0.947145 0
    outer loop
      vertex 177.276 -45.3975 0.15
      vertex 177.648 -45.2715 1.45
      vertex 177.276 -45.3975 1.45
    endloop
  endfacet
  facet normal 0.320807 -0.947145 0
    outer loop
      vertex 177.648 -45.2715 1.45
      vertex 177.276 -45.3975 0.15
      vertex 177.648 -45.2715 0.15
    endloop
  endfacet
  facet normal 0.196853 -0.980433 0
    outer loop
      vertex 176.892 -45.4746 0.15
      vertex 177.276 -45.3975 1.45
      vertex 176.892 -45.4746 1.45
    endloop
  endfacet
  facet normal 0.196853 -0.980433 0
    outer loop
      vertex 177.276 -45.3975 1.45
      vertex 176.892 -45.4746 0.15
      vertex 177.276 -45.3975 0.15
    endloop
  endfacet
  facet normal 0.0646603 -0.997907 0
    outer loop
      vertex 176.5 -45.5 0.15
      vertex 176.892 -45.4746 1.45
      vertex 176.5 -45.5 1.45
    endloop
  endfacet
  facet normal 0.0646603 -0.997907 0
    outer loop
      vertex 176.892 -45.4746 1.45
      vertex 176.5 -45.5 0.15
      vertex 176.892 -45.4746 0.15
    endloop
  endfacet
  facet normal -0.0646603 -0.997907 0
    outer loop
      vertex 176.108 -45.4746 0.15
      vertex 176.5 -45.5 1.45
      vertex 176.108 -45.4746 1.45
    endloop
  endfacet
  facet normal -0.0646603 -0.997907 -0
    outer loop
      vertex 176.5 -45.5 1.45
      vertex 176.108 -45.4746 0.15
      vertex 176.5 -45.5 0.15
    endloop
  endfacet
  facet normal -0.19906 -0.979987 0
    outer loop
      vertex 107.724 -118.397 0.15
      vertex 108.108 -118.475 1.45
      vertex 107.724 -118.397 1.45
    endloop
  endfacet
  facet normal -0.19906 -0.979987 -0
    outer loop
      vertex 108.108 -118.475 1.45
      vertex 107.724 -118.397 0.15
      vertex 108.108 -118.475 0.15
    endloop
  endfacet
  facet normal -0.320807 -0.947145 0
    outer loop
      vertex 107.352 -118.271 0.15
      vertex 107.724 -118.397 1.45
      vertex 107.352 -118.271 1.45
    endloop
  endfacet
  facet normal -0.320807 -0.947145 -0
    outer loop
      vertex 107.724 -118.397 1.45
      vertex 107.352 -118.271 0.15
      vertex 107.724 -118.397 0.15
    endloop
  endfacet
  facet normal -0.441084 -0.897466 0
    outer loop
      vertex 107 -118.098 0.15
      vertex 107.352 -118.271 1.45
      vertex 107 -118.098 1.45
    endloop
  endfacet
  facet normal -0.441084 -0.897466 -0
    outer loop
      vertex 107.352 -118.271 1.45
      vertex 107 -118.098 0.15
      vertex 107.352 -118.271 0.15
    endloop
  endfacet
  facet normal -0.555877 -0.831265 0
    outer loop
      vertex 106.674 -117.88 0.15
      vertex 107 -118.098 1.45
      vertex 106.674 -117.88 1.45
    endloop
  endfacet
  facet normal -0.555877 -0.831265 -0
    outer loop
      vertex 107 -118.098 1.45
      vertex 106.674 -117.88 0.15
      vertex 107 -118.098 0.15
    endloop
  endfacet
  facet normal -0.659766 -0.751471 0
    outer loop
      vertex 106.379 -117.621 0.15
      vertex 106.674 -117.88 1.45
      vertex 106.379 -117.621 1.45
    endloop
  endfacet
  facet normal -0.659766 -0.751471 -0
    outer loop
      vertex 106.674 -117.88 1.45
      vertex 106.379 -117.621 0.15
      vertex 106.674 -117.88 0.15
    endloop
  endfacet
  facet normal -0.751471 -0.659766 0
    outer loop
      vertex 106.379 -117.621 0.15
      vertex 106.12 -117.326 1.45
      vertex 106.12 -117.326 0.15
    endloop
  endfacet
  facet normal -0.751471 -0.659766 0
    outer loop
      vertex 106.12 -117.326 1.45
      vertex 106.379 -117.621 0.15
      vertex 106.379 -117.621 1.45
    endloop
  endfacet
  facet normal -0.831265 -0.555877 0
    outer loop
      vertex 106.12 -117.326 0.15
      vertex 105.902 -117 1.45
      vertex 105.902 -117 0.15
    endloop
  endfacet
  facet normal -0.831265 -0.555877 0
    outer loop
      vertex 105.902 -117 1.45
      vertex 106.12 -117.326 0.15
      vertex 106.12 -117.326 1.45
    endloop
  endfacet
  facet normal -0.897466 -0.441084 0
    outer loop
      vertex 105.902 -117 0.15
      vertex 105.729 -116.648 1.45
      vertex 105.729 -116.648 0.15
    endloop
  endfacet
  facet normal -0.897466 -0.441084 0
    outer loop
      vertex 105.729 -116.648 1.45
      vertex 105.902 -117 0.15
      vertex 105.902 -117 1.45
    endloop
  endfacet
  facet normal -0.947145 -0.320807 0
    outer loop
      vertex 105.729 -116.648 0.15
      vertex 105.603 -116.276 1.45
      vertex 105.603 -116.276 0.15
    endloop
  endfacet
  facet normal -0.947145 -0.320807 0
    outer loop
      vertex 105.603 -116.276 1.45
      vertex 105.729 -116.648 0.15
      vertex 105.729 -116.648 1.45
    endloop
  endfacet
  facet normal -0.979987 -0.19906 0
    outer loop
      vertex 105.603 -116.276 0.15
      vertex 105.525 -115.892 1.45
      vertex 105.525 -115.892 0.15
    endloop
  endfacet
  facet normal -0.979987 -0.19906 0
    outer loop
      vertex 105.525 -115.892 1.45
      vertex 105.603 -116.276 0.15
      vertex 105.603 -116.276 1.45
    endloop
  endfacet
  facet normal -0.997973 -0.0636462 0
    outer loop
      vertex 105.525 -115.892 0.15
      vertex 105.5 -115.5 1.45
      vertex 105.5 -115.5 0.15
    endloop
  endfacet
  facet normal -0.997973 -0.0636462 0
    outer loop
      vertex 105.5 -115.5 1.45
      vertex 105.525 -115.892 0.15
      vertex 105.525 -115.892 1.45
    endloop
  endfacet
  facet normal -0.997973 0.0636462 0
    outer loop
      vertex 105.5 -115.5 0.15
      vertex 105.525 -115.108 1.45
      vertex 105.525 -115.108 0.15
    endloop
  endfacet
  facet normal -0.997973 0.0636462 0
    outer loop
      vertex 105.525 -115.108 1.45
      vertex 105.5 -115.5 0.15
      vertex 105.5 -115.5 1.45
    endloop
  endfacet
  facet normal -0.979987 0.19906 0
    outer loop
      vertex 105.525 -115.108 0.15
      vertex 105.603 -114.724 1.45
      vertex 105.603 -114.724 0.15
    endloop
  endfacet
  facet normal -0.979987 0.19906 0
    outer loop
      vertex 105.603 -114.724 1.45
      vertex 105.525 -115.108 0.15
      vertex 105.525 -115.108 1.45
    endloop
  endfacet
  facet normal -0.947145 0.320807 0
    outer loop
      vertex 105.603 -114.724 0.15
      vertex 105.729 -114.352 1.45
      vertex 105.729 -114.352 0.15
    endloop
  endfacet
  facet normal -0.947145 0.320807 0
    outer loop
      vertex 105.729 -114.352 1.45
      vertex 105.603 -114.724 0.15
      vertex 105.603 -114.724 1.45
    endloop
  endfacet
  facet normal -0.897466 0.441084 0
    outer loop
      vertex 105.729 -114.352 0.15
      vertex 105.902 -114 1.45
      vertex 105.902 -114 0.15
    endloop
  endfacet
  facet normal -0.897466 0.441084 0
    outer loop
      vertex 105.902 -114 1.45
      vertex 105.729 -114.352 0.15
      vertex 105.729 -114.352 1.45
    endloop
  endfacet
  facet normal -0.831265 0.555877 0
    outer loop
      vertex 105.902 -114 0.15
      vertex 106.12 -113.674 1.45
      vertex 106.12 -113.674 0.15
    endloop
  endfacet
  facet normal -0.831265 0.555877 0
    outer loop
      vertex 106.12 -113.674 1.45
      vertex 105.902 -114 0.15
      vertex 105.902 -114 1.45
    endloop
  endfacet
  facet normal -0.751471 0.659766 0
    outer loop
      vertex 106.12 -113.674 0.15
      vertex 106.379 -113.379 1.45
      vertex 106.379 -113.379 0.15
    endloop
  endfacet
  facet normal -0.751471 0.659766 0
    outer loop
      vertex 106.379 -113.379 1.45
      vertex 106.12 -113.674 0.15
      vertex 106.12 -113.674 1.45
    endloop
  endfacet
  facet normal -0.659766 0.751471 0
    outer loop
      vertex 106.674 -113.12 0.15
      vertex 106.379 -113.379 1.45
      vertex 106.674 -113.12 1.45
    endloop
  endfacet
  facet normal -0.659766 0.751471 0
    outer loop
      vertex 106.379 -113.379 1.45
      vertex 106.674 -113.12 0.15
      vertex 106.379 -113.379 0.15
    endloop
  endfacet
  facet normal -0.555877 0.831265 0
    outer loop
      vertex 107 -112.902 0.15
      vertex 106.674 -113.12 1.45
      vertex 107 -112.902 1.45
    endloop
  endfacet
  facet normal -0.555877 0.831265 0
    outer loop
      vertex 106.674 -113.12 1.45
      vertex 107 -112.902 0.15
      vertex 106.674 -113.12 0.15
    endloop
  endfacet
  facet normal -0.441084 0.897466 0
    outer loop
      vertex 107.352 -112.729 0.15
      vertex 107 -112.902 1.45
      vertex 107.352 -112.729 1.45
    endloop
  endfacet
  facet normal -0.441084 0.897466 0
    outer loop
      vertex 107 -112.902 1.45
      vertex 107.352 -112.729 0.15
      vertex 107 -112.902 0.15
    endloop
  endfacet
  facet normal -0.320807 0.947145 0
    outer loop
      vertex 107.724 -112.603 0.15
      vertex 107.352 -112.729 1.45
      vertex 107.724 -112.603 1.45
    endloop
  endfacet
  facet normal -0.320807 0.947145 0
    outer loop
      vertex 107.352 -112.729 1.45
      vertex 107.724 -112.603 0.15
      vertex 107.352 -112.729 0.15
    endloop
  endfacet
  facet normal -0.19906 0.979987 0
    outer loop
      vertex 108.108 -112.525 0.15
      vertex 107.724 -112.603 1.45
      vertex 108.108 -112.525 1.45
    endloop
  endfacet
  facet normal -0.19906 0.979987 0
    outer loop
      vertex 107.724 -112.603 1.45
      vertex 108.108 -112.525 0.15
      vertex 107.724 -112.603 0.15
    endloop
  endfacet
  facet normal -0.0636462 0.997973 0
    outer loop
      vertex 108.5 -112.5 0.15
      vertex 108.108 -112.525 1.45
      vertex 108.5 -112.5 1.45
    endloop
  endfacet
  facet normal -0.0636462 0.997973 0
    outer loop
      vertex 108.108 -112.525 1.45
      vertex 108.5 -112.5 0.15
      vertex 108.108 -112.525 0.15
    endloop
  endfacet
  facet normal 0.0636462 0.997973 -0
    outer loop
      vertex 108.892 -112.525 0.15
      vertex 108.5 -112.5 1.45
      vertex 108.892 -112.525 1.45
    endloop
  endfacet
  facet normal 0.0636462 0.997973 0
    outer loop
      vertex 108.5 -112.5 1.45
      vertex 108.892 -112.525 0.15
      vertex 108.5 -112.5 0.15
    endloop
  endfacet
  facet normal 0.19906 0.979987 -0
    outer loop
      vertex 109.276 -112.603 0.15
      vertex 108.892 -112.525 1.45
      vertex 109.276 -112.603 1.45
    endloop
  endfacet
  facet normal 0.19906 0.979987 0
    outer loop
      vertex 108.892 -112.525 1.45
      vertex 109.276 -112.603 0.15
      vertex 108.892 -112.525 0.15
    endloop
  endfacet
  facet normal 0.320807 0.947145 -0
    outer loop
      vertex 109.648 -112.729 0.15
      vertex 109.276 -112.603 1.45
      vertex 109.648 -112.729 1.45
    endloop
  endfacet
  facet normal 0.320807 0.947145 0
    outer loop
      vertex 109.276 -112.603 1.45
      vertex 109.648 -112.729 0.15
      vertex 109.276 -112.603 0.15
    endloop
  endfacet
  facet normal 0.441084 0.897466 -0
    outer loop
      vertex 110 -112.902 0.15
      vertex 109.648 -112.729 1.45
      vertex 110 -112.902 1.45
    endloop
  endfacet
  facet normal 0.441084 0.897466 0
    outer loop
      vertex 109.648 -112.729 1.45
      vertex 110 -112.902 0.15
      vertex 109.648 -112.729 0.15
    endloop
  endfacet
  facet normal 0.555877 0.831265 -0
    outer loop
      vertex 110.326 -113.12 0.15
      vertex 110 -112.902 1.45
      vertex 110.326 -113.12 1.45
    endloop
  endfacet
  facet normal 0.555877 0.831265 0
    outer loop
      vertex 110 -112.902 1.45
      vertex 110.326 -113.12 0.15
      vertex 110 -112.902 0.15
    endloop
  endfacet
  facet normal 0.659766 0.751471 -0
    outer loop
      vertex 110.621 -113.379 0.15
      vertex 110.326 -113.12 1.45
      vertex 110.621 -113.379 1.45
    endloop
  endfacet
  facet normal 0.659766 0.751471 0
    outer loop
      vertex 110.326 -113.12 1.45
      vertex 110.621 -113.379 0.15
      vertex 110.326 -113.12 0.15
    endloop
  endfacet
  facet normal 0.751471 0.659766 0
    outer loop
      vertex 110.88 -113.674 1.45
      vertex 110.621 -113.379 0.15
      vertex 110.621 -113.379 1.45
    endloop
  endfacet
  facet normal 0.751471 0.659766 0
    outer loop
      vertex 110.621 -113.379 0.15
      vertex 110.88 -113.674 1.45
      vertex 110.88 -113.674 0.15
    endloop
  endfacet
  facet normal 0.831265 0.555877 0
    outer loop
      vertex 111.098 -114 1.45
      vertex 110.88 -113.674 0.15
      vertex 110.88 -113.674 1.45
    endloop
  endfacet
  facet normal 0.831265 0.555877 0
    outer loop
      vertex 110.88 -113.674 0.15
      vertex 111.098 -114 1.45
      vertex 111.098 -114 0.15
    endloop
  endfacet
  facet normal 0.897466 0.441084 0
    outer loop
      vertex 111.271 -114.352 1.45
      vertex 111.098 -114 0.15
      vertex 111.098 -114 1.45
    endloop
  endfacet
  facet normal 0.897466 0.441084 0
    outer loop
      vertex 111.098 -114 0.15
      vertex 111.271 -114.352 1.45
      vertex 111.271 -114.352 0.15
    endloop
  endfacet
  facet normal 0.947145 0.320807 0
    outer loop
      vertex 111.397 -114.724 1.45
      vertex 111.271 -114.352 0.15
      vertex 111.271 -114.352 1.45
    endloop
  endfacet
  facet normal 0.947145 0.320807 0
    outer loop
      vertex 111.271 -114.352 0.15
      vertex 111.397 -114.724 1.45
      vertex 111.397 -114.724 0.15
    endloop
  endfacet
  facet normal 0.979987 0.19906 0
    outer loop
      vertex 111.475 -115.108 1.45
      vertex 111.397 -114.724 0.15
      vertex 111.397 -114.724 1.45
    endloop
  endfacet
  facet normal 0.979987 0.19906 0
    outer loop
      vertex 111.397 -114.724 0.15
      vertex 111.475 -115.108 1.45
      vertex 111.475 -115.108 0.15
    endloop
  endfacet
  facet normal 0.997973 0.0636462 0
    outer loop
      vertex 111.5 -115.5 1.45
      vertex 111.475 -115.108 0.15
      vertex 111.475 -115.108 1.45
    endloop
  endfacet
  facet normal 0.997973 0.0636462 0
    outer loop
      vertex 111.475 -115.108 0.15
      vertex 111.5 -115.5 1.45
      vertex 111.5 -115.5 0.15
    endloop
  endfacet
  facet normal 0.997973 -0.0636462 0
    outer loop
      vertex 111.475 -115.892 1.45
      vertex 111.5 -115.5 0.15
      vertex 111.5 -115.5 1.45
    endloop
  endfacet
  facet normal 0.997973 -0.0636462 0
    outer loop
      vertex 111.5 -115.5 0.15
      vertex 111.475 -115.892 1.45
      vertex 111.475 -115.892 0.15
    endloop
  endfacet
  facet normal 0.979987 -0.19906 0
    outer loop
      vertex 111.397 -116.276 1.45
      vertex 111.475 -115.892 0.15
      vertex 111.475 -115.892 1.45
    endloop
  endfacet
  facet normal 0.979987 -0.19906 0
    outer loop
      vertex 111.475 -115.892 0.15
      vertex 111.397 -116.276 1.45
      vertex 111.397 -116.276 0.15
    endloop
  endfacet
  facet normal 0.947145 -0.320807 0
    outer loop
      vertex 111.271 -116.648 1.45
      vertex 111.397 -116.276 0.15
      vertex 111.397 -116.276 1.45
    endloop
  endfacet
  facet normal 0.947145 -0.320807 0
    outer loop
      vertex 111.397 -116.276 0.15
      vertex 111.271 -116.648 1.45
      vertex 111.271 -116.648 0.15
    endloop
  endfacet
  facet normal 0.897466 -0.441084 0
    outer loop
      vertex 111.098 -117 1.45
      vertex 111.271 -116.648 0.15
      vertex 111.271 -116.648 1.45
    endloop
  endfacet
  facet normal 0.897466 -0.441084 0
    outer loop
      vertex 111.271 -116.648 0.15
      vertex 111.098 -117 1.45
      vertex 111.098 -117 0.15
    endloop
  endfacet
  facet normal 0.831265 -0.555877 0
    outer loop
      vertex 110.88 -117.326 1.45
      vertex 111.098 -117 0.15
      vertex 111.098 -117 1.45
    endloop
  endfacet
  facet normal 0.831265 -0.555877 0
    outer loop
      vertex 111.098 -117 0.15
      vertex 110.88 -117.326 1.45
      vertex 110.88 -117.326 0.15
    endloop
  endfacet
  facet normal 0.751471 -0.659766 0
    outer loop
      vertex 110.621 -117.621 1.45
      vertex 110.88 -117.326 0.15
      vertex 110.88 -117.326 1.45
    endloop
  endfacet
  facet normal 0.751471 -0.659766 0
    outer loop
      vertex 110.88 -117.326 0.15
      vertex 110.621 -117.621 1.45
      vertex 110.621 -117.621 0.15
    endloop
  endfacet
  facet normal 0.659766 -0.751471 0
    outer loop
      vertex 110.326 -117.88 0.15
      vertex 110.621 -117.621 1.45
      vertex 110.326 -117.88 1.45
    endloop
  endfacet
  facet normal 0.659766 -0.751471 0
    outer loop
      vertex 110.621 -117.621 1.45
      vertex 110.326 -117.88 0.15
      vertex 110.621 -117.621 0.15
    endloop
  endfacet
  facet normal 0.555877 -0.831265 0
    outer loop
      vertex 110 -118.098 0.15
      vertex 110.326 -117.88 1.45
      vertex 110 -118.098 1.45
    endloop
  endfacet
  facet normal 0.555877 -0.831265 0
    outer loop
      vertex 110.326 -117.88 1.45
      vertex 110 -118.098 0.15
      vertex 110.326 -117.88 0.15
    endloop
  endfacet
  facet normal 0.441084 -0.897466 0
    outer loop
      vertex 109.648 -118.271 0.15
      vertex 110 -118.098 1.45
      vertex 109.648 -118.271 1.45
    endloop
  endfacet
  facet normal 0.441084 -0.897466 0
    outer loop
      vertex 110 -118.098 1.45
      vertex 109.648 -118.271 0.15
      vertex 110 -118.098 0.15
    endloop
  endfacet
  facet normal 0.320807 -0.947145 0
    outer loop
      vertex 109.276 -118.397 0.15
      vertex 109.648 -118.271 1.45
      vertex 109.276 -118.397 1.45
    endloop
  endfacet
  facet normal 0.320807 -0.947145 0
    outer loop
      vertex 109.648 -118.271 1.45
      vertex 109.276 -118.397 0.15
      vertex 109.648 -118.271 0.15
    endloop
  endfacet
  facet normal 0.19906 -0.979987 0
    outer loop
      vertex 108.892 -118.475 0.15
      vertex 109.276 -118.397 1.45
      vertex 108.892 -118.475 1.45
    endloop
  endfacet
  facet normal 0.19906 -0.979987 0
    outer loop
      vertex 109.276 -118.397 1.45
      vertex 108.892 -118.475 0.15
      vertex 109.276 -118.397 0.15
    endloop
  endfacet
  facet normal 0.0636462 -0.997973 0
    outer loop
      vertex 108.5 -118.5 0.15
      vertex 108.892 -118.475 1.45
      vertex 108.5 -118.5 1.45
    endloop
  endfacet
  facet normal 0.0636462 -0.997973 0
    outer loop
      vertex 108.892 -118.475 1.45
      vertex 108.5 -118.5 0.15
      vertex 108.892 -118.475 0.15
    endloop
  endfacet
  facet normal -0.0636462 -0.997973 0
    outer loop
      vertex 108.108 -118.475 0.15
      vertex 108.5 -118.5 1.45
      vertex 108.108 -118.475 1.45
    endloop
  endfacet
  facet normal -0.0636462 -0.997973 -0
    outer loop
      vertex 108.5 -118.5 1.45
      vertex 108.108 -118.475 0.15
      vertex 108.5 -118.5 0.15
    endloop
  endfacet
  facet normal -0.19906 -0.979987 0
    outer loop
      vertex 175.724 -118.397 0.15
      vertex 176.108 -118.475 1.45
      vertex 175.724 -118.397 1.45
    endloop
  endfacet
  facet normal -0.19906 -0.979987 -0
    outer loop
      vertex 176.108 -118.475 1.45
      vertex 175.724 -118.397 0.15
      vertex 176.108 -118.475 0.15
    endloop
  endfacet
  facet normal -0.320807 -0.947145 0
    outer loop
      vertex 175.352 -118.271 0.15
      vertex 175.724 -118.397 1.45
      vertex 175.352 -118.271 1.45
    endloop
  endfacet
  facet normal -0.320807 -0.947145 -0
    outer loop
      vertex 175.724 -118.397 1.45
      vertex 175.352 -118.271 0.15
      vertex 175.724 -118.397 0.15
    endloop
  endfacet
  facet normal -0.441084 -0.897466 0
    outer loop
      vertex 175 -118.098 0.15
      vertex 175.352 -118.271 1.45
      vertex 175 -118.098 1.45
    endloop
  endfacet
  facet normal -0.441084 -0.897466 -0
    outer loop
      vertex 175.352 -118.271 1.45
      vertex 175 -118.098 0.15
      vertex 175.352 -118.271 0.15
    endloop
  endfacet
  facet normal -0.555877 -0.831265 0
    outer loop
      vertex 174.674 -117.88 0.15
      vertex 175 -118.098 1.45
      vertex 174.674 -117.88 1.45
    endloop
  endfacet
  facet normal -0.555877 -0.831265 -0
    outer loop
      vertex 175 -118.098 1.45
      vertex 174.674 -117.88 0.15
      vertex 175 -118.098 0.15
    endloop
  endfacet
  facet normal -0.659766 -0.751471 0
    outer loop
      vertex 174.379 -117.621 0.15
      vertex 174.674 -117.88 1.45
      vertex 174.379 -117.621 1.45
    endloop
  endfacet
  facet normal -0.659766 -0.751471 -0
    outer loop
      vertex 174.674 -117.88 1.45
      vertex 174.379 -117.621 0.15
      vertex 174.674 -117.88 0.15
    endloop
  endfacet
  facet normal -0.751471 -0.659766 0
    outer loop
      vertex 174.379 -117.621 0.15
      vertex 174.12 -117.326 1.45
      vertex 174.12 -117.326 0.15
    endloop
  endfacet
  facet normal -0.751471 -0.659766 0
    outer loop
      vertex 174.12 -117.326 1.45
      vertex 174.379 -117.621 0.15
      vertex 174.379 -117.621 1.45
    endloop
  endfacet
  facet normal -0.831265 -0.555877 0
    outer loop
      vertex 174.12 -117.326 0.15
      vertex 173.902 -117 1.45
      vertex 173.902 -117 0.15
    endloop
  endfacet
  facet normal -0.831265 -0.555877 0
    outer loop
      vertex 173.902 -117 1.45
      vertex 174.12 -117.326 0.15
      vertex 174.12 -117.326 1.45
    endloop
  endfacet
  facet normal -0.897466 -0.441084 0
    outer loop
      vertex 173.902 -117 0.15
      vertex 173.729 -116.648 1.45
      vertex 173.729 -116.648 0.15
    endloop
  endfacet
  facet normal -0.897466 -0.441084 0
    outer loop
      vertex 173.729 -116.648 1.45
      vertex 173.902 -117 0.15
      vertex 173.902 -117 1.45
    endloop
  endfacet
  facet normal -0.947145 -0.320807 0
    outer loop
      vertex 173.729 -116.648 0.15
      vertex 173.603 -116.276 1.45
      vertex 173.603 -116.276 0.15
    endloop
  endfacet
  facet normal -0.947145 -0.320807 0
    outer loop
      vertex 173.603 -116.276 1.45
      vertex 173.729 -116.648 0.15
      vertex 173.729 -116.648 1.45
    endloop
  endfacet
  facet normal -0.979987 -0.19906 0
    outer loop
      vertex 173.603 -116.276 0.15
      vertex 173.525 -115.892 1.45
      vertex 173.525 -115.892 0.15
    endloop
  endfacet
  facet normal -0.979987 -0.19906 0
    outer loop
      vertex 173.525 -115.892 1.45
      vertex 173.603 -116.276 0.15
      vertex 173.603 -116.276 1.45
    endloop
  endfacet
  facet normal -0.997973 -0.0636462 0
    outer loop
      vertex 173.525 -115.892 0.15
      vertex 173.5 -115.5 1.45
      vertex 173.5 -115.5 0.15
    endloop
  endfacet
  facet normal -0.997973 -0.0636462 0
    outer loop
      vertex 173.5 -115.5 1.45
      vertex 173.525 -115.892 0.15
      vertex 173.525 -115.892 1.45
    endloop
  endfacet
  facet normal -0.997973 0.0636462 0
    outer loop
      vertex 173.5 -115.5 0.15
      vertex 173.525 -115.108 1.45
      vertex 173.525 -115.108 0.15
    endloop
  endfacet
  facet normal -0.997973 0.0636462 0
    outer loop
      vertex 173.525 -115.108 1.45
      vertex 173.5 -115.5 0.15
      vertex 173.5 -115.5 1.45
    endloop
  endfacet
  facet normal -0.979987 0.19906 0
    outer loop
      vertex 173.525 -115.108 0.15
      vertex 173.603 -114.724 1.45
      vertex 173.603 -114.724 0.15
    endloop
  endfacet
  facet normal -0.979987 0.19906 0
    outer loop
      vertex 173.603 -114.724 1.45
      vertex 173.525 -115.108 0.15
      vertex 173.525 -115.108 1.45
    endloop
  endfacet
  facet normal -0.947145 0.320807 0
    outer loop
      vertex 173.603 -114.724 0.15
      vertex 173.729 -114.352 1.45
      vertex 173.729 -114.352 0.15
    endloop
  endfacet
  facet normal -0.947145 0.320807 0
    outer loop
      vertex 173.729 -114.352 1.45
      vertex 173.603 -114.724 0.15
      vertex 173.603 -114.724 1.45
    endloop
  endfacet
  facet normal -0.897466 0.441084 0
    outer loop
      vertex 173.729 -114.352 0.15
      vertex 173.902 -114 1.45
      vertex 173.902 -114 0.15
    endloop
  endfacet
  facet normal -0.897466 0.441084 0
    outer loop
      vertex 173.902 -114 1.45
      vertex 173.729 -114.352 0.15
      vertex 173.729 -114.352 1.45
    endloop
  endfacet
  facet normal -0.831265 0.555877 0
    outer loop
      vertex 173.902 -114 0.15
      vertex 174.12 -113.674 1.45
      vertex 174.12 -113.674 0.15
    endloop
  endfacet
  facet normal -0.831265 0.555877 0
    outer loop
      vertex 174.12 -113.674 1.45
      vertex 173.902 -114 0.15
      vertex 173.902 -114 1.45
    endloop
  endfacet
  facet normal -0.751471 0.659766 0
    outer loop
      vertex 174.12 -113.674 0.15
      vertex 174.379 -113.379 1.45
      vertex 174.379 -113.379 0.15
    endloop
  endfacet
  facet normal -0.751471 0.659766 0
    outer loop
      vertex 174.379 -113.379 1.45
      vertex 174.12 -113.674 0.15
      vertex 174.12 -113.674 1.45
    endloop
  endfacet
  facet normal -0.659766 0.751471 0
    outer loop
      vertex 174.674 -113.12 0.15
      vertex 174.379 -113.379 1.45
      vertex 174.674 -113.12 1.45
    endloop
  endfacet
  facet normal -0.659766 0.751471 0
    outer loop
      vertex 174.379 -113.379 1.45
      vertex 174.674 -113.12 0.15
      vertex 174.379 -113.379 0.15
    endloop
  endfacet
  facet normal -0.555877 0.831265 0
    outer loop
      vertex 175 -112.902 0.15
      vertex 174.674 -113.12 1.45
      vertex 175 -112.902 1.45
    endloop
  endfacet
  facet normal -0.555877 0.831265 0
    outer loop
      vertex 174.674 -113.12 1.45
      vertex 175 -112.902 0.15
      vertex 174.674 -113.12 0.15
    endloop
  endfacet
  facet normal -0.441084 0.897466 0
    outer loop
      vertex 175.352 -112.729 0.15
      vertex 175 -112.902 1.45
      vertex 175.352 -112.729 1.45
    endloop
  endfacet
  facet normal -0.441084 0.897466 0
    outer loop
      vertex 175 -112.902 1.45
      vertex 175.352 -112.729 0.15
      vertex 175 -112.902 0.15
    endloop
  endfacet
  facet normal -0.320807 0.947145 0
    outer loop
      vertex 175.724 -112.603 0.15
      vertex 175.352 -112.729 1.45
      vertex 175.724 -112.603 1.45
    endloop
  endfacet
  facet normal -0.320807 0.947145 0
    outer loop
      vertex 175.352 -112.729 1.45
      vertex 175.724 -112.603 0.15
      vertex 175.352 -112.729 0.15
    endloop
  endfacet
  facet normal -0.19906 0.979987 0
    outer loop
      vertex 176.108 -112.525 0.15
      vertex 175.724 -112.603 1.45
      vertex 176.108 -112.525 1.45
    endloop
  endfacet
  facet normal -0.19906 0.979987 0
    outer loop
      vertex 175.724 -112.603 1.45
      vertex 176.108 -112.525 0.15
      vertex 175.724 -112.603 0.15
    endloop
  endfacet
  facet normal -0.0636462 0.997973 0
    outer loop
      vertex 176.5 -112.5 0.15
      vertex 176.108 -112.525 1.45
      vertex 176.5 -112.5 1.45
    endloop
  endfacet
  facet normal -0.0636462 0.997973 0
    outer loop
      vertex 176.108 -112.525 1.45
      vertex 176.5 -112.5 0.15
      vertex 176.108 -112.525 0.15
    endloop
  endfacet
  facet normal 0.0636462 0.997973 -0
    outer loop
      vertex 176.892 -112.525 0.15
      vertex 176.5 -112.5 1.45
      vertex 176.892 -112.525 1.45
    endloop
  endfacet
  facet normal 0.0636462 0.997973 0
    outer loop
      vertex 176.5 -112.5 1.45
      vertex 176.892 -112.525 0.15
      vertex 176.5 -112.5 0.15
    endloop
  endfacet
  facet normal 0.19906 0.979987 -0
    outer loop
      vertex 177.276 -112.603 0.15
      vertex 176.892 -112.525 1.45
      vertex 177.276 -112.603 1.45
    endloop
  endfacet
  facet normal 0.19906 0.979987 0
    outer loop
      vertex 176.892 -112.525 1.45
      vertex 177.276 -112.603 0.15
      vertex 176.892 -112.525 0.15
    endloop
  endfacet
  facet normal 0.320807 0.947145 -0
    outer loop
      vertex 177.648 -112.729 0.15
      vertex 177.276 -112.603 1.45
      vertex 177.648 -112.729 1.45
    endloop
  endfacet
  facet normal 0.320807 0.947145 0
    outer loop
      vertex 177.276 -112.603 1.45
      vertex 177.648 -112.729 0.15
      vertex 177.276 -112.603 0.15
    endloop
  endfacet
  facet normal 0.441084 0.897466 -0
    outer loop
      vertex 178 -112.902 0.15
      vertex 177.648 -112.729 1.45
      vertex 178 -112.902 1.45
    endloop
  endfacet
  facet normal 0.441084 0.897466 0
    outer loop
      vertex 177.648 -112.729 1.45
      vertex 178 -112.902 0.15
      vertex 177.648 -112.729 0.15
    endloop
  endfacet
  facet normal 0.555877 0.831265 -0
    outer loop
      vertex 178.326 -113.12 0.15
      vertex 178 -112.902 1.45
      vertex 178.326 -113.12 1.45
    endloop
  endfacet
  facet normal 0.555877 0.831265 0
    outer loop
      vertex 178 -112.902 1.45
      vertex 178.326 -113.12 0.15
      vertex 178 -112.902 0.15
    endloop
  endfacet
  facet normal 0.659766 0.751471 -0
    outer loop
      vertex 178.621 -113.379 0.15
      vertex 178.326 -113.12 1.45
      vertex 178.621 -113.379 1.45
    endloop
  endfacet
  facet normal 0.659766 0.751471 0
    outer loop
      vertex 178.326 -113.12 1.45
      vertex 178.621 -113.379 0.15
      vertex 178.326 -113.12 0.15
    endloop
  endfacet
  facet normal 0.751471 0.659766 0
    outer loop
      vertex 178.88 -113.674 1.45
      vertex 178.621 -113.379 0.15
      vertex 178.621 -113.379 1.45
    endloop
  endfacet
  facet normal 0.751471 0.659766 0
    outer loop
      vertex 178.621 -113.379 0.15
      vertex 178.88 -113.674 1.45
      vertex 178.88 -113.674 0.15
    endloop
  endfacet
  facet normal 0.831265 0.555877 0
    outer loop
      vertex 179.098 -114 1.45
      vertex 178.88 -113.674 0.15
      vertex 178.88 -113.674 1.45
    endloop
  endfacet
  facet normal 0.831265 0.555877 0
    outer loop
      vertex 178.88 -113.674 0.15
      vertex 179.098 -114 1.45
      vertex 179.098 -114 0.15
    endloop
  endfacet
  facet normal 0.897466 0.441084 0
    outer loop
      vertex 179.271 -114.352 1.45
      vertex 179.098 -114 0.15
      vertex 179.098 -114 1.45
    endloop
  endfacet
  facet normal 0.897466 0.441084 0
    outer loop
      vertex 179.098 -114 0.15
      vertex 179.271 -114.352 1.45
      vertex 179.271 -114.352 0.15
    endloop
  endfacet
  facet normal 0.947145 0.320807 0
    outer loop
      vertex 179.397 -114.724 1.45
      vertex 179.271 -114.352 0.15
      vertex 179.271 -114.352 1.45
    endloop
  endfacet
  facet normal 0.947145 0.320807 0
    outer loop
      vertex 179.271 -114.352 0.15
      vertex 179.397 -114.724 1.45
      vertex 179.397 -114.724 0.15
    endloop
  endfacet
  facet normal 0.979987 0.19906 0
    outer loop
      vertex 179.475 -115.108 1.45
      vertex 179.397 -114.724 0.15
      vertex 179.397 -114.724 1.45
    endloop
  endfacet
  facet normal 0.979987 0.19906 0
    outer loop
      vertex 179.397 -114.724 0.15
      vertex 179.475 -115.108 1.45
      vertex 179.475 -115.108 0.15
    endloop
  endfacet
  facet normal 0.997973 0.0636462 0
    outer loop
      vertex 179.5 -115.5 1.45
      vertex 179.475 -115.108 0.15
      vertex 179.475 -115.108 1.45
    endloop
  endfacet
  facet normal 0.997973 0.0636462 0
    outer loop
      vertex 179.475 -115.108 0.15
      vertex 179.5 -115.5 1.45
      vertex 179.5 -115.5 0.15
    endloop
  endfacet
  facet normal 0.997973 -0.0636462 0
    outer loop
      vertex 179.475 -115.892 1.45
      vertex 179.5 -115.5 0.15
      vertex 179.5 -115.5 1.45
    endloop
  endfacet
  facet normal 0.997973 -0.0636462 0
    outer loop
      vertex 179.5 -115.5 0.15
      vertex 179.475 -115.892 1.45
      vertex 179.475 -115.892 0.15
    endloop
  endfacet
  facet normal 0.979987 -0.19906 0
    outer loop
      vertex 179.397 -116.276 1.45
      vertex 179.475 -115.892 0.15
      vertex 179.475 -115.892 1.45
    endloop
  endfacet
  facet normal 0.979987 -0.19906 0
    outer loop
      vertex 179.475 -115.892 0.15
      vertex 179.397 -116.276 1.45
      vertex 179.397 -116.276 0.15
    endloop
  endfacet
  facet normal 0.947145 -0.320807 0
    outer loop
      vertex 179.271 -116.648 1.45
      vertex 179.397 -116.276 0.15
      vertex 179.397 -116.276 1.45
    endloop
  endfacet
  facet normal 0.947145 -0.320807 0
    outer loop
      vertex 179.397 -116.276 0.15
      vertex 179.271 -116.648 1.45
      vertex 179.271 -116.648 0.15
    endloop
  endfacet
  facet normal 0.897466 -0.441084 0
    outer loop
      vertex 179.098 -117 1.45
      vertex 179.271 -116.648 0.15
      vertex 179.271 -116.648 1.45
    endloop
  endfacet
  facet normal 0.897466 -0.441084 0
    outer loop
      vertex 179.271 -116.648 0.15
      vertex 179.098 -117 1.45
      vertex 179.098 -117 0.15
    endloop
  endfacet
  facet normal 0.831265 -0.555877 0
    outer loop
      vertex 178.88 -117.326 1.45
      vertex 179.098 -117 0.15
      vertex 179.098 -117 1.45
    endloop
  endfacet
  facet normal 0.831265 -0.555877 0
    outer loop
      vertex 179.098 -117 0.15
      vertex 178.88 -117.326 1.45
      vertex 178.88 -117.326 0.15
    endloop
  endfacet
  facet normal 0.751471 -0.659766 0
    outer loop
      vertex 178.621 -117.621 1.45
      vertex 178.88 -117.326 0.15
      vertex 178.88 -117.326 1.45
    endloop
  endfacet
  facet normal 0.751471 -0.659766 0
    outer loop
      vertex 178.88 -117.326 0.15
      vertex 178.621 -117.621 1.45
      vertex 178.621 -117.621 0.15
    endloop
  endfacet
  facet normal 0.659766 -0.751471 0
    outer loop
      vertex 178.326 -117.88 0.15
      vertex 178.621 -117.621 1.45
      vertex 178.326 -117.88 1.45
    endloop
  endfacet
  facet normal 0.659766 -0.751471 0
    outer loop
      vertex 178.621 -117.621 1.45
      vertex 178.326 -117.88 0.15
      vertex 178.621 -117.621 0.15
    endloop
  endfacet
  facet normal 0.555877 -0.831265 0
    outer loop
      vertex 178 -118.098 0.15
      vertex 178.326 -117.88 1.45
      vertex 178 -118.098 1.45
    endloop
  endfacet
  facet normal 0.555877 -0.831265 0
    outer loop
      vertex 178.326 -117.88 1.45
      vertex 178 -118.098 0.15
      vertex 178.326 -117.88 0.15
    endloop
  endfacet
  facet normal 0.441084 -0.897466 0
    outer loop
      vertex 177.648 -118.271 0.15
      vertex 178 -118.098 1.45
      vertex 177.648 -118.271 1.45
    endloop
  endfacet
  facet normal 0.441084 -0.897466 0
    outer loop
      vertex 178 -118.098 1.45
      vertex 177.648 -118.271 0.15
      vertex 178 -118.098 0.15
    endloop
  endfacet
  facet normal 0.320807 -0.947145 0
    outer loop
      vertex 177.276 -118.397 0.15
      vertex 177.648 -118.271 1.45
      vertex 177.276 -118.397 1.45
    endloop
  endfacet
  facet normal 0.320807 -0.947145 0
    outer loop
      vertex 177.648 -118.271 1.45
      vertex 177.276 -118.397 0.15
      vertex 177.648 -118.271 0.15
    endloop
  endfacet
  facet normal 0.19906 -0.979987 0
    outer loop
      vertex 176.892 -118.475 0.15
      vertex 177.276 -118.397 1.45
      vertex 176.892 -118.475 1.45
    endloop
  endfacet
  facet normal 0.19906 -0.979987 0
    outer loop
      vertex 177.276 -118.397 1.45
      vertex 176.892 -118.475 0.15
      vertex 177.276 -118.397 0.15
    endloop
  endfacet
  facet normal 0.0636462 -0.997973 0
    outer loop
      vertex 176.5 -118.5 0.15
      vertex 176.892 -118.475 1.45
      vertex 176.5 -118.5 1.45
    endloop
  endfacet
  facet normal 0.0636462 -0.997973 0
    outer loop
      vertex 176.892 -118.475 1.45
      vertex 176.5 -118.5 0.15
      vertex 176.892 -118.475 0.15
    endloop
  endfacet
  facet normal -0.0636462 -0.997973 0
    outer loop
      vertex 176.108 -118.475 0.15
      vertex 176.5 -118.5 1.45
      vertex 176.108 -118.475 1.45
    endloop
  endfacet
  facet normal -0.0636462 -0.997973 -0
    outer loop
      vertex 176.5 -118.5 1.45
      vertex 176.108 -118.475 0.15
      vertex 176.5 -118.5 0.15
    endloop
  endfacet
endsolid OpenSCAD_Model
