solid OpenSCAD_Model
  facet normal 0 0 -1
    outer loop
      vertex 98.5811 91.2207 0
      vertex 98.5996 103.875 0
      vertex 98.5996 91.125 0
    endloop
  endfacet
  facet normal 0 0 -1
    outer loop
      vertex 98.5811 91.2207 0
      vertex 98.5811 103.779 0
      vertex 98.5996 103.875 0
    endloop
  endfacet
  facet normal 0 0 -1
    outer loop
      vertex 98.5264 91.3018 0
      vertex 98.5811 103.779 0
      vertex 98.5811 91.2207 0
    endloop
  endfacet
  facet normal 0 0 -1
    outer loop
      vertex 98.5264 91.3018 0
      vertex 98.5264 103.698 0
      vertex 98.5811 103.779 0
    endloop
  endfacet
  facet normal 0 0 -1
    outer loop
      vertex 98.4453 91.3564 0
      vertex 98.5264 103.698 0
      vertex 98.5264 91.3018 0
    endloop
  endfacet
  facet normal 0 0 -1
    outer loop
      vertex 98.4453 91.3564 0
      vertex 98.4453 103.644 0
      vertex 98.5264 103.698 0
    endloop
  endfacet
  facet normal 0 0 -1
    outer loop
      vertex 98.3496 91.375 0
      vertex 98.4453 103.644 0
      vertex 98.4453 91.3564 0
    endloop
  endfacet
  facet normal 0 0 -1
    outer loop
      vertex 98.3496 91.375 0
      vertex 98.3496 103.625 0
      vertex 98.4453 103.644 0
    endloop
  endfacet
  facet normal 0 0 -1
    outer loop
      vertex 97.7246 91.375 0
      vertex 98.3496 103.625 0
      vertex 98.3496 91.375 0
    endloop
  endfacet
  facet normal 0 0 -1
    outer loop
      vertex 97.7246 91.375 0
      vertex 97.7246 103.625 0
      vertex 98.3496 103.625 0
    endloop
  endfacet
  facet normal 0 0 -1
    outer loop
      vertex 97.6289 91.3564 0
      vertex 97.7246 103.625 0
      vertex 97.7246 91.375 0
    endloop
  endfacet
  facet normal 0 0 -1
    outer loop
      vertex 97.6289 91.3564 0
      vertex 97.6289 103.644 0
      vertex 97.7246 103.625 0
    endloop
  endfacet
  facet normal 0 0 -1
    outer loop
      vertex 97.5479 91.3018 0
      vertex 97.6289 103.644 0
      vertex 97.6289 91.3564 0
    endloop
  endfacet
  facet normal 0 0 -1
    outer loop
      vertex 97.5479 91.3018 0
      vertex 97.5479 103.698 0
      vertex 97.6289 103.644 0
    endloop
  endfacet
  facet normal 0 0 -1
    outer loop
      vertex 97.4941 91.2207 0
      vertex 97.5479 103.698 0
      vertex 97.5479 91.3018 0
    endloop
  endfacet
  facet normal 0 0 -1
    outer loop
      vertex 97.4941 91.2207 0
      vertex 97.4941 103.779 0
      vertex 97.5479 103.698 0
    endloop
  endfacet
  facet normal 0 0 -1
    outer loop
      vertex 97.4746 91.125 0
      vertex 97.4941 103.779 0
      vertex 97.4941 91.2207 0
    endloop
  endfacet
  facet normal -0 0 -1
    outer loop
      vertex 97.4941 103.779 0
      vertex 97.4746 91.125 0
      vertex 97.4746 103.875 0
    endloop
  endfacet
  facet normal 0 0 -1
    outer loop
      vertex 98.5264 84.3018 0
      vertex 100.4 84.125 0
      vertex 98.5811 84.2207 0
    endloop
  endfacet
  facet normal 0 0 -1
    outer loop
      vertex 100.4 84.125 0
      vertex 98.5811 89.7793 0
      vertex 98.5996 89.875 0
    endloop
  endfacet
  facet normal 0 0 -1
    outer loop
      vertex 98.4453 84.3564 0
      vertex 100.4 84.125 0
      vertex 98.5264 84.3018 0
    endloop
  endfacet
  facet normal 0 0 -1
    outer loop
      vertex 100.4 84.125 0
      vertex 98.5264 89.6982 0
      vertex 98.5811 89.7793 0
    endloop
  endfacet
  facet normal 0 0 -1
    outer loop
      vertex 98.4453 89.6436 0
      vertex 100.4 84.125 0
      vertex 98.4453 84.3564 0
    endloop
  endfacet
  facet normal 0 0 -1
    outer loop
      vertex 100.4 84.125 0
      vertex 98.4453 89.6436 0
      vertex 98.5264 89.6982 0
    endloop
  endfacet
  facet normal 0 0 -1
    outer loop
      vertex 98.3496 84.375 0
      vertex 98.4453 89.6436 0
      vertex 98.4453 84.3564 0
    endloop
  endfacet
  facet normal 0 0 -1
    outer loop
      vertex 98.3496 84.375 0
      vertex 98.3496 89.625 0
      vertex 98.4453 89.6436 0
    endloop
  endfacet
  facet normal 0 0 -1
    outer loop
      vertex 97.7246 84.375 0
      vertex 98.3496 89.625 0
      vertex 98.3496 84.375 0
    endloop
  endfacet
  facet normal 0 0 -1
    outer loop
      vertex 97.7246 84.375 0
      vertex 97.7246 89.625 0
      vertex 98.3496 89.625 0
    endloop
  endfacet
  facet normal 0 0 -1
    outer loop
      vertex 97.6289 84.3564 0
      vertex 97.7246 89.625 0
      vertex 97.7246 84.375 0
    endloop
  endfacet
  facet normal 0 0 -1
    outer loop
      vertex 97.6289 84.3564 0
      vertex 97.6289 89.6436 0
      vertex 97.7246 89.625 0
    endloop
  endfacet
  facet normal 0 0 -1
    outer loop
      vertex 97.5479 84.3018 0
      vertex 97.6289 89.6436 0
      vertex 97.6289 84.3564 0
    endloop
  endfacet
  facet normal 0 0 -1
    outer loop
      vertex 97.5479 84.3018 0
      vertex 97.5479 89.6982 0
      vertex 97.6289 89.6436 0
    endloop
  endfacet
  facet normal 0 0 -1
    outer loop
      vertex 97.4941 84.2207 0
      vertex 97.5479 89.6982 0
      vertex 97.5479 84.3018 0
    endloop
  endfacet
  facet normal 0 0 -1
    outer loop
      vertex 97.4941 84.2207 0
      vertex 97.4941 89.7793 0
      vertex 97.5479 89.6982 0
    endloop
  endfacet
  facet normal 0 0 -1
    outer loop
      vertex 97.4746 84.125 0
      vertex 97.4941 89.7793 0
      vertex 97.4941 84.2207 0
    endloop
  endfacet
  facet normal -0 0 -1
    outer loop
      vertex 97.4941 89.7793 0
      vertex 97.4746 84.125 0
      vertex 97.4746 89.875 0
    endloop
  endfacet
  facet normal 0 0 -1
    outer loop
      vertex 100.419 82.7793 0
      vertex 98.5996 82.875 0
      vertex 100.4 82.875 0
    endloop
  endfacet
  facet normal 0 0 -1
    outer loop
      vertex 101.4 78.4004 0
      vertex 98.5811 82.7793 0
      vertex 98.5996 82.875 0
    endloop
  endfacet
  facet normal 0 0 -1
    outer loop
      vertex 100.555 70.5557 0
      vertex 98.4453 70.5557 0
      vertex 101.4 78.4004 0
    endloop
  endfacet
  facet normal 0 0 -1
    outer loop
      vertex 101.4 78.4004 0
      vertex 98.5264 82.6982 0
      vertex 98.5811 82.7793 0
    endloop
  endfacet
  facet normal 0 0 -1
    outer loop
      vertex 98.3496 70.5752 0
      vertex 101.4 78.4004 0
      vertex 98.4453 70.5557 0
    endloop
  endfacet
  facet normal 0 0 -1
    outer loop
      vertex 101.4 78.4004 0
      vertex 98.4453 82.6436 0
      vertex 98.5264 82.6982 0
    endloop
  endfacet
  facet normal 0 0 -1
    outer loop
      vertex 97.7246 70.5752 0
      vertex 101.4 78.4004 0
      vertex 98.3496 70.5752 0
    endloop
  endfacet
  facet normal 0 0 -1
    outer loop
      vertex 101.4 78.4004 0
      vertex 98.3496 82.625 0
      vertex 98.4453 82.6436 0
    endloop
  endfacet
  facet normal 0 0 -1
    outer loop
      vertex 97.6289 70.5557 0
      vertex 101.4 78.4004 0
      vertex 97.7246 70.5752 0
    endloop
  endfacet
  facet normal 0 0 -1
    outer loop
      vertex 101.4 78.4004 0
      vertex 97.7246 82.625 0
      vertex 98.3496 82.625 0
    endloop
  endfacet
  facet normal 0 0 -1
    outer loop
      vertex 97.6289 82.6436 0
      vertex 101.4 78.4004 0
      vertex 97.6289 70.5557 0
    endloop
  endfacet
  facet normal 0 0 -1
    outer loop
      vertex 101.4 78.4004 0
      vertex 97.6289 82.6436 0
      vertex 97.7246 82.625 0
    endloop
  endfacet
  facet normal 0 0 -1
    outer loop
      vertex 97.5479 70.502 0
      vertex 97.6289 82.6436 0
      vertex 97.6289 70.5557 0
    endloop
  endfacet
  facet normal 0 0 -1
    outer loop
      vertex 97.5479 70.502 0
      vertex 97.5479 82.6982 0
      vertex 97.6289 82.6436 0
    endloop
  endfacet
  facet normal 0 0 -1
    outer loop
      vertex 97.4941 70.4209 0
      vertex 97.5479 82.6982 0
      vertex 97.5479 70.502 0
    endloop
  endfacet
  facet normal 0 0 -1
    outer loop
      vertex 97.4941 70.4209 0
      vertex 97.4941 82.7793 0
      vertex 97.5479 82.6982 0
    endloop
  endfacet
  facet normal 0 0 -1
    outer loop
      vertex 97.4746 70.3252 0
      vertex 97.4941 82.7793 0
      vertex 97.4941 70.4209 0
    endloop
  endfacet
  facet normal -0 0 -1
    outer loop
      vertex 97.4941 82.7793 0
      vertex 97.4746 70.3252 0
      vertex 97.4746 82.875 0
    endloop
  endfacet
  facet normal 0 0 -1
    outer loop
      vertex 98.4453 58.9561 0
      vertex 100.555 58.9561 0
      vertex 98.5264 58.9014 0
    endloop
  endfacet
  facet normal 0 0 -1
    outer loop
      vertex 101.4 63.5664 0
      vertex 98.5811 68.9795 0
      vertex 98.5996 69.0752 0
    endloop
  endfacet
  facet normal 0 0 -1
    outer loop
      vertex 100.555 58.9561 0
      vertex 98.4453 58.9561 0
      vertex 101.4 63.5664 0
    endloop
  endfacet
  facet normal 0 0 -1
    outer loop
      vertex 101.4 63.5664 0
      vertex 98.5264 68.8984 0
      vertex 98.5811 68.9795 0
    endloop
  endfacet
  facet normal 0 0 -1
    outer loop
      vertex 98.3496 58.9746 0
      vertex 101.4 63.5664 0
      vertex 98.4453 58.9561 0
    endloop
  endfacet
  facet normal 0 0 -1
    outer loop
      vertex 101.4 63.5664 0
      vertex 98.4453 68.8438 0
      vertex 98.5264 68.8984 0
    endloop
  endfacet
  facet normal 0 0 -1
    outer loop
      vertex 97.7246 58.9746 0
      vertex 101.4 63.5664 0
      vertex 98.3496 58.9746 0
    endloop
  endfacet
  facet normal 0 0 -1
    outer loop
      vertex 101.4 63.5664 0
      vertex 98.3496 68.8252 0
      vertex 98.4453 68.8438 0
    endloop
  endfacet
  facet normal 0 0 -1
    outer loop
      vertex 97.6289 58.9561 0
      vertex 101.4 63.5664 0
      vertex 97.7246 58.9746 0
    endloop
  endfacet
  facet normal 0 0 -1
    outer loop
      vertex 101.4 63.5664 0
      vertex 97.7246 68.8252 0
      vertex 98.3496 68.8252 0
    endloop
  endfacet
  facet normal 0 0 -1
    outer loop
      vertex 97.6289 68.8438 0
      vertex 101.4 63.5664 0
      vertex 97.6289 58.9561 0
    endloop
  endfacet
  facet normal 0 0 -1
    outer loop
      vertex 101.4 63.5664 0
      vertex 97.6289 68.8438 0
      vertex 97.7246 68.8252 0
    endloop
  endfacet
  facet normal 0 0 -1
    outer loop
      vertex 97.5479 58.9014 0
      vertex 97.6289 68.8438 0
      vertex 97.6289 58.9561 0
    endloop
  endfacet
  facet normal 0 0 -1
    outer loop
      vertex 97.5479 58.9014 0
      vertex 97.5479 68.8984 0
      vertex 97.6289 68.8438 0
    endloop
  endfacet
  facet normal 0 0 -1
    outer loop
      vertex 97.4941 58.8203 0
      vertex 97.5479 68.8984 0
      vertex 97.5479 58.9014 0
    endloop
  endfacet
  facet normal 0 0 -1
    outer loop
      vertex 97.4941 58.8203 0
      vertex 97.4941 68.9795 0
      vertex 97.5479 68.8984 0
    endloop
  endfacet
  facet normal 0 0 -1
    outer loop
      vertex 97.4746 58.7246 0
      vertex 97.4941 68.9795 0
      vertex 97.4941 58.8203 0
    endloop
  endfacet
  facet normal -0 0 -1
    outer loop
      vertex 97.4941 68.9795 0
      vertex 97.4746 58.7246 0
      vertex 97.4746 69.0752 0
    endloop
  endfacet
  facet normal 0 0 -1
    outer loop
      vertex 100.555 47.3564 0
      vertex 98.4453 47.3564 0
      vertex 101.4 48.7334 0
    endloop
  endfacet
  facet normal 0 0 -1
    outer loop
      vertex 101.4 50.9336 0
      vertex 98.5811 57.3789 0
      vertex 98.5996 57.4746 0
    endloop
  endfacet
  facet normal -0 0 -1
    outer loop
      vertex 101.4 48.7334 0
      vertex 98.4453 47.3564 0
      vertex 101.4 50.9336 0
    endloop
  endfacet
  facet normal 0 0 -1
    outer loop
      vertex 101.4 50.9336 0
      vertex 98.5264 57.2979 0
      vertex 98.5811 57.3789 0
    endloop
  endfacet
  facet normal 0 0 -1
    outer loop
      vertex 98.3496 47.375 0
      vertex 101.4 50.9336 0
      vertex 98.4453 47.3564 0
    endloop
  endfacet
  facet normal 0 0 -1
    outer loop
      vertex 101.4 50.9336 0
      vertex 98.4453 57.2441 0
      vertex 98.5264 57.2979 0
    endloop
  endfacet
  facet normal 0 0 -1
    outer loop
      vertex 97.7246 47.375 0
      vertex 101.4 50.9336 0
      vertex 98.3496 47.375 0
    endloop
  endfacet
  facet normal 0 0 -1
    outer loop
      vertex 101.4 50.9336 0
      vertex 98.3496 57.2246 0
      vertex 98.4453 57.2441 0
    endloop
  endfacet
  facet normal 0 0 -1
    outer loop
      vertex 97.6289 47.3564 0
      vertex 101.4 50.9336 0
      vertex 97.7246 47.375 0
    endloop
  endfacet
  facet normal 0 0 -1
    outer loop
      vertex 101.4 50.9336 0
      vertex 97.7246 57.2246 0
      vertex 98.3496 57.2246 0
    endloop
  endfacet
  facet normal 0 0 -1
    outer loop
      vertex 97.6289 57.2441 0
      vertex 101.4 50.9336 0
      vertex 97.6289 47.3564 0
    endloop
  endfacet
  facet normal 0 0 -1
    outer loop
      vertex 101.4 50.9336 0
      vertex 97.6289 57.2441 0
      vertex 97.7246 57.2246 0
    endloop
  endfacet
  facet normal 0 0 -1
    outer loop
      vertex 97.5479 47.3018 0
      vertex 97.6289 57.2441 0
      vertex 97.6289 47.3564 0
    endloop
  endfacet
  facet normal 0 0 -1
    outer loop
      vertex 97.5479 47.3018 0
      vertex 97.5479 57.2979 0
      vertex 97.6289 57.2441 0
    endloop
  endfacet
  facet normal 0 0 -1
    outer loop
      vertex 97.4941 47.2207 0
      vertex 97.5479 57.2979 0
      vertex 97.5479 47.3018 0
    endloop
  endfacet
  facet normal 0 0 -1
    outer loop
      vertex 97.4941 47.2207 0
      vertex 97.4941 57.3789 0
      vertex 97.5479 57.2979 0
    endloop
  endfacet
  facet normal 0 0 -1
    outer loop
      vertex 97.4746 47.125 0
      vertex 97.4941 57.3789 0
      vertex 97.4941 47.2207 0
    endloop
  endfacet
  facet normal -0 0 -1
    outer loop
      vertex 97.4941 57.3789 0
      vertex 97.4746 47.125 0
      vertex 97.4746 57.4746 0
    endloop
  endfacet
  facet normal 0 0 -1
    outer loop
      vertex 100.4 69.0752 0
      vertex 98.5996 69.0752 0
      vertex 100.4 70.3252 0
    endloop
  endfacet
  facet normal 0 0 -1
    outer loop
      vertex 98.5996 70.3252 0
      vertex 100.4 70.3252 0
      vertex 98.5996 69.0752 0
    endloop
  endfacet
  facet normal 0 0 -1
    outer loop
      vertex 98.5811 70.4209 0
      vertex 100.4 70.3252 0
      vertex 98.5996 70.3252 0
    endloop
  endfacet
  facet normal 0 0 -1
    outer loop
      vertex 100.474 82.6982 0
      vertex 98.5996 82.875 0
      vertex 100.419 82.7793 0
    endloop
  endfacet
  facet normal 0 0 -1
    outer loop
      vertex 100.4 82.875 0
      vertex 98.5996 82.875 0
      vertex 100.4 84.125 0
    endloop
  endfacet
  facet normal 0 0 -1
    outer loop
      vertex 98.5996 84.125 0
      vertex 100.4 84.125 0
      vertex 98.5996 82.875 0
    endloop
  endfacet
  facet normal 0 0 -1
    outer loop
      vertex 98.5811 84.2207 0
      vertex 100.4 84.125 0
      vertex 98.5996 84.125 0
    endloop
  endfacet
  facet normal 0 0 -1
    outer loop
      vertex 98.5996 91.125 0
      vertex 100.4 84.125 0
      vertex 98.5996 89.875 0
    endloop
  endfacet
  facet normal 0 0 -1
    outer loop
      vertex 98.5996 103.875 0
      vertex 100.4 84.125 0
      vertex 98.5996 91.125 0
    endloop
  endfacet
  facet normal 0 0 -1
    outer loop
      vertex 98.5996 105.125 0
      vertex 100.4 84.125 0
      vertex 98.5996 103.875 0
    endloop
  endfacet
  facet normal 0 0 -1
    outer loop
      vertex 100.4 84.125 0
      vertex 98.5996 105.125 0
      vertex 98.8125 115.625 0
    endloop
  endfacet
  facet normal 0 0 -1
    outer loop
      vertex 98.5811 105.221 0
      vertex 98.8125 115.625 0
      vertex 98.5996 105.125 0
    endloop
  endfacet
  facet normal 0 0 -1
    outer loop
      vertex 98.5264 105.302 0
      vertex 98.8125 115.625 0
      vertex 98.5811 105.221 0
    endloop
  endfacet
  facet normal 0 0 -1
    outer loop
      vertex 98.4453 105.356 0
      vertex 98.8125 115.625 0
      vertex 98.5264 105.302 0
    endloop
  endfacet
  facet normal 0 0 -1
    outer loop
      vertex 98.3496 105.375 0
      vertex 98.8125 115.625 0
      vertex 98.4453 105.356 0
    endloop
  endfacet
  facet normal 0 0 -1
    outer loop
      vertex 98.3496 105.375 0
      vertex 98.1875 115.625 0
      vertex 98.8125 115.625 0
    endloop
  endfacet
  facet normal 0 0 -1
    outer loop
      vertex 97.7246 105.375 0
      vertex 98.1875 115.625 0
      vertex 98.3496 105.375 0
    endloop
  endfacet
  facet normal -0 0 -1
    outer loop
      vertex 98.1875 115.625 0
      vertex 97.7246 105.375 0
      vertex 98.0918 115.644 0
    endloop
  endfacet
  facet normal 0 0 -1
    outer loop
      vertex 97.6289 105.356 0
      vertex 98.0918 115.644 0
      vertex 97.7246 105.375 0
    endloop
  endfacet
  facet normal -0 0 -1
    outer loop
      vertex 98.0918 115.644 0
      vertex 97.6289 105.356 0
      vertex 98.0107 115.698 0
    endloop
  endfacet
  facet normal -0 0 -1
    outer loop
      vertex 98.0107 115.698 0
      vertex 97.5479 105.302 0
      vertex 97.9561 115.779 0
    endloop
  endfacet
  facet normal 0 0 -1
    outer loop
      vertex 97.5479 105.302 0
      vertex 98.0107 115.698 0
      vertex 97.6289 105.356 0
    endloop
  endfacet
  facet normal 0 0 -1
    outer loop
      vertex 101.506 89.7793 0
      vertex 105.4 93.2334 0
      vertex 101.506 84.2207 0
    endloop
  endfacet
  facet normal 0 0 -1
    outer loop
      vertex 105.4 93.2334 0
      vertex 101.506 89.7793 0
      vertex 101.525 89.875 0
    endloop
  endfacet
  facet normal 0 0 -1
    outer loop
      vertex 101.452 84.3018 0
      vertex 101.506 89.7793 0
      vertex 101.506 84.2207 0
    endloop
  endfacet
  facet normal 0 0 -1
    outer loop
      vertex 101.452 84.3018 0
      vertex 101.452 89.6982 0
      vertex 101.506 89.7793 0
    endloop
  endfacet
  facet normal 0 0 -1
    outer loop
      vertex 101.371 84.3564 0
      vertex 101.452 89.6982 0
      vertex 101.452 84.3018 0
    endloop
  endfacet
  facet normal 0 0 -1
    outer loop
      vertex 101.371 84.3564 0
      vertex 101.371 89.6436 0
      vertex 101.452 89.6982 0
    endloop
  endfacet
  facet normal 0 0 -1
    outer loop
      vertex 101.275 84.375 0
      vertex 101.371 89.6436 0
      vertex 101.371 84.3564 0
    endloop
  endfacet
  facet normal 0 0 -1
    outer loop
      vertex 101.275 84.375 0
      vertex 101.275 89.625 0
      vertex 101.371 89.6436 0
    endloop
  endfacet
  facet normal 0 0 -1
    outer loop
      vertex 100.65 84.375 0
      vertex 101.275 89.625 0
      vertex 101.275 84.375 0
    endloop
  endfacet
  facet normal 0 0 -1
    outer loop
      vertex 100.65 84.375 0
      vertex 100.65 89.625 0
      vertex 101.275 89.625 0
    endloop
  endfacet
  facet normal 0 0 -1
    outer loop
      vertex 100.555 84.3564 0
      vertex 100.65 89.625 0
      vertex 100.65 84.375 0
    endloop
  endfacet
  facet normal 0 0 -1
    outer loop
      vertex 100.555 84.3564 0
      vertex 100.555 89.6436 0
      vertex 100.65 89.625 0
    endloop
  endfacet
  facet normal 0 0 -1
    outer loop
      vertex 100.474 84.3018 0
      vertex 100.555 89.6436 0
      vertex 100.555 84.3564 0
    endloop
  endfacet
  facet normal 0 0 -1
    outer loop
      vertex 100.474 84.3018 0
      vertex 100.474 89.6982 0
      vertex 100.555 89.6436 0
    endloop
  endfacet
  facet normal 0 0 -1
    outer loop
      vertex 100.419 84.2207 0
      vertex 100.474 89.6982 0
      vertex 100.474 84.3018 0
    endloop
  endfacet
  facet normal 0 0 -1
    outer loop
      vertex 100.419 84.2207 0
      vertex 100.419 89.7793 0
      vertex 100.474 89.6982 0
    endloop
  endfacet
  facet normal 0 0 -1
    outer loop
      vertex 100.4 84.125 0
      vertex 100.419 89.7793 0
      vertex 100.419 84.2207 0
    endloop
  endfacet
  facet normal -0 0 -1
    outer loop
      vertex 100.419 89.7793 0
      vertex 100.4 84.125 0
      vertex 100.4 89.875 0
    endloop
  endfacet
  facet normal 0 0 -1
    outer loop
      vertex 107.088 116.912 0
      vertex 104.15 122.9 0
      vertex 105.4 122.9 0
    endloop
  endfacet
  facet normal 0 0 -1
    outer loop
      vertex 106.654 114.735 0
      vertex 101.969 115.779 0
      vertex 101.987 115.875 0
    endloop
  endfacet
  facet normal 0 0 -1
    outer loop
      vertex 106.654 114.735 0
      vertex 101.914 115.698 0
      vertex 101.969 115.779 0
    endloop
  endfacet
  facet normal 0 0 -1
    outer loop
      vertex 103.6 110.267 0
      vertex 101.833 115.644 0
      vertex 101.914 115.698 0
    endloop
  endfacet
  facet normal 0 0 -1
    outer loop
      vertex 101.4 110.267 0
      vertex 101.833 115.644 0
      vertex 103.6 110.267 0
    endloop
  endfacet
  facet normal 0 0 -1
    outer loop
      vertex 101.833 115.644 0
      vertex 101.4 110.267 0
      vertex 101.737 115.625 0
    endloop
  endfacet
  facet normal 0 0 -1
    outer loop
      vertex 100.65 105.375 0
      vertex 101.4 108.066 0
      vertex 101.275 105.375 0
    endloop
  endfacet
  facet normal 0 0 -1
    outer loop
      vertex 101.4 110.267 0
      vertex 101.112 115.625 0
      vertex 101.737 115.625 0
    endloop
  endfacet
  facet normal 0 0 -1
    outer loop
      vertex 100.555 105.356 0
      vertex 101.4 108.066 0
      vertex 100.65 105.375 0
    endloop
  endfacet
  facet normal 0 0 -1
    outer loop
      vertex 100.474 105.302 0
      vertex 101.4 108.066 0
      vertex 100.555 105.356 0
    endloop
  endfacet
  facet normal 0 0 -1
    outer loop
      vertex 101.4 110.267 0
      vertex 101.017 115.644 0
      vertex 101.112 115.625 0
    endloop
  endfacet
  facet normal 0 0 -1
    outer loop
      vertex 100.419 105.221 0
      vertex 101.4 108.066 0
      vertex 100.474 105.302 0
    endloop
  endfacet
  facet normal 0 0 -1
    outer loop
      vertex 101.4 110.267 0
      vertex 99.0625 115.875 0
      vertex 101.017 115.644 0
    endloop
  endfacet
  facet normal 0 0 -1
    outer loop
      vertex 100.882 115.779 0
      vertex 99.0625 115.875 0
      vertex 100.862 115.875 0
    endloop
  endfacet
  facet normal 0 0 -1
    outer loop
      vertex 100.936 115.698 0
      vertex 99.0625 115.875 0
      vertex 100.882 115.779 0
    endloop
  endfacet
  facet normal -0 0 -1
    outer loop
      vertex 105.4 108.066 0
      vertex 101.525 105.125 0
      vertex 104.15 108.066 0
    endloop
  endfacet
  facet normal 0 0 -1
    outer loop
      vertex 104.15 95.4336 0
      vertex 101.506 103.779 0
      vertex 101.525 103.875 0
    endloop
  endfacet
  facet normal 0 0 -1
    outer loop
      vertex 104.15 95.4336 0
      vertex 101.452 103.698 0
      vertex 101.506 103.779 0
    endloop
  endfacet
  facet normal 0 0 -1
    outer loop
      vertex 101.371 103.644 0
      vertex 103.6 95.4336 0
      vertex 101.4 95.4336 0
    endloop
  endfacet
  facet normal 0 0 -1
    outer loop
      vertex 100.65 91.375 0
      vertex 101.4 93.2334 0
      vertex 101.275 91.375 0
    endloop
  endfacet
  facet normal 0 0 -1
    outer loop
      vertex 104.15 95.4336 0
      vertex 101.371 103.644 0
      vertex 101.452 103.698 0
    endloop
  endfacet
  facet normal 0 0 -1
    outer loop
      vertex 100.555 91.3564 0
      vertex 101.4 93.2334 0
      vertex 100.65 91.375 0
    endloop
  endfacet
  facet normal 0 0 -1
    outer loop
      vertex 101.4 95.4336 0
      vertex 101.275 103.625 0
      vertex 101.371 103.644 0
    endloop
  endfacet
  facet normal 0 0 -1
    outer loop
      vertex 100.474 91.3018 0
      vertex 101.4 93.2334 0
      vertex 100.555 91.3564 0
    endloop
  endfacet
  facet normal 0 0 -1
    outer loop
      vertex 101.4 95.4336 0
      vertex 100.65 103.625 0
      vertex 101.275 103.625 0
    endloop
  endfacet
  facet normal -0 0 -1
    outer loop
      vertex 101.4 93.2334 0
      vertex 100.474 91.3018 0
      vertex 101.4 95.4336 0
    endloop
  endfacet
  facet normal 0 0 -1
    outer loop
      vertex 101.4 95.4336 0
      vertex 100.555 103.644 0
      vertex 100.65 103.625 0
    endloop
  endfacet
  facet normal 0 0 -1
    outer loop
      vertex 100.419 91.2207 0
      vertex 101.4 95.4336 0
      vertex 100.474 91.3018 0
    endloop
  endfacet
  facet normal 0 0 -1
    outer loop
      vertex 101.4 95.4336 0
      vertex 100.474 103.698 0
      vertex 100.555 103.644 0
    endloop
  endfacet
  facet normal 0 0 -1
    outer loop
      vertex 100.419 103.779 0
      vertex 101.4 95.4336 0
      vertex 100.419 91.2207 0
    endloop
  endfacet
  facet normal 0 0 -1
    outer loop
      vertex 101.4 95.4336 0
      vertex 100.419 103.779 0
      vertex 100.474 103.698 0
    endloop
  endfacet
  facet normal 0 0 -1
    outer loop
      vertex 100.4 91.125 0
      vertex 100.419 103.779 0
      vertex 100.419 91.2207 0
    endloop
  endfacet
  facet normal -0 0 -1
    outer loop
      vertex 100.419 103.779 0
      vertex 100.4 91.125 0
      vertex 100.4 103.875 0
    endloop
  endfacet
  facet normal 0 0 -1
    outer loop
      vertex 105.4 80.5996 0
      vertex 101.506 84.2207 0
      vertex 105.4 93.2334 0
    endloop
  endfacet
  facet normal 0 0 -1
    outer loop
      vertex 103.6 80.5996 0
      vertex 101.506 82.7793 0
      vertex 101.525 82.875 0
    endloop
  endfacet
  facet normal 0 0 -1
    outer loop
      vertex 103.6 80.5996 0
      vertex 101.452 82.6982 0
      vertex 101.506 82.7793 0
    endloop
  endfacet
  facet normal 0 0 -1
    outer loop
      vertex 101.4 80.5996 0
      vertex 101.452 82.6982 0
      vertex 103.6 80.5996 0
    endloop
  endfacet
  facet normal 0 0 -1
    outer loop
      vertex 101.4 80.5996 0
      vertex 101.371 82.6436 0
      vertex 101.452 82.6982 0
    endloop
  endfacet
  facet normal 0 0 -1
    outer loop
      vertex 101.4 78.4004 0
      vertex 101.371 82.6436 0
      vertex 101.4 80.5996 0
    endloop
  endfacet
  facet normal 0 0 -1
    outer loop
      vertex 100.65 70.5752 0
      vertex 101.4 78.4004 0
      vertex 101.275 70.5752 0
    endloop
  endfacet
  facet normal 0 0 -1
    outer loop
      vertex 101.4 78.4004 0
      vertex 101.275 82.625 0
      vertex 101.371 82.6436 0
    endloop
  endfacet
  facet normal 0 0 -1
    outer loop
      vertex 100.555 70.5557 0
      vertex 101.4 78.4004 0
      vertex 100.65 70.5752 0
    endloop
  endfacet
  facet normal 0 0 -1
    outer loop
      vertex 101.4 78.4004 0
      vertex 100.65 82.625 0
      vertex 101.275 82.625 0
    endloop
  endfacet
  facet normal 0 0 -1
    outer loop
      vertex 98.5264 70.502 0
      vertex 100.474 70.502 0
      vertex 98.5811 70.4209 0
    endloop
  endfacet
  facet normal 0 0 -1
    outer loop
      vertex 101.4 78.4004 0
      vertex 100.555 82.6436 0
      vertex 100.65 82.625 0
    endloop
  endfacet
  facet normal 0 0 -1
    outer loop
      vertex 98.5811 70.4209 0
      vertex 100.474 70.502 0
      vertex 100.419 70.4209 0
    endloop
  endfacet
  facet normal 0 0 -1
    outer loop
      vertex 98.5996 82.875 0
      vertex 100.555 82.6436 0
      vertex 101.4 78.4004 0
    endloop
  endfacet
  facet normal 0 0 -1
    outer loop
      vertex 100.474 70.502 0
      vertex 98.5264 70.502 0
      vertex 100.555 70.5557 0
    endloop
  endfacet
  facet normal 0 0 -1
    outer loop
      vertex 100.555 82.6436 0
      vertex 98.5996 82.875 0
      vertex 100.474 82.6982 0
    endloop
  endfacet
  facet normal 0 0 -1
    outer loop
      vertex 98.5811 70.4209 0
      vertex 100.419 70.4209 0
      vertex 100.4 70.3252 0
    endloop
  endfacet
  facet normal 0 0 -1
    outer loop
      vertex 98.4453 70.5557 0
      vertex 100.555 70.5557 0
      vertex 98.5264 70.502 0
    endloop
  endfacet
  facet normal 0 0 -1
    outer loop
      vertex 105.4 65.7666 0
      vertex 101.506 70.4209 0
      vertex 105.4 78.4004 0
    endloop
  endfacet
  facet normal 0 0 -1
    outer loop
      vertex 104.15 65.7666 0
      vertex 101.506 68.9795 0
      vertex 101.525 69.0752 0
    endloop
  endfacet
  facet normal 0 0 -1
    outer loop
      vertex 103.6 65.7666 0
      vertex 101.452 68.8984 0
      vertex 101.506 68.9795 0
    endloop
  endfacet
  facet normal 0 0 -1
    outer loop
      vertex 101.4 65.7666 0
      vertex 101.452 68.8984 0
      vertex 103.6 65.7666 0
    endloop
  endfacet
  facet normal 0 0 -1
    outer loop
      vertex 101.4 65.7666 0
      vertex 101.371 68.8438 0
      vertex 101.452 68.8984 0
    endloop
  endfacet
  facet normal 0 0 -1
    outer loop
      vertex 100.65 58.9746 0
      vertex 101.4 63.5664 0
      vertex 101.275 58.9746 0
    endloop
  endfacet
  facet normal 0 0 -1
    outer loop
      vertex 100.555 58.9561 0
      vertex 101.4 63.5664 0
      vertex 100.65 58.9746 0
    endloop
  endfacet
  facet normal 0 0 -1
    outer loop
      vertex 101.4 65.7666 0
      vertex 101.275 68.8252 0
      vertex 101.371 68.8438 0
    endloop
  endfacet
  facet normal 0 0 -1
    outer loop
      vertex 100.419 58.8203 0
      vertex 98.5811 58.8203 0
      vertex 100.474 58.9014 0
    endloop
  endfacet
  facet normal 0 0 -1
    outer loop
      vertex 101.4 65.7666 0
      vertex 100.65 68.8252 0
      vertex 101.275 68.8252 0
    endloop
  endfacet
  facet normal 0 0 -1
    outer loop
      vertex 100.4 58.7246 0
      vertex 98.5996 58.7246 0
      vertex 100.419 58.8203 0
    endloop
  endfacet
  facet normal 0 0 -1
    outer loop
      vertex 101.4 65.7666 0
      vertex 100.555 68.8438 0
      vertex 100.65 68.8252 0
    endloop
  endfacet
  facet normal 0 0 -1
    outer loop
      vertex 98.5811 58.8203 0
      vertex 100.419 58.8203 0
      vertex 98.5996 58.7246 0
    endloop
  endfacet
  facet normal 0 0 -1
    outer loop
      vertex 98.5996 69.0752 0
      vertex 100.555 68.8438 0
      vertex 101.4 65.7666 0
    endloop
  endfacet
  facet normal 0 0 -1
    outer loop
      vertex 100.474 58.9014 0
      vertex 98.5264 58.9014 0
      vertex 100.555 58.9561 0
    endloop
  endfacet
  facet normal 0 0 -1
    outer loop
      vertex 100.555 68.8438 0
      vertex 98.5996 69.0752 0
      vertex 100.474 68.8984 0
    endloop
  endfacet
  facet normal 0 0 -1
    outer loop
      vertex 98.5996 58.7246 0
      vertex 100.4 58.7246 0
      vertex 98.5996 57.4746 0
    endloop
  endfacet
  facet normal 0 0 -1
    outer loop
      vertex 98.5264 58.9014 0
      vertex 100.474 58.9014 0
      vertex 98.5811 58.8203 0
    endloop
  endfacet
  facet normal 0 0 -1
    outer loop
      vertex 101.506 58.8203 0
      vertex 105.4 63.5664 0
      vertex 101.525 58.7246 0
    endloop
  endfacet
  facet normal 0 0 -1
    outer loop
      vertex 104.15 50.9336 0
      vertex 101.506 57.3789 0
      vertex 101.525 57.4746 0
    endloop
  endfacet
  facet normal 0 0 -1
    outer loop
      vertex 104.15 50.9336 0
      vertex 101.452 57.2979 0
      vertex 101.506 57.3789 0
    endloop
  endfacet
  facet normal 0 0 -1
    outer loop
      vertex 101.371 57.2441 0
      vertex 103.6 50.9336 0
      vertex 101.4 50.9336 0
    endloop
  endfacet
  facet normal 0 0 -1
    outer loop
      vertex 100.65 47.375 0
      vertex 101.4 48.7334 0
      vertex 101.275 47.375 0
    endloop
  endfacet
  facet normal 0 0 -1
    outer loop
      vertex 103.6 50.9336 0
      vertex 101.371 57.2441 0
      vertex 101.452 57.2979 0
    endloop
  endfacet
  facet normal 0 0 -1
    outer loop
      vertex 100.555 47.3564 0
      vertex 101.4 48.7334 0
      vertex 100.65 47.375 0
    endloop
  endfacet
  facet normal 0 0 -1
    outer loop
      vertex 101.4 50.9336 0
      vertex 101.275 57.2246 0
      vertex 101.371 57.2441 0
    endloop
  endfacet
  facet normal 0 0 -1
    outer loop
      vertex 98.5264 47.3018 0
      vertex 100.474 47.3018 0
      vertex 98.5811 47.2207 0
    endloop
  endfacet
  facet normal 0 0 -1
    outer loop
      vertex 101.4 50.9336 0
      vertex 100.65 57.2246 0
      vertex 101.275 57.2246 0
    endloop
  endfacet
  facet normal 0 0 -1
    outer loop
      vertex 100.419 47.2207 0
      vertex 98.5811 47.2207 0
      vertex 100.474 47.3018 0
    endloop
  endfacet
  facet normal 0 0 -1
    outer loop
      vertex 101.4 50.9336 0
      vertex 100.555 57.2441 0
      vertex 100.65 57.2246 0
    endloop
  endfacet
  facet normal 0 0 -1
    outer loop
      vertex 98.5811 47.2207 0
      vertex 100.419 47.2207 0
      vertex 98.5996 47.125 0
    endloop
  endfacet
  facet normal 0 0 -1
    outer loop
      vertex 98.5996 57.4746 0
      vertex 100.555 57.2441 0
      vertex 101.4 50.9336 0
    endloop
  endfacet
  facet normal 0 0 -1
    outer loop
      vertex 100.4 47.125 0
      vertex 98.5996 47.125 0
      vertex 100.419 47.2207 0
    endloop
  endfacet
  facet normal 0 0 -1
    outer loop
      vertex 100.474 47.3018 0
      vertex 98.5264 47.3018 0
      vertex 100.555 47.3564 0
    endloop
  endfacet
  facet normal 0 0 -1
    outer loop
      vertex 98.5996 47.125 0
      vertex 100.4 47.125 0
      vertex 98.5996 45.875 0
    endloop
  endfacet
  facet normal 0 0 -1
    outer loop
      vertex 100.555 57.2441 0
      vertex 98.5996 57.4746 0
      vertex 100.474 57.2979 0
    endloop
  endfacet
  facet normal -0 0 -1
    outer loop
      vertex 104.15 48.7334 0
      vertex 101.525 45.875 0
      vertex 103.6 48.7334 0
    endloop
  endfacet
  facet normal 0 0 -1
    outer loop
      vertex 106.57 41.9833 0
      vertex 101.506 45.7793 0
      vertex 101.525 45.875 0
    endloop
  endfacet
  facet normal 0 0 -1
    outer loop
      vertex 106.57 41.9833 0
      vertex 101.452 45.6982 0
      vertex 101.506 45.7793 0
    endloop
  endfacet
  facet normal 0 0 -1
    outer loop
      vertex 101.275 45.625 0
      vertex 106.57 41.9833 0
      vertex 101.4 36.0996 0
    endloop
  endfacet
  facet normal 0 0 -1
    outer loop
      vertex 106.57 41.9833 0
      vertex 101.371 45.6436 0
      vertex 101.452 45.6982 0
    endloop
  endfacet
  facet normal 0 0 -1
    outer loop
      vertex 106.519 115.24 0
      vertex 101.987 115.875 0
      vertex 106.502 115.5 0
    endloop
  endfacet
  facet normal 0 0 -1
    outer loop
      vertex 106.915 116.716 0
      vertex 101.969 117.221 0
      vertex 107.088 116.912 0
    endloop
  endfacet
  facet normal 0 0 -1
    outer loop
      vertex 101.525 103.875 0
      vertex 105.4 95.4336 0
      vertex 104.15 95.4336 0
    endloop
  endfacet
  facet normal 0 0 -1
    outer loop
      vertex 105.4 95.4336 0
      vertex 101.525 103.875 0
      vertex 105.4 108.066 0
    endloop
  endfacet
  facet normal 0 0 -1
    outer loop
      vertex 101.525 84.125 0
      vertex 104.15 80.5996 0
      vertex 101.525 82.875 0
    endloop
  endfacet
  facet normal 0 0 -1
    outer loop
      vertex 104.15 80.5996 0
      vertex 101.525 84.125 0
      vertex 105.4 80.5996 0
    endloop
  endfacet
  facet normal 0 0 -1
    outer loop
      vertex 101.525 69.0752 0
      vertex 105.4 65.7666 0
      vertex 104.15 65.7666 0
    endloop
  endfacet
  facet normal 0 0 -1
    outer loop
      vertex 101.525 70.3252 0
      vertex 105.4 65.7666 0
      vertex 101.525 69.0752 0
    endloop
  endfacet
  facet normal 0 0 -1
    outer loop
      vertex 101.525 57.4746 0
      vertex 105.4 50.9336 0
      vertex 104.15 50.9336 0
    endloop
  endfacet
  facet normal 0 0 -1
    outer loop
      vertex 105.4 50.9336 0
      vertex 101.525 57.4746 0
      vertex 105.4 63.5664 0
    endloop
  endfacet
  facet normal 0 0 -1
    outer loop
      vertex 106.57 41.9833 0
      vertex 101.525 45.875 0
      vertex 106.519 42.2396 0
    endloop
  endfacet
  facet normal 0 -0 -1
    outer loop
      vertex 104.15 48.7334 0
      vertex 106.915 43.7161 0
      vertex 101.525 45.875 0
    endloop
  endfacet
  facet normal 0 0 -1
    outer loop
      vertex 110.23 43.4987 0
      vertex 113.2 46.9004 0
      vertex 110.346 43.2648 0
    endloop
  endfacet
  facet normal 0 0 -1
    outer loop
      vertex 111 49.0996 0
      vertex 110.481 115.24 0
      vertex 110.498 115.5 0
    endloop
  endfacet
  facet normal -0 0 -1
    outer loop
      vertex 113.2 46.9004 0
      vertex 110.23 43.4987 0
      vertex 111 46.9004 0
    endloop
  endfacet
  facet normal 0 0 -1
    outer loop
      vertex 111 49.0996 0
      vertex 110.43 114.983 0
      vertex 110.481 115.24 0
    endloop
  endfacet
  facet normal 0 0 -1
    outer loop
      vertex 110.085 43.7161 0
      vertex 111 46.9004 0
      vertex 110.23 43.4987 0
    endloop
  endfacet
  facet normal 0 0 -1
    outer loop
      vertex 105.4 80.5996 0
      vertex 111 49.0996 0
      vertex 105.4 78.4004 0
    endloop
  endfacet
  facet normal 0 0 -1
    outer loop
      vertex 109.912 43.9125 0
      vertex 111 46.9004 0
      vertex 110.085 43.7161 0
    endloop
  endfacet
  facet normal 0 0 -1
    outer loop
      vertex 111 49.0996 0
      vertex 105.4 80.5996 0
      vertex 110.43 114.983 0
    endloop
  endfacet
  facet normal 0 0 -1
    outer loop
      vertex 109.716 44.0848 0
      vertex 111 46.9004 0
      vertex 109.912 43.9125 0
    endloop
  endfacet
  facet normal 0 0 -1
    outer loop
      vertex 110.43 114.983 0
      vertex 105.4 80.5996 0
      vertex 110.346 114.735 0
    endloop
  endfacet
  facet normal 0 0 -1
    outer loop
      vertex 109.499 44.23 0
      vertex 111 46.9004 0
      vertex 109.716 44.0848 0
    endloop
  endfacet
  facet normal 0 0 -1
    outer loop
      vertex 105.4 93.2334 0
      vertex 110.346 114.735 0
      vertex 105.4 80.5996 0
    endloop
  endfacet
  facet normal 0 0 -1
    outer loop
      vertex 109.265 44.3456 0
      vertex 111 46.9004 0
      vertex 109.499 44.23 0
    endloop
  endfacet
  facet normal 0 0 -1
    outer loop
      vertex 110.346 114.735 0
      vertex 105.4 93.2334 0
      vertex 110.23 114.501 0
    endloop
  endfacet
  facet normal 0 0 -1
    outer loop
      vertex 109.017 44.4296 0
      vertex 111 46.9004 0
      vertex 109.265 44.3456 0
    endloop
  endfacet
  facet normal 0 0 -1
    outer loop
      vertex 105.4 95.4336 0
      vertex 110.23 114.501 0
      vertex 105.4 93.2334 0
    endloop
  endfacet
  facet normal 0 0 -1
    outer loop
      vertex 108.76 44.481 0
      vertex 111 46.9004 0
      vertex 109.017 44.4296 0
    endloop
  endfacet
  facet normal 0 0 -1
    outer loop
      vertex 110.23 114.501 0
      vertex 105.4 95.4336 0
      vertex 110.085 114.284 0
    endloop
  endfacet
  facet normal 0 0 -1
    outer loop
      vertex 108.5 44.4979 0
      vertex 111 46.9004 0
      vertex 108.76 44.481 0
    endloop
  endfacet
  facet normal 0 0 -1
    outer loop
      vertex 110.085 114.284 0
      vertex 105.4 95.4336 0
      vertex 109.912 114.088 0
    endloop
  endfacet
  facet normal 0 0 -1
    outer loop
      vertex 108.24 44.481 0
      vertex 111 46.9004 0
      vertex 108.5 44.4979 0
    endloop
  endfacet
  facet normal 0 0 -1
    outer loop
      vertex 109.912 114.088 0
      vertex 105.4 95.4336 0
      vertex 109.716 113.915 0
    endloop
  endfacet
  facet normal 0 0 -1
    outer loop
      vertex 111 46.9004 0
      vertex 105.4 48.7334 0
      vertex 111 49.0996 0
    endloop
  endfacet
  facet normal 0 0 -1
    outer loop
      vertex 105.4 108.066 0
      vertex 109.716 113.915 0
      vertex 105.4 95.4336 0
    endloop
  endfacet
  facet normal -0 0 -1
    outer loop
      vertex 111 46.9004 0
      vertex 108.24 44.481 0
      vertex 105.4 48.7334 0
    endloop
  endfacet
  facet normal 0 0 -1
    outer loop
      vertex 109.716 113.915 0
      vertex 105.4 108.066 0
      vertex 109.499 113.77 0
    endloop
  endfacet
  facet normal 0 0 -1
    outer loop
      vertex 105.4 48.7334 0
      vertex 108.24 44.481 0
      vertex 107.983 44.4296 0
    endloop
  endfacet
  facet normal 0 0 -1
    outer loop
      vertex 109.499 113.77 0
      vertex 105.4 108.066 0
      vertex 109.265 113.654 0
    endloop
  endfacet
  facet normal 0 0 -1
    outer loop
      vertex 105.4 48.7334 0
      vertex 107.983 44.4296 0
      vertex 107.735 44.3456 0
    endloop
  endfacet
  facet normal 0 0 -1
    outer loop
      vertex 109.265 113.654 0
      vertex 105.4 108.066 0
      vertex 109.017 113.57 0
    endloop
  endfacet
  facet normal 0 0 -1
    outer loop
      vertex 105.4 48.7334 0
      vertex 107.735 44.3456 0
      vertex 107.501 44.23 0
    endloop
  endfacet
  facet normal 0 0 -1
    outer loop
      vertex 109.017 113.57 0
      vertex 105.4 108.066 0
      vertex 108.76 113.519 0
    endloop
  endfacet
  facet normal 0 0 -1
    outer loop
      vertex 105.4 48.7334 0
      vertex 107.501 44.23 0
      vertex 107.284 44.0848 0
    endloop
  endfacet
  facet normal 0 0 -1
    outer loop
      vertex 105.4 110.267 0
      vertex 108.76 113.519 0
      vertex 105.4 108.066 0
    endloop
  endfacet
  facet normal 0 0 -1
    outer loop
      vertex 105.4 48.7334 0
      vertex 107.284 44.0848 0
      vertex 107.088 43.9125 0
    endloop
  endfacet
  facet normal 0 0 -1
    outer loop
      vertex 108.76 113.519 0
      vertex 105.4 110.267 0
      vertex 108.5 113.502 0
    endloop
  endfacet
  facet normal 0 0 -1
    outer loop
      vertex 105.4 48.7334 0
      vertex 107.088 43.9125 0
      vertex 106.915 43.7161 0
    endloop
  endfacet
  facet normal -0 0 -1
    outer loop
      vertex 108.5 113.502 0
      vertex 105.4 110.267 0
      vertex 108.24 113.519 0
    endloop
  endfacet
  facet normal 0 0 -1
    outer loop
      vertex 101.525 45.875 0
      vertex 106.915 43.7161 0
      vertex 106.77 43.4987 0
    endloop
  endfacet
  facet normal -0 0 -1
    outer loop
      vertex 108.24 113.519 0
      vertex 105.4 110.267 0
      vertex 107.983 113.57 0
    endloop
  endfacet
  facet normal 0 0 -1
    outer loop
      vertex 101.525 45.875 0
      vertex 106.77 43.4987 0
      vertex 106.654 43.2648 0
    endloop
  endfacet
  facet normal -0 0 -1
    outer loop
      vertex 107.983 113.57 0
      vertex 105.4 110.267 0
      vertex 107.735 113.654 0
    endloop
  endfacet
  facet normal 0 0 -1
    outer loop
      vertex 101.525 45.875 0
      vertex 106.654 43.2648 0
      vertex 106.57 43.0167 0
    endloop
  endfacet
  facet normal -0 0 -1
    outer loop
      vertex 107.735 113.654 0
      vertex 105.4 110.267 0
      vertex 107.501 113.77 0
    endloop
  endfacet
  facet normal 0 0 -1
    outer loop
      vertex 101.525 45.875 0
      vertex 106.57 43.0167 0
      vertex 106.519 42.7604 0
    endloop
  endfacet
  facet normal -0 0 -1
    outer loop
      vertex 107.501 113.77 0
      vertex 105.4 110.267 0
      vertex 107.284 113.915 0
    endloop
  endfacet
  facet normal 0 0 -1
    outer loop
      vertex 101.525 45.875 0
      vertex 106.519 42.7604 0
      vertex 106.502 42.5 0
    endloop
  endfacet
  facet normal -0 0 -1
    outer loop
      vertex 107.284 113.915 0
      vertex 105.4 110.267 0
      vertex 107.088 114.088 0
    endloop
  endfacet
  facet normal 0 0 -1
    outer loop
      vertex 101.914 117.302 0
      vertex 107.088 116.912 0
      vertex 101.969 117.221 0
    endloop
  endfacet
  facet normal 0 0 -1
    outer loop
      vertex 107.088 116.912 0
      vertex 101.914 117.302 0
      vertex 104.15 122.9 0
    endloop
  endfacet
  facet normal -0 0 -1
    outer loop
      vertex 104.15 122.9 0
      vertex 101.914 117.302 0
      vertex 103.6 122.9 0
    endloop
  endfacet
  facet normal 0 0 -1
    outer loop
      vertex 101.833 117.356 0
      vertex 103.6 122.9 0
      vertex 101.914 117.302 0
    endloop
  endfacet
  facet normal 0 0 -1
    outer loop
      vertex 101.4 122.9 0
      vertex 101.833 117.356 0
      vertex 101.737 117.375 0
    endloop
  endfacet
  facet normal 0 0 -1
    outer loop
      vertex 101.833 117.356 0
      vertex 101.4 122.9 0
      vertex 103.6 122.9 0
    endloop
  endfacet
  facet normal 0 0 -1
    outer loop
      vertex 101.017 117.356 0
      vertex 101.4 122.9 0
      vertex 101.112 117.375 0
    endloop
  endfacet
  facet normal 0 0 -1
    outer loop
      vertex 101.112 117.375 0
      vertex 101.4 122.9 0
      vertex 101.737 117.375 0
    endloop
  endfacet
  facet normal 0 0 -1
    outer loop
      vertex 101.525 47.125 0
      vertex 103.6 48.7334 0
      vertex 101.525 45.875 0
    endloop
  endfacet
  facet normal 0 0 -1
    outer loop
      vertex 101.506 47.2207 0
      vertex 103.6 48.7334 0
      vertex 101.525 47.125 0
    endloop
  endfacet
  facet normal 0 0 -1
    outer loop
      vertex 101.452 47.3018 0
      vertex 103.6 48.7334 0
      vertex 101.506 47.2207 0
    endloop
  endfacet
  facet normal 0 0 -1
    outer loop
      vertex 101.452 47.3018 0
      vertex 101.4 48.7334 0
      vertex 103.6 48.7334 0
    endloop
  endfacet
  facet normal 0 0 -1
    outer loop
      vertex 101.275 47.375 0
      vertex 101.4 48.7334 0
      vertex 101.371 47.3564 0
    endloop
  endfacet
  facet normal 0 0 -1
    outer loop
      vertex 101.371 47.3564 0
      vertex 101.4 48.7334 0
      vertex 101.452 47.3018 0
    endloop
  endfacet
  facet normal -0 0 -1
    outer loop
      vertex 105.4 63.5664 0
      vertex 101.506 58.8203 0
      vertex 104.15 63.5664 0
    endloop
  endfacet
  facet normal 0 0 -1
    outer loop
      vertex 101.452 58.9014 0
      vertex 104.15 63.5664 0
      vertex 101.506 58.8203 0
    endloop
  endfacet
  facet normal -0 0 -1
    outer loop
      vertex 104.15 63.5664 0
      vertex 101.452 58.9014 0
      vertex 103.6 63.5664 0
    endloop
  endfacet
  facet normal 0 0 -1
    outer loop
      vertex 101.371 58.9561 0
      vertex 103.6 63.5664 0
      vertex 101.452 58.9014 0
    endloop
  endfacet
  facet normal 0 0 -1
    outer loop
      vertex 101.275 58.9746 0
      vertex 101.4 63.5664 0
      vertex 101.371 58.9561 0
    endloop
  endfacet
  facet normal -0 0 -1
    outer loop
      vertex 103.6 63.5664 0
      vertex 101.371 58.9561 0
      vertex 101.4 63.5664 0
    endloop
  endfacet
  facet normal 0 0 -1
    outer loop
      vertex 101.452 70.502 0
      vertex 105.4 78.4004 0
      vertex 101.506 70.4209 0
    endloop
  endfacet
  facet normal -0 0 -1
    outer loop
      vertex 105.4 78.4004 0
      vertex 101.452 70.502 0
      vertex 104.15 78.4004 0
    endloop
  endfacet
  facet normal -0 0 -1
    outer loop
      vertex 104.15 78.4004 0
      vertex 101.452 70.502 0
      vertex 103.6 78.4004 0
    endloop
  endfacet
  facet normal 0 0 -1
    outer loop
      vertex 101.371 70.5557 0
      vertex 103.6 78.4004 0
      vertex 101.452 70.502 0
    endloop
  endfacet
  facet normal 0 0 -1
    outer loop
      vertex 101.275 70.5752 0
      vertex 101.4 78.4004 0
      vertex 101.371 70.5557 0
    endloop
  endfacet
  facet normal -0 0 -1
    outer loop
      vertex 103.6 78.4004 0
      vertex 101.371 70.5557 0
      vertex 101.4 78.4004 0
    endloop
  endfacet
  facet normal -0 0 -1
    outer loop
      vertex 105.4 93.2334 0
      vertex 101.525 89.875 0
      vertex 104.15 93.2334 0
    endloop
  endfacet
  facet normal 0 0 -1
    outer loop
      vertex 101.525 91.125 0
      vertex 104.15 93.2334 0
      vertex 101.525 89.875 0
    endloop
  endfacet
  facet normal -0 0 -1
    outer loop
      vertex 104.15 93.2334 0
      vertex 101.525 91.125 0
      vertex 103.6 93.2334 0
    endloop
  endfacet
  facet normal 0 0 -1
    outer loop
      vertex 101.506 91.2207 0
      vertex 103.6 93.2334 0
      vertex 101.525 91.125 0
    endloop
  endfacet
  facet normal 0 0 -1
    outer loop
      vertex 101.452 91.3018 0
      vertex 103.6 93.2334 0
      vertex 101.506 91.2207 0
    endloop
  endfacet
  facet normal 0 0 -1
    outer loop
      vertex 101.452 91.3018 0
      vertex 101.4 93.2334 0
      vertex 103.6 93.2334 0
    endloop
  endfacet
  facet normal 0 0 -1
    outer loop
      vertex 101.275 91.375 0
      vertex 101.4 93.2334 0
      vertex 101.371 91.3564 0
    endloop
  endfacet
  facet normal 0 0 -1
    outer loop
      vertex 101.371 91.3564 0
      vertex 101.4 93.2334 0
      vertex 101.452 91.3018 0
    endloop
  endfacet
  facet normal -0 0 -1
    outer loop
      vertex 104.15 108.066 0
      vertex 101.525 105.125 0
      vertex 103.6 108.066 0
    endloop
  endfacet
  facet normal 0 0 -1
    outer loop
      vertex 101.506 105.221 0
      vertex 103.6 108.066 0
      vertex 101.525 105.125 0
    endloop
  endfacet
  facet normal 0 0 -1
    outer loop
      vertex 101.452 105.302 0
      vertex 103.6 108.066 0
      vertex 101.506 105.221 0
    endloop
  endfacet
  facet normal 0 0 -1
    outer loop
      vertex 101.452 105.302 0
      vertex 101.4 108.066 0
      vertex 103.6 108.066 0
    endloop
  endfacet
  facet normal 0 0 -1
    outer loop
      vertex 101.275 105.375 0
      vertex 101.4 108.066 0
      vertex 101.371 105.356 0
    endloop
  endfacet
  facet normal 0 0 -1
    outer loop
      vertex 101.371 105.356 0
      vertex 101.4 108.066 0
      vertex 101.452 105.302 0
    endloop
  endfacet
  facet normal 0 0 -1
    outer loop
      vertex 113.2 49.0996 0
      vertex 117.75 56.6504 0
      vertex 113.75 49.0996 0
    endloop
  endfacet
  facet normal 0 0 -1
    outer loop
      vertex 117.75 58.8496 0
      vertex 114.65 69 0
      vertex 115.9 69 0
    endloop
  endfacet
  facet normal 0 0 -1
    outer loop
      vertex 114.1 71.2002 0
      vertex 114.65 71.2002 0
      vertex 114.65 69 0
    endloop
  endfacet
  facet normal 0 0 -1
    outer loop
      vertex 117.75 58.8496 0
      vertex 114.1 69 0
      vertex 114.65 69 0
    endloop
  endfacet
  facet normal 0 0 -1
    outer loop
      vertex 114.65 69 0
      vertex 114.1 69 0
      vertex 114.1 71.2002 0
    endloop
  endfacet
  facet normal 0 0 -1
    outer loop
      vertex 111 49.0996 0
      vertex 117.75 56.6504 0
      vertex 113.2 49.0996 0
    endloop
  endfacet
  facet normal 0 0 -1
    outer loop
      vertex 113.2 49.0996 0
      vertex 113.75 49.0996 0
      vertex 113.2 46.9004 0
    endloop
  endfacet
  facet normal -0 0 -1
    outer loop
      vertex 117.75 56.6504 0
      vertex 111 49.0996 0
      vertex 117.75 58.8496 0
    endloop
  endfacet
  facet normal 0 0 -1
    outer loop
      vertex 117.75 58.8496 0
      vertex 111.9 69 0
      vertex 114.1 69 0
    endloop
  endfacet
  facet normal 0 0 -1
    outer loop
      vertex 111 49.0996 0
      vertex 111.9 71.2002 0
      vertex 111.9 69 0
    endloop
  endfacet
  facet normal 0 0 -1
    outer loop
      vertex 111.9 71.2002 0
      vertex 110.498 115.5 0
      vertex 111.9 122.9 0
    endloop
  endfacet
  facet normal -0 0 -1
    outer loop
      vertex 111.9 71.2002 0
      vertex 111 49.0996 0
      vertex 110.498 115.5 0
    endloop
  endfacet
  facet normal -0 0 -1
    outer loop
      vertex 117.75 58.8496 0
      vertex 111 49.0996 0
      vertex 111.9 69 0
    endloop
  endfacet
  facet normal 0 0 -1
    outer loop
      vertex 114.65 71.2002 0
      vertex 114.1 71.2002 0
      vertex 114.2 83.4004 0
    endloop
  endfacet
  facet normal 0 0 -1
    outer loop
      vertex 114.1 71.2002 0
      vertex 112 83.4004 0
      vertex 114.2 83.4004 0
    endloop
  endfacet
  facet normal -0 0 -1
    outer loop
      vertex 112 83.4004 0
      vertex 111.9 71.2002 0
      vertex 112 85.5996 0
    endloop
  endfacet
  facet normal 0 0 -1
    outer loop
      vertex 111.9 71.2002 0
      vertex 112 83.4004 0
      vertex 114.1 71.2002 0
    endloop
  endfacet
  facet normal 0 0 -1
    outer loop
      vertex 115.25 110.1 0
      vertex 115.9 122.9 0
      vertex 116.5 110.1 0
    endloop
  endfacet
  facet normal 0 0 -1
    outer loop
      vertex 115.25 107.9 0
      vertex 114.7 107.9 0
      vertex 115.25 110.1 0
    endloop
  endfacet
  facet normal 0 0 -1
    outer loop
      vertex 114.7 110.1 0
      vertex 115.25 110.1 0
      vertex 114.7 107.9 0
    endloop
  endfacet
  facet normal 0 0 -1
    outer loop
      vertex 114.65 122.9 0
      vertex 115.25 110.1 0
      vertex 114.7 110.1 0
    endloop
  endfacet
  facet normal 0 0 -1
    outer loop
      vertex 115.25 110.1 0
      vertex 114.65 122.9 0
      vertex 115.9 122.9 0
    endloop
  endfacet
  facet normal 0 0 -1
    outer loop
      vertex 114.65 122.9 0
      vertex 114.1 122.9 0
      vertex 114.65 125.1 0
    endloop
  endfacet
  facet normal 0 0 -1
    outer loop
      vertex 114.7 110.1 0
      vertex 114.1 122.9 0
      vertex 114.65 122.9 0
    endloop
  endfacet
  facet normal 0 0 -1
    outer loop
      vertex 112.5 110.1 0
      vertex 114.1 122.9 0
      vertex 114.7 110.1 0
    endloop
  endfacet
  facet normal 0 0 -1
    outer loop
      vertex 112.5 110.1 0
      vertex 111.9 122.9 0
      vertex 114.1 122.9 0
    endloop
  endfacet
  facet normal 0 0 -1
    outer loop
      vertex 112.5 107.9 0
      vertex 111.9 122.9 0
      vertex 112.5 110.1 0
    endloop
  endfacet
  facet normal 0 0 -1
    outer loop
      vertex 111.9 122.9 0
      vertex 112 85.5996 0
      vertex 111.9 71.2002 0
    endloop
  endfacet
  facet normal 0 0 -1
    outer loop
      vertex 113.75 49.0996 0
      vertex 117.75 56.6504 0
      vertex 115 49.0996 0
    endloop
  endfacet
  facet normal 0 0 -1
    outer loop
      vertex 110.43 41.9833 0
      vertex 115.9 36.0996 0
      vertex 114.65 36.0996 0
    endloop
  endfacet
  facet normal 0 0 -1
    outer loop
      vertex 114.1 36.0996 0
      vertex 114.65 36.0996 0
      vertex 114.1 33.9004 0
    endloop
  endfacet
  facet normal 0 0 -1
    outer loop
      vertex 110.346 41.7352 0
      vertex 114.65 36.0996 0
      vertex 114.1 36.0996 0
    endloop
  endfacet
  facet normal 0 0 -1
    outer loop
      vertex 115.9 36.0996 0
      vertex 110.481 42.2396 0
      vertex 115 46.9004 0
    endloop
  endfacet
  facet normal 0 0 -1
    outer loop
      vertex 113.75 46.9004 0
      vertex 113.2 46.9004 0
      vertex 113.75 49.0996 0
    endloop
  endfacet
  facet normal 0 -0 -1
    outer loop
      vertex 110.498 42.5 0
      vertex 115 46.9004 0
      vertex 110.481 42.2396 0
    endloop
  endfacet
  facet normal 0 0 -1
    outer loop
      vertex 110.085 41.2839 0
      vertex 114.1 36.0996 0
      vertex 111.9 36.0996 0
    endloop
  endfacet
  facet normal 0 0 -1
    outer loop
      vertex 110.481 42.7604 0
      vertex 115 46.9004 0
      vertex 110.498 42.5 0
    endloop
  endfacet
  facet normal -0 0 -1
    outer loop
      vertex 118.5 94.9004 0
      vertex 114.75 85.5996 0
      vertex 118.5 97.0996 0
    endloop
  endfacet
  facet normal 0 0 -1
    outer loop
      vertex 118.5 97.0996 0
      vertex 115.25 107.9 0
      vertex 116.5 107.9 0
    endloop
  endfacet
  facet normal 0 0 -1
    outer loop
      vertex 118.5 97.0996 0
      vertex 114.7 107.9 0
      vertex 115.25 107.9 0
    endloop
  endfacet
  facet normal 0 0 -1
    outer loop
      vertex 114.7 107.9 0
      vertex 118.5 97.0996 0
      vertex 114.75 85.5996 0
    endloop
  endfacet
  facet normal -0 0 -1
    outer loop
      vertex 119.95 56.6504 0
      vertex 115 49.0996 0
      vertex 117.75 56.6504 0
    endloop
  endfacet
  facet normal 0 0 -1
    outer loop
      vertex 115.9 71.2002 0
      vertex 117.75 58.8496 0
      vertex 115.9 69 0
    endloop
  endfacet
  facet normal 0 0 -1
    outer loop
      vertex 117.75 58.8496 0
      vertex 115.9 71.2002 0
      vertex 116 83.4004 0
    endloop
  endfacet
  facet normal 0 0 -1
    outer loop
      vertex 115.9 71.2002 0
      vertex 114.75 83.4004 0
      vertex 116 83.4004 0
    endloop
  endfacet
  facet normal 0 0 -1
    outer loop
      vertex 114.2 85.5996 0
      vertex 114.75 85.5996 0
      vertex 114.75 83.4004 0
    endloop
  endfacet
  facet normal 0 0 -1
    outer loop
      vertex 114.65 71.2002 0
      vertex 114.75 83.4004 0
      vertex 115.9 71.2002 0
    endloop
  endfacet
  facet normal 0 0 -1
    outer loop
      vertex 114.2 83.4004 0
      vertex 114.75 83.4004 0
      vertex 114.65 71.2002 0
    endloop
  endfacet
  facet normal 0 0 -1
    outer loop
      vertex 114.75 83.4004 0
      vertex 114.2 83.4004 0
      vertex 114.2 85.5996 0
    endloop
  endfacet
  facet normal 0 0 -1
    outer loop
      vertex 114.75 85.5996 0
      vertex 114.2 85.5996 0
      vertex 114.7 107.9 0
    endloop
  endfacet
  facet normal 0 0 -1
    outer loop
      vertex 114.2 85.5996 0
      vertex 112.5 107.9 0
      vertex 114.7 107.9 0
    endloop
  endfacet
  facet normal 0 0 -1
    outer loop
      vertex 111.9 122.9 0
      vertex 112.5 107.9 0
      vertex 112 85.5996 0
    endloop
  endfacet
  facet normal 0 0 -1
    outer loop
      vertex 112 85.5996 0
      vertex 112.5 107.9 0
      vertex 114.2 85.5996 0
    endloop
  endfacet
  facet normal 0 0 -1
    outer loop
      vertex 126.4 71.0996 0
      vertex 116 83.4004 0
      vertex 126.4 83.5 0
    endloop
  endfacet
  facet normal 0 0 -1
    outer loop
      vertex 116 85.5996 0
      vertex 126.4 83.5 0
      vertex 116 83.4004 0
    endloop
  endfacet
  facet normal 0 0 -1
    outer loop
      vertex 121.25 94.9004 0
      vertex 120.7 94.9004 0
      vertex 121.25 97.0996 0
    endloop
  endfacet
  facet normal 0 -0 -1
    outer loop
      vertex 121.25 94.9004 0
      vertex 126.4 85.7002 0
      vertex 116 85.5996 0
    endloop
  endfacet
  facet normal 0 0 -1
    outer loop
      vertex 116 83.4004 0
      vertex 121.75 58.8496 0
      vertex 120.5 58.8496 0
    endloop
  endfacet
  facet normal 0 0 -1
    outer loop
      vertex 119.95 58.8496 0
      vertex 120.5 58.8496 0
      vertex 119.95 56.6504 0
    endloop
  endfacet
  facet normal 0 0 -1
    outer loop
      vertex 116 83.4004 0
      vertex 120.5 58.8496 0
      vertex 119.95 58.8496 0
    endloop
  endfacet
  facet normal 0 0 -1
    outer loop
      vertex 126.4 85.7002 0
      vertex 121.25 94.9004 0
      vertex 122.5 94.9004 0
    endloop
  endfacet
  facet normal -0 0 -1
    outer loop
      vertex 121.25 94.9004 0
      vertex 116 85.5996 0
      vertex 120.7 94.9004 0
    endloop
  endfacet
  facet normal 0 0 -1
    outer loop
      vertex 116 83.4004 0
      vertex 119.95 58.8496 0
      vertex 117.75 58.8496 0
    endloop
  endfacet
  facet normal 0 0 -1
    outer loop
      vertex 126.4 110.4 0
      vertex 128.5 122.4 0
      vertex 128.6 110.4 0
    endloop
  endfacet
  facet normal -0 0 -1
    outer loop
      vertex 128.5 122.4 0
      vertex 126.4 110.4 0
      vertex 126.3 122.4 0
    endloop
  endfacet
  facet normal 0 0 -1
    outer loop
      vertex 134.25 94.9004 0
      vertex 122.5 94.9004 0
      vertex 134.25 97.0996 0
    endloop
  endfacet
  facet normal 0 0 -1
    outer loop
      vertex 134.25 97.0996 0
      vertex 122.5 97.0996 0
      vertex 128.6 108.2 0
    endloop
  endfacet
  facet normal 0 0 -1
    outer loop
      vertex 126.4 71.0996 0
      vertex 128.6 83.5 0
      vertex 128.6 71.0996 0
    endloop
  endfacet
  facet normal -0 0 -1
    outer loop
      vertex 128.6 83.5 0
      vertex 126.4 71.0996 0
      vertex 126.4 83.5 0
    endloop
  endfacet
  facet normal 0 0 -1
    outer loop
      vertex 128.2 49.0996 0
      vertex 121.75 58.8496 0
      vertex 134.25 56.6504 0
    endloop
  endfacet
  facet normal 0 0 -1
    outer loop
      vertex 121.75 58.8496 0
      vertex 128.6 68.9004 0
      vertex 134.25 58.8496 0
    endloop
  endfacet
  facet normal 0 0 -1
    outer loop
      vertex 116 83.4004 0
      vertex 126.4 68.9004 0
      vertex 121.75 58.8496 0
    endloop
  endfacet
  facet normal 0 0 -1
    outer loop
      vertex 126.4 68.9004 0
      vertex 116 83.4004 0
      vertex 126.4 71.0996 0
    endloop
  endfacet
  facet normal 0 0 -1
    outer loop
      vertex 116 85.5996 0
      vertex 126.4 85.7002 0
      vertex 126.4 83.5 0
    endloop
  endfacet
  facet normal -0 0 -1
    outer loop
      vertex 134.25 97.0996 0
      vertex 122.5 94.9004 0
      vertex 122.5 97.0996 0
    endloop
  endfacet
  facet normal -0 0 -1
    outer loop
      vertex 128.6 108.2 0
      vertex 122.5 97.0996 0
      vertex 126.4 108.2 0
    endloop
  endfacet
  facet normal 0 0 -1
    outer loop
      vertex 121.25 97.0996 0
      vertex 126.4 108.2 0
      vertex 122.5 97.0996 0
    endloop
  endfacet
  facet normal -0 0 -1
    outer loop
      vertex 128.6 68.9004 0
      vertex 121.75 58.8496 0
      vertex 126.4 68.9004 0
    endloop
  endfacet
  facet normal 0 0 -1
    outer loop
      vertex 134.25 56.6504 0
      vertex 121.75 58.8496 0
      vertex 134.25 58.8496 0
    endloop
  endfacet
  facet normal 0 0 -1
    outer loop
      vertex 129.15 110.4 0
      vertex 130.3 122.4 0
      vertex 130.4 110.4 0
    endloop
  endfacet
  facet normal -0 0 -1
    outer loop
      vertex 130.3 122.4 0
      vertex 129.15 110.4 0
      vertex 129.05 122.4 0
    endloop
  endfacet
  facet normal 0 0 -1
    outer loop
      vertex 122.5 94.9004 0
      vertex 128.6 85.7002 0
      vertex 126.4 85.7002 0
    endloop
  endfacet
  facet normal 0 0 -1
    outer loop
      vertex 134.25 97.0996 0
      vertex 129.15 108.2 0
      vertex 130.4 108.2 0
    endloop
  endfacet
  facet normal 0 0 -1
    outer loop
      vertex 129.15 71.0996 0
      vertex 130.4 83.5 0
      vertex 130.4 71.0996 0
    endloop
  endfacet
  facet normal -0 0 -1
    outer loop
      vertex 130.4 83.5 0
      vertex 129.15 71.0996 0
      vertex 129.15 83.5 0
    endloop
  endfacet
  facet normal 0 0 -1
    outer loop
      vertex 128.75 49.0996 0
      vertex 134.25 56.6504 0
      vertex 130 49.0996 0
    endloop
  endfacet
  facet normal 0 0 -1
    outer loop
      vertex 129.65 36.0996 0
      vertex 130 46.9004 0
      vertex 130.9 36.0996 0
    endloop
  endfacet
  facet normal 0 0 -1
    outer loop
      vertex 129.1 36.0996 0
      vertex 129.65 36.0996 0
      vertex 129.1 33.9004 0
    endloop
  endfacet
  facet normal 0 0 -1
    outer loop
      vertex 129.65 36.0996 0
      vertex 129.1 36.0996 0
      vertex 130 46.9004 0
    endloop
  endfacet
  facet normal 0 0 -1
    outer loop
      vertex 129.1 36.0996 0
      vertex 128.75 46.9004 0
      vertex 130 46.9004 0
    endloop
  endfacet
  facet normal 0 0 -1
    outer loop
      vertex 128.2 46.9004 0
      vertex 128.75 49.0996 0
      vertex 128.75 46.9004 0
    endloop
  endfacet
  facet normal 0 0 -1
    outer loop
      vertex 128.2 49.0996 0
      vertex 128.75 49.0996 0
      vertex 128.2 46.9004 0
    endloop
  endfacet
  facet normal 0 0 -1
    outer loop
      vertex 129.1 36.0996 0
      vertex 128.2 46.9004 0
      vertex 128.75 46.9004 0
    endloop
  endfacet
  facet normal 0 0 -1
    outer loop
      vertex 126.9 36.0996 0
      vertex 128.2 46.9004 0
      vertex 129.1 36.0996 0
    endloop
  endfacet
  facet normal -0 0 -1
    outer loop
      vertex 128.2 46.9004 0
      vertex 126.9 36.0996 0
      vertex 126 46.9004 0
    endloop
  endfacet
  facet normal 0 0 -1
    outer loop
      vertex 130.4 68.9004 0
      vertex 136.45 58.8496 0
      vertex 134.25 58.8496 0
    endloop
  endfacet
  facet normal 0 0 -1
    outer loop
      vertex 136.45 58.8496 0
      vertex 130.4 71.0996 0
      vertex 136.45 94.9004 0
    endloop
  endfacet
  facet normal 0 0 -1
    outer loop
      vertex 137 58.8496 0
      vertex 138.25 94.9004 0
      vertex 138.25 58.8496 0
    endloop
  endfacet
  facet normal -0 0 -1
    outer loop
      vertex 138.25 94.9004 0
      vertex 137 58.8496 0
      vertex 137 94.9004 0
    endloop
  endfacet
  facet normal 0 0 -1
    outer loop
      vertex 128.2 49.0996 0
      vertex 134.25 56.6504 0
      vertex 128.75 49.0996 0
    endloop
  endfacet
  facet normal 0 0 -1
    outer loop
      vertex 134.25 58.8496 0
      vertex 129.15 68.9004 0
      vertex 130.4 68.9004 0
    endloop
  endfacet
  facet normal 0 0 -1
    outer loop
      vertex 128.6 71.0996 0
      vertex 129.15 71.0996 0
      vertex 129.15 68.9004 0
    endloop
  endfacet
  facet normal 0 0 -1
    outer loop
      vertex 129.15 71.0996 0
      vertex 128.6 71.0996 0
      vertex 129.15 83.5 0
    endloop
  endfacet
  facet normal 0 0 -1
    outer loop
      vertex 129.15 83.5 0
      vertex 128.6 83.5 0
      vertex 129.15 85.7002 0
    endloop
  endfacet
  facet normal 0 0 -1
    outer loop
      vertex 128.6 85.7002 0
      vertex 122.5 94.9004 0
      vertex 134.25 94.9004 0
    endloop
  endfacet
  facet normal 0 0 -1
    outer loop
      vertex 134.25 97.0996 0
      vertex 128.6 108.2 0
      vertex 129.15 108.2 0
    endloop
  endfacet
  facet normal 0 0 -1
    outer loop
      vertex 128.6 71.0996 0
      vertex 129.15 68.9004 0
      vertex 128.6 68.9004 0
    endloop
  endfacet
  facet normal 0 0 -1
    outer loop
      vertex 134.25 58.8496 0
      vertex 128.6 68.9004 0
      vertex 129.15 68.9004 0
    endloop
  endfacet
  facet normal 0 0 -1
    outer loop
      vertex 121.75 58.8496 0
      vertex 128.2 49.0996 0
      vertex 126 49.0996 0
    endloop
  endfacet
  facet normal 0 0 -1
    outer loop
      vertex 140.3 110.4 0
      vertex 142.3 122.4 0
      vertex 142.5 110.4 0
    endloop
  endfacet
  facet normal 0 0 -1
    outer loop
      vertex 140.3 110.4 0
      vertex 140.1 122.4 0
      vertex 142.3 122.4 0
    endloop
  endfacet
  facet normal -0 0 -1
    outer loop
      vertex 142.5 108.2 0
      vertex 138.25 97.0996 0
      vertex 140.3 108.2 0
    endloop
  endfacet
  facet normal 0 0 -1
    outer loop
      vertex 138.25 94.9004 0
      vertex 142.5 85.7002 0
      vertex 140.3 85.7002 0
    endloop
  endfacet
  facet normal -0 0 -1
    outer loop
      vertex 144.3 108.2 0
      vertex 138.25 97.0996 0
      vertex 143.05 108.2 0
    endloop
  endfacet
  facet normal 0 0 -1
    outer loop
      vertex 142.375 49.0996 0
      vertex 141.825 49.0996 0
      vertex 142.325 68.9004 0
    endloop
  endfacet
  facet normal 0 0 -1
    outer loop
      vertex 141.825 49.0996 0
      vertex 140.125 68.9004 0
      vertex 142.325 68.9004 0
    endloop
  endfacet
  facet normal 0 0 -1
    outer loop
      vertex 138.25 94.9004 0
      vertex 140.125 71.0996 0
      vertex 140.125 68.9004 0
    endloop
  endfacet
  facet normal 0 0 -1
    outer loop
      vertex 137 97.0996 0
      vertex 140.3 108.2 0
      vertex 138.25 97.0996 0
    endloop
  endfacet
  facet normal 0 0 -1
    outer loop
      vertex 138.25 94.9004 0
      vertex 140.125 68.9004 0
      vertex 139.625 49.0996 0
    endloop
  endfacet
  facet normal 0 0 -1
    outer loop
      vertex 139.625 49.0996 0
      vertex 140.125 68.9004 0
      vertex 141.825 49.0996 0
    endloop
  endfacet
  facet normal 0 0 -1
    outer loop
      vertex 143.05 110.4 0
      vertex 144.1 122.4 0
      vertex 144.3 110.4 0
    endloop
  endfacet
  facet normal 0 0 -1
    outer loop
      vertex 143.05 110.4 0
      vertex 142.85 122.4 0
      vertex 144.1 122.4 0
    endloop
  endfacet
  facet normal -0 0 -1
    outer loop
      vertex 159.25 97.5996 0
      vertex 138.25 97.0996 0
      vertex 144.3 108.2 0
    endloop
  endfacet
  facet normal 0 0 -1
    outer loop
      vertex 138.25 94.9004 0
      vertex 144.3 85.7002 0
      vertex 143.05 85.7002 0
    endloop
  endfacet
  facet normal 0 0 -1
    outer loop
      vertex 159.25 95.4004 0
      vertex 138.25 97.0996 0
      vertex 159.25 97.5996 0
    endloop
  endfacet
  facet normal 0 0 -1
    outer loop
      vertex 153.5 69.4004 0
      vertex 144.125 71.0996 0
      vertex 153.5 71.5996 0
    endloop
  endfacet
  facet normal -0 0 -1
    outer loop
      vertex 152.5 49.0996 0
      vertex 143.625 46.9004 0
      vertex 143.625 49.0996 0
    endloop
  endfacet
  facet normal 0 0 -1
    outer loop
      vertex 143.25 36.0996 0
      vertex 143.625 46.9004 0
      vertex 144.5 36.0996 0
    endloop
  endfacet
  facet normal 0 0 -1
    outer loop
      vertex 142.7 36.0996 0
      vertex 143.25 36.0996 0
      vertex 142.7 33.9004 0
    endloop
  endfacet
  facet normal 0 0 -1
    outer loop
      vertex 143.25 36.0996 0
      vertex 142.7 36.0996 0
      vertex 143.625 46.9004 0
    endloop
  endfacet
  facet normal 0 0 -1
    outer loop
      vertex 142.7 36.0996 0
      vertex 142.375 46.9004 0
      vertex 143.625 46.9004 0
    endloop
  endfacet
  facet normal 0 0 -1
    outer loop
      vertex 141.825 46.9004 0
      vertex 142.375 49.0996 0
      vertex 142.375 46.9004 0
    endloop
  endfacet
  facet normal 0 0 -1
    outer loop
      vertex 141.825 49.0996 0
      vertex 142.375 49.0996 0
      vertex 141.825 46.9004 0
    endloop
  endfacet
  facet normal 0 0 -1
    outer loop
      vertex 142.7 36.0996 0
      vertex 141.825 46.9004 0
      vertex 142.375 46.9004 0
    endloop
  endfacet
  facet normal 0 0 -1
    outer loop
      vertex 140.5 36.0996 0
      vertex 141.825 46.9004 0
      vertex 142.7 36.0996 0
    endloop
  endfacet
  facet normal -0 0 -1
    outer loop
      vertex 141.825 46.9004 0
      vertex 140.5 36.0996 0
      vertex 139.625 46.9004 0
    endloop
  endfacet
  facet normal -0 0 -1
    outer loop
      vertex 153.5 71.5996 0
      vertex 144.125 71.0996 0
      vertex 144.3 83.5 0
    endloop
  endfacet
  facet normal 0 0 -1
    outer loop
      vertex 144.125 71.0996 0
      vertex 143.05 83.5 0
      vertex 144.3 83.5 0
    endloop
  endfacet
  facet normal 0 0 -1
    outer loop
      vertex 142.5 85.7002 0
      vertex 143.05 85.7002 0
      vertex 143.05 83.5 0
    endloop
  endfacet
  facet normal 0 0 -1
    outer loop
      vertex 138.25 94.9004 0
      vertex 143.05 85.7002 0
      vertex 142.5 85.7002 0
    endloop
  endfacet
  facet normal 0 0 -1
    outer loop
      vertex 142.5 85.7002 0
      vertex 143.05 83.5 0
      vertex 142.875 71.0996 0
    endloop
  endfacet
  facet normal 0 0 -1
    outer loop
      vertex 142.875 71.0996 0
      vertex 143.05 83.5 0
      vertex 144.125 71.0996 0
    endloop
  endfacet
  facet normal 0 0 -1
    outer loop
      vertex 152.5 49.0996 0
      vertex 143.625 49.0996 0
      vertex 144.125 68.9004 0
    endloop
  endfacet
  facet normal 0 0 -1
    outer loop
      vertex 143.625 49.0996 0
      vertex 142.875 68.9004 0
      vertex 144.125 68.9004 0
    endloop
  endfacet
  facet normal 0 0 -1
    outer loop
      vertex 142.325 71.0996 0
      vertex 142.875 71.0996 0
      vertex 142.875 68.9004 0
    endloop
  endfacet
  facet normal 0 0 -1
    outer loop
      vertex 143.05 108.2 0
      vertex 142.5 108.2 0
      vertex 143.05 110.4 0
    endloop
  endfacet
  facet normal 0 0 -1
    outer loop
      vertex 142.875 71.0996 0
      vertex 142.5 83.5 0
      vertex 142.5 85.7002 0
    endloop
  endfacet
  facet normal 0 0 -1
    outer loop
      vertex 142.375 49.0996 0
      vertex 142.875 68.9004 0
      vertex 143.625 49.0996 0
    endloop
  endfacet
  facet normal 0 0 -1
    outer loop
      vertex 142.325 68.9004 0
      vertex 142.875 68.9004 0
      vertex 142.375 49.0996 0
    endloop
  endfacet
  facet normal 0 0 -1
    outer loop
      vertex 142.325 71.0996 0
      vertex 142.875 68.9004 0
      vertex 142.325 68.9004 0
    endloop
  endfacet
  facet normal 0 0 -1
    outer loop
      vertex 142.875 71.0996 0
      vertex 142.325 71.0996 0
      vertex 142.5 83.5 0
    endloop
  endfacet
  facet normal 0 0 -1
    outer loop
      vertex 142.325 71.0996 0
      vertex 140.3 83.5 0
      vertex 142.5 83.5 0
    endloop
  endfacet
  facet normal 0 0 -1
    outer loop
      vertex 138.25 94.9004 0
      vertex 140.3 85.7002 0
      vertex 140.3 83.5 0
    endloop
  endfacet
  facet normal -0 0 -1
    outer loop
      vertex 143.05 108.2 0
      vertex 138.25 97.0996 0
      vertex 142.5 108.2 0
    endloop
  endfacet
  facet normal 0 0 -1
    outer loop
      vertex 138.25 94.9004 0
      vertex 140.3 83.5 0
      vertex 140.125 71.0996 0
    endloop
  endfacet
  facet normal 0 0 -1
    outer loop
      vertex 140.125 71.0996 0
      vertex 140.3 83.5 0
      vertex 142.325 71.0996 0
    endloop
  endfacet
  facet normal 0 0 -1
    outer loop
      vertex 156.4 110.1 0
      vertex 154.75 122.4 0
      vertex 156 122.4 0
    endloop
  endfacet
  facet normal 0 0 -1
    outer loop
      vertex 154.2 122.4 0
      vertex 154.75 122.4 0
      vertex 154.2 110.1 0
    endloop
  endfacet
  facet normal 0 0 -1
    outer loop
      vertex 154.2 110.1 0
      vertex 154.75 122.4 0
      vertex 156.4 110.1 0
    endloop
  endfacet
  facet normal 0 0 -1
    outer loop
      vertex 138.25 94.9004 0
      vertex 159.25 95.4004 0
      vertex 144.3 85.7002 0
    endloop
  endfacet
  facet normal 0 0 -1
    outer loop
      vertex 159.25 97.5996 0
      vertex 154.2 107.9 0
      vertex 156.4 107.9 0
    endloop
  endfacet
  facet normal 0 0 -1
    outer loop
      vertex 166.275 49.0996 0
      vertex 156.5 49.0996 0
      vertex 161.45 56.9004 0
    endloop
  endfacet
  facet normal -0 0 -1
    outer loop
      vertex 161.45 56.9004 0
      vertex 156.5 49.0996 0
      vertex 159.25 56.9004 0
    endloop
  endfacet
  facet normal 0 0 -1
    outer loop
      vertex 155.25 49.0996 0
      vertex 159.25 56.9004 0
      vertex 156.5 49.0996 0
    endloop
  endfacet
  facet normal 0 0 -1
    outer loop
      vertex 159.25 56.9004 0
      vertex 156.25 69.4004 0
      vertex 157.5 69.4004 0
    endloop
  endfacet
  facet normal 0 0 -1
    outer loop
      vertex 156.25 69.4004 0
      vertex 155.7 69.4004 0
      vertex 156.25 71.5996 0
    endloop
  endfacet
  facet normal 0 0 -1
    outer loop
      vertex 159.25 56.9004 0
      vertex 155.7 69.4004 0
      vertex 156.25 69.4004 0
    endloop
  endfacet
  facet normal 0 0 -1
    outer loop
      vertex 154.7 49.0996 0
      vertex 159.25 56.9004 0
      vertex 155.25 49.0996 0
    endloop
  endfacet
  facet normal 0 0 -1
    outer loop
      vertex 154.7 49.0996 0
      vertex 155.25 49.0996 0
      vertex 154.7 46.9004 0
    endloop
  endfacet
  facet normal 0 0 -1
    outer loop
      vertex 152.5 49.0996 0
      vertex 159.25 56.9004 0
      vertex 154.7 49.0996 0
    endloop
  endfacet
  facet normal 0 0 -1
    outer loop
      vertex 159.25 56.9004 0
      vertex 153.5 69.4004 0
      vertex 155.7 69.4004 0
    endloop
  endfacet
  facet normal 0 0 -1
    outer loop
      vertex 159.25 56.9004 0
      vertex 144.125 68.9004 0
      vertex 153.5 69.4004 0
    endloop
  endfacet
  facet normal 0 0 -1
    outer loop
      vertex 144.125 68.9004 0
      vertex 159.25 56.9004 0
      vertex 152.5 49.0996 0
    endloop
  endfacet
  facet normal 0 0 -1
    outer loop
      vertex 154.2 85.7002 0
      vertex 159.25 95.4004 0
      vertex 156.4 85.7002 0
    endloop
  endfacet
  facet normal 0 0 -1
    outer loop
      vertex 159.25 97.5996 0
      vertex 156.95 107.9 0
      vertex 158.2 107.9 0
    endloop
  endfacet
  facet normal 0 0 -1
    outer loop
      vertex 167.575 68.9004 0
      vertex 157.5 69.4004 0
      vertex 167.575 71.0996 0
    endloop
  endfacet
  facet normal 0 0 -1
    outer loop
      vertex 158.2 85.7002 0
      vertex 167.575 71.0996 0
      vertex 158.2 83.5 0
    endloop
  endfacet
  facet normal 0 0 -1
    outer loop
      vertex 157.5 69.4004 0
      vertex 161.45 59.0996 0
      vertex 159.25 59.0996 0
    endloop
  endfacet
  facet normal 0 0 -1
    outer loop
      vertex 167.575 71.0996 0
      vertex 162 95.4004 0
      vertex 163.25 95.4004 0
    endloop
  endfacet
  facet normal 0 0 -1
    outer loop
      vertex 157.5 69.4004 0
      vertex 162 59.0996 0
      vertex 161.45 59.0996 0
    endloop
  endfacet
  facet normal 0 0 -1
    outer loop
      vertex 163.25 97.5996 0
      vertex 167.575 71.0996 0
      vertex 163.25 95.4004 0
    endloop
  endfacet
  facet normal 0 0 -1
    outer loop
      vertex 167.575 71.0996 0
      vertex 163.25 97.5996 0
      vertex 164.1 118.75 0
    endloop
  endfacet
  facet normal 0 0 -1
    outer loop
      vertex 158.2 107.9 0
      vertex 164.1 118.75 0
      vertex 163.25 97.5996 0
    endloop
  endfacet
  facet normal 0 0 -1
    outer loop
      vertex 163.1 118.75 0
      vertex 162.1 118.75 0
      vertex 163.1 122.25 0
    endloop
  endfacet
  facet normal 0 0 -1
    outer loop
      vertex 158.2 110.1 0
      vertex 164.1 118.75 0
      vertex 158.2 107.9 0
    endloop
  endfacet
  facet normal 0 0 -1
    outer loop
      vertex 158.2 107.9 0
      vertex 163.25 97.5996 0
      vertex 162 97.5996 0
    endloop
  endfacet
  facet normal 0 0 -1
    outer loop
      vertex 167.575 71.0996 0
      vertex 161.45 95.4004 0
      vertex 162 95.4004 0
    endloop
  endfacet
  facet normal 0 0 -1
    outer loop
      vertex 162 95.4004 0
      vertex 161.45 95.4004 0
      vertex 162 97.5996 0
    endloop
  endfacet
  facet normal 0 0 -1
    outer loop
      vertex 161.45 97.5996 0
      vertex 162 97.5996 0
      vertex 161.45 95.4004 0
    endloop
  endfacet
  facet normal 0 0 -1
    outer loop
      vertex 158.2 107.9 0
      vertex 162 97.5996 0
      vertex 161.45 97.5996 0
    endloop
  endfacet
  facet normal -0 0 -1
    outer loop
      vertex 164.1 118.75 0
      vertex 158.2 110.1 0
      vertex 163.1 118.75 0
    endloop
  endfacet
  facet normal 0 0 -1
    outer loop
      vertex 156 122.4 0
      vertex 161.1 122.25 0
      vertex 161.1 118.75 0
    endloop
  endfacet
  facet normal -0 0 -1
    outer loop
      vertex 163.1 118.75 0
      vertex 158.2 110.1 0
      vertex 162.1 118.75 0
    endloop
  endfacet
  facet normal 0 0 -1
    outer loop
      vertex 158.2 107.9 0
      vertex 161.45 97.5996 0
      vertex 159.25 97.5996 0
    endloop
  endfacet
  facet normal 0 0 -1
    outer loop
      vertex 156.95 110.1 0
      vertex 161.1 118.75 0
      vertex 158.2 110.1 0
    endloop
  endfacet
  facet normal 0 0 -1
    outer loop
      vertex 159.25 56.9004 0
      vertex 157.5 69.4004 0
      vertex 159.25 59.0996 0
    endloop
  endfacet
  facet normal -0 0 -1
    outer loop
      vertex 167.575 71.0996 0
      vertex 157.5 69.4004 0
      vertex 157.5 71.5996 0
    endloop
  endfacet
  facet normal 0 0 -1
    outer loop
      vertex 167.575 71.0996 0
      vertex 157.5 71.5996 0
      vertex 158.2 83.5 0
    endloop
  endfacet
  facet normal 0 0 -1
    outer loop
      vertex 157.5 71.5996 0
      vertex 156.95 83.5 0
      vertex 158.2 83.5 0
    endloop
  endfacet
  facet normal 0 0 -1
    outer loop
      vertex 156.4 85.7002 0
      vertex 156.95 85.7002 0
      vertex 156.95 83.5 0
    endloop
  endfacet
  facet normal 0 0 -1
    outer loop
      vertex 144.3 85.7002 0
      vertex 159.25 95.4004 0
      vertex 154.2 85.7002 0
    endloop
  endfacet
  facet normal 0 0 -1
    outer loop
      vertex 156.4 85.7002 0
      vertex 156.95 83.5 0
      vertex 156.4 83.5 0
    endloop
  endfacet
  facet normal 0 0 -1
    outer loop
      vertex 156.25 71.5996 0
      vertex 156.95 83.5 0
      vertex 157.5 71.5996 0
    endloop
  endfacet
  facet normal -0 0 -1
    outer loop
      vertex 156.95 83.5 0
      vertex 156.25 71.5996 0
      vertex 156.4 83.5 0
    endloop
  endfacet
  facet normal 0 0 -1
    outer loop
      vertex 155.7 71.5996 0
      vertex 156.25 71.5996 0
      vertex 155.7 69.4004 0
    endloop
  endfacet
  facet normal 0 0 -1
    outer loop
      vertex 156.25 71.5996 0
      vertex 155.7 71.5996 0
      vertex 156.4 83.5 0
    endloop
  endfacet
  facet normal 0 0 -1
    outer loop
      vertex 155.7 71.5996 0
      vertex 154.2 83.5 0
      vertex 156.4 83.5 0
    endloop
  endfacet
  facet normal 0 0 -1
    outer loop
      vertex 144.3 85.7002 0
      vertex 154.2 85.7002 0
      vertex 154.2 83.5 0
    endloop
  endfacet
  facet normal 0 0 -1
    outer loop
      vertex 138.25 97.0996 0
      vertex 159.25 95.4004 0
      vertex 138.25 94.9004 0
    endloop
  endfacet
  facet normal 0 0 -1
    outer loop
      vertex 159.25 97.5996 0
      vertex 144.3 108.2 0
      vertex 154.2 107.9 0
    endloop
  endfacet
  facet normal 0 0 -1
    outer loop
      vertex 153.5 71.5996 0
      vertex 154.2 83.5 0
      vertex 155.7 71.5996 0
    endloop
  endfacet
  facet normal 0 0 -1
    outer loop
      vertex 144.3 83.5 0
      vertex 154.2 83.5 0
      vertex 153.5 71.5996 0
    endloop
  endfacet
  facet normal 0 0 -1
    outer loop
      vertex 144.125 71.0996 0
      vertex 153.5 69.4004 0
      vertex 144.125 68.9004 0
    endloop
  endfacet
  facet normal 0 0 -1
    outer loop
      vertex 154.2 107.9 0
      vertex 144.3 108.2 0
      vertex 154.2 110.1 0
    endloop
  endfacet
  facet normal 0 0 -1
    outer loop
      vertex 156.85 36.0996 0
      vertex 156.3 36.0996 0
      vertex 156.5 46.9004 0
    endloop
  endfacet
  facet normal 0 0 -1
    outer loop
      vertex 156.3 36.0996 0
      vertex 155.25 46.9004 0
      vertex 156.5 46.9004 0
    endloop
  endfacet
  facet normal 0 0 -1
    outer loop
      vertex 155.25 46.9004 0
      vertex 154.7 46.9004 0
      vertex 155.25 49.0996 0
    endloop
  endfacet
  facet normal 0 0 -1
    outer loop
      vertex 154.1 36.0996 0
      vertex 155.25 46.9004 0
      vertex 156.3 36.0996 0
    endloop
  endfacet
  facet normal -0 0 -1
    outer loop
      vertex 155.25 46.9004 0
      vertex 154.1 36.0996 0
      vertex 154.7 46.9004 0
    endloop
  endfacet
  facet normal -0 0 -1
    outer loop
      vertex 154.7 46.9004 0
      vertex 154.1 36.0996 0
      vertex 152.5 46.9004 0
    endloop
  endfacet
  facet normal 0 0 -1
    outer loop
      vertex 163.25 56.9004 0
      vertex 170.275 49.0996 0
      vertex 169.025 49.0996 0
    endloop
  endfacet
  facet normal 0 0 -1
    outer loop
      vertex 168.475 49.0996 0
      vertex 169.025 49.0996 0
      vertex 168.475 46.9004 0
    endloop
  endfacet
  facet normal 0 0 -1
    outer loop
      vertex 163.25 56.9004 0
      vertex 169.025 49.0996 0
      vertex 168.475 49.0996 0
    endloop
  endfacet
  facet normal 0 0 -1
    outer loop
      vertex 163.25 59.0996 0
      vertex 170.275 49.0996 0
      vertex 163.25 56.9004 0
    endloop
  endfacet
  facet normal -0 0 -1
    outer loop
      vertex 169.775 68.9004 0
      vertex 163.25 59.0996 0
      vertex 167.575 68.9004 0
    endloop
  endfacet
  facet normal 0 0 -1
    outer loop
      vertex 163.25 56.9004 0
      vertex 168.475 49.0996 0
      vertex 166.275 49.0996 0
    endloop
  endfacet
  facet normal -0 0 -1
    outer loop
      vertex 170.325 68.9004 0
      vertex 163.25 59.0996 0
      vertex 169.775 68.9004 0
    endloop
  endfacet
  facet normal 0 0 -1
    outer loop
      vertex 162 59.0996 0
      vertex 167.575 68.9004 0
      vertex 163.25 59.0996 0
    endloop
  endfacet
  facet normal 0 0 -1
    outer loop
      vertex 168.1 108.2 0
      vertex 176.75 97.5996 0
      vertex 168.1 85.7002 0
    endloop
  endfacet
  facet normal 0 0 -1
    outer loop
      vertex 176.75 97.5996 0
      vertex 168.1 108.2 0
      vertex 170.3 108.2 0
    endloop
  endfacet
  facet normal -0 0 -1
    outer loop
      vertex 171.575 68.9004 0
      vertex 163.25 59.0996 0
      vertex 170.325 68.9004 0
    endloop
  endfacet
  facet normal 0 0 -1
    outer loop
      vertex 169.775 71.0996 0
      vertex 170.325 68.9004 0
      vertex 169.775 68.9004 0
    endloop
  endfacet
  facet normal 0 0 -1
    outer loop
      vertex 170.325 68.9004 0
      vertex 169.775 71.0996 0
      vertex 170.3 83.5 0
    endloop
  endfacet
  facet normal 0 0 -1
    outer loop
      vertex 169.775 71.0996 0
      vertex 168.1 83.5 0
      vertex 170.3 83.5 0
    endloop
  endfacet
  facet normal 0 0 -1
    outer loop
      vertex 167.575 71.0996 0
      vertex 168.1 85.7002 0
      vertex 168.1 83.5 0
    endloop
  endfacet
  facet normal 0 0 -1
    outer loop
      vertex 168.1 85.7002 0
      vertex 166.7 124.55 0
      vertex 168.1 108.2 0
    endloop
  endfacet
  facet normal -0 0 -1
    outer loop
      vertex 168.1 85.7002 0
      vertex 167.575 71.0996 0
      vertex 166.7 124.55 0
    endloop
  endfacet
  facet normal 0 0 -1
    outer loop
      vertex 167.575 71.0996 0
      vertex 168.1 83.5 0
      vertex 169.775 71.0996 0
    endloop
  endfacet
  facet normal 0 0 -1
    outer loop
      vertex 169.025 46.9004 0
      vertex 174.519 42.2396 0
      vertex 169.9 36.0996 0
    endloop
  endfacet
  facet normal 0 0 -1
    outer loop
      vertex 174.519 42.2396 0
      vertex 169.025 46.9004 0
      vertex 170.275 46.9004 0
    endloop
  endfacet
  facet normal 0 0 -1
    outer loop
      vertex 169.025 46.9004 0
      vertex 168.475 46.9004 0
      vertex 169.025 49.0996 0
    endloop
  endfacet
  facet normal 0 0 -1
    outer loop
      vertex 169.9 36.0996 0
      vertex 168.475 46.9004 0
      vertex 169.025 46.9004 0
    endloop
  endfacet
  facet normal 0 0 -1
    outer loop
      vertex 167.7 36.0996 0
      vertex 168.475 46.9004 0
      vertex 169.9 36.0996 0
    endloop
  endfacet
  facet normal -0 0 -1
    outer loop
      vertex 168.475 46.9004 0
      vertex 167.7 36.0996 0
      vertex 166.275 46.9004 0
    endloop
  endfacet
  facet normal 0 0 -1
    outer loop
      vertex 174.519 42.7604 0
      vertex 170.275 46.9004 0
      vertex 174.57 43.0167 0
    endloop
  endfacet
  facet normal 0 0 -1
    outer loop
      vertex 170.275 49.0996 0
      vertex 174.57 43.0167 0
      vertex 170.275 46.9004 0
    endloop
  endfacet
  facet normal 0 0 -1
    outer loop
      vertex 168.1 85.7002 0
      vertex 176.75 95.4004 0
      vertex 170.3 85.7002 0
    endloop
  endfacet
  facet normal 0 0 -1
    outer loop
      vertex 176.75 97.5996 0
      vertex 170.85 108.2 0
      vertex 172.1 108.2 0
    endloop
  endfacet
  facet normal 0 0 -1
    outer loop
      vertex 170.85 110.4 0
      vertex 174.654 114.735 0
      vertex 172.1 110.4 0
    endloop
  endfacet
  facet normal -0 0 -1
    outer loop
      vertex 174.654 114.735 0
      vertex 170.85 110.4 0
      vertex 174.57 114.983 0
    endloop
  endfacet
  facet normal -0 0 -1
    outer loop
      vertex 174.57 114.983 0
      vertex 170.85 110.4 0
      vertex 174.519 115.24 0
    endloop
  endfacet
  facet normal 0 0 -1
    outer loop
      vertex 170.3 110.4 0
      vertex 174.519 115.24 0
      vertex 170.85 110.4 0
    endloop
  endfacet
  facet normal 0 0 -1
    outer loop
      vertex 174.519 115.24 0
      vertex 170.5 122.15 0
      vertex 172.7 122.15 0
    endloop
  endfacet
  facet normal 0 0 -1
    outer loop
      vertex 174.502 42.5 0
      vertex 170.275 46.9004 0
      vertex 174.519 42.7604 0
    endloop
  endfacet
  facet normal 0 0 -1
    outer loop
      vertex 171.575 71.0996 0
      vertex 174.57 43.0167 0
      vertex 171.575 68.9004 0
    endloop
  endfacet
  facet normal 0 0 -1
    outer loop
      vertex 174.57 43.0167 0
      vertex 171.575 71.0996 0
      vertex 172.1 83.5 0
    endloop
  endfacet
  facet normal 0 0 -1
    outer loop
      vertex 171.575 71.0996 0
      vertex 170.85 83.5 0
      vertex 172.1 83.5 0
    endloop
  endfacet
  facet normal 0 0 -1
    outer loop
      vertex 170.3 85.7002 0
      vertex 170.85 85.7002 0
      vertex 170.85 83.5 0
    endloop
  endfacet
  facet normal -0 0 -1
    outer loop
      vertex 176.75 95.4004 0
      vertex 168.1 85.7002 0
      vertex 176.75 97.5996 0
    endloop
  endfacet
  facet normal 0 0 -1
    outer loop
      vertex 170.85 108.2 0
      vertex 170.3 108.2 0
      vertex 170.85 110.4 0
    endloop
  endfacet
  facet normal 0 0 -1
    outer loop
      vertex 170.3 85.7002 0
      vertex 170.85 83.5 0
      vertex 170.3 83.5 0
    endloop
  endfacet
  facet normal 0 0 -1
    outer loop
      vertex 170.3 83.5 0
      vertex 170.85 83.5 0
      vertex 170.325 71.0996 0
    endloop
  endfacet
  facet normal 0 0 -1
    outer loop
      vertex 170.325 71.0996 0
      vertex 170.85 83.5 0
      vertex 171.575 71.0996 0
    endloop
  endfacet
  facet normal 0 0 -1
    outer loop
      vertex 181.5 122.4 0
      vertex 178.481 115.24 0
      vertex 178.498 115.5 0
    endloop
  endfacet
  facet normal 0 0 -1
    outer loop
      vertex 179.5 97.5996 0
      vertex 178.43 114.983 0
      vertex 178.481 115.24 0
    endloop
  endfacet
  facet normal 0 0 -1
    outer loop
      vertex 179.5 97.5996 0
      vertex 178.346 114.735 0
      vertex 178.43 114.983 0
    endloop
  endfacet
  facet normal 0 0 -1
    outer loop
      vertex 179.5 97.5996 0
      vertex 178.23 114.501 0
      vertex 178.346 114.735 0
    endloop
  endfacet
  facet normal 0 0 -1
    outer loop
      vertex 179.5 97.5996 0
      vertex 178.085 114.284 0
      vertex 178.23 114.501 0
    endloop
  endfacet
  facet normal 0 0 -1
    outer loop
      vertex 179.5 97.5996 0
      vertex 177.912 114.088 0
      vertex 178.085 114.284 0
    endloop
  endfacet
  facet normal 0 0 -1
    outer loop
      vertex 179.5 97.5996 0
      vertex 177.716 113.915 0
      vertex 177.912 114.088 0
    endloop
  endfacet
  facet normal 0 0 -1
    outer loop
      vertex 179.5 97.5996 0
      vertex 177.499 113.77 0
      vertex 177.716 113.915 0
    endloop
  endfacet
  facet normal 0 0 -1
    outer loop
      vertex 179.5 97.5996 0
      vertex 177.265 113.654 0
      vertex 177.499 113.77 0
    endloop
  endfacet
  facet normal 0 0 -1
    outer loop
      vertex 172.1 108.2 0
      vertex 177.265 113.654 0
      vertex 179.5 97.5996 0
    endloop
  endfacet
  facet normal 0 0 -1
    outer loop
      vertex 177.265 113.654 0
      vertex 172.1 108.2 0
      vertex 177.017 113.57 0
    endloop
  endfacet
  facet normal 0 0 -1
    outer loop
      vertex 172.1 108.2 0
      vertex 178.95 97.5996 0
      vertex 176.75 97.5996 0
    endloop
  endfacet
  facet normal -0 0 -1
    outer loop
      vertex 178.95 95.4004 0
      vertex 172.1 85.7002 0
      vertex 176.75 95.4004 0
    endloop
  endfacet
  facet normal 0 0 -1
    outer loop
      vertex 170.85 85.7002 0
      vertex 176.75 95.4004 0
      vertex 172.1 85.7002 0
    endloop
  endfacet
  facet normal 0 0 -1
    outer loop
      vertex 172.1 83.5 0
      vertex 176.5 44.4979 0
      vertex 176.24 44.481 0
    endloop
  endfacet
  facet normal 0 0 -1
    outer loop
      vertex 177.017 113.57 0
      vertex 172.1 108.2 0
      vertex 176.76 113.519 0
    endloop
  endfacet
  facet normal 0 0 -1
    outer loop
      vertex 172.1 83.5 0
      vertex 176.24 44.481 0
      vertex 175.983 44.4296 0
    endloop
  endfacet
  facet normal 0 0 -1
    outer loop
      vertex 176.76 113.519 0
      vertex 172.1 108.2 0
      vertex 176.5 113.502 0
    endloop
  endfacet
  facet normal 0 0 -1
    outer loop
      vertex 172.1 83.5 0
      vertex 175.983 44.4296 0
      vertex 175.735 44.3456 0
    endloop
  endfacet
  facet normal 0 0 -1
    outer loop
      vertex 172.1 110.4 0
      vertex 176.5 113.502 0
      vertex 172.1 108.2 0
    endloop
  endfacet
  facet normal 0 0 -1
    outer loop
      vertex 172.1 83.5 0
      vertex 175.735 44.3456 0
      vertex 175.501 44.23 0
    endloop
  endfacet
  facet normal -0 0 -1
    outer loop
      vertex 176.5 113.502 0
      vertex 172.1 110.4 0
      vertex 176.24 113.519 0
    endloop
  endfacet
  facet normal 0 0 -1
    outer loop
      vertex 172.1 83.5 0
      vertex 175.501 44.23 0
      vertex 175.284 44.0848 0
    endloop
  endfacet
  facet normal -0 0 -1
    outer loop
      vertex 176.24 113.519 0
      vertex 172.1 110.4 0
      vertex 175.983 113.57 0
    endloop
  endfacet
  facet normal 0 0 -1
    outer loop
      vertex 172.1 83.5 0
      vertex 175.284 44.0848 0
      vertex 175.088 43.9125 0
    endloop
  endfacet
  facet normal -0 0 -1
    outer loop
      vertex 175.983 113.57 0
      vertex 172.1 110.4 0
      vertex 175.735 113.654 0
    endloop
  endfacet
  facet normal 0 0 -1
    outer loop
      vertex 172.1 83.5 0
      vertex 175.088 43.9125 0
      vertex 174.915 43.7161 0
    endloop
  endfacet
  facet normal -0 0 -1
    outer loop
      vertex 175.735 113.654 0
      vertex 172.1 110.4 0
      vertex 175.501 113.77 0
    endloop
  endfacet
  facet normal 0 0 -1
    outer loop
      vertex 172.1 83.5 0
      vertex 174.915 43.7161 0
      vertex 174.77 43.4987 0
    endloop
  endfacet
  facet normal -0 0 -1
    outer loop
      vertex 175.501 113.77 0
      vertex 172.1 110.4 0
      vertex 175.284 113.915 0
    endloop
  endfacet
  facet normal 0 0 -1
    outer loop
      vertex 172.1 83.5 0
      vertex 174.77 43.4987 0
      vertex 174.654 43.2648 0
    endloop
  endfacet
  facet normal -0 0 -1
    outer loop
      vertex 175.284 113.915 0
      vertex 172.1 110.4 0
      vertex 175.088 114.088 0
    endloop
  endfacet
  facet normal 0 0 -1
    outer loop
      vertex 172.1 83.5 0
      vertex 174.654 43.2648 0
      vertex 174.57 43.0167 0
    endloop
  endfacet
  facet normal -0 0 -1
    outer loop
      vertex 175.088 114.088 0
      vertex 172.1 110.4 0
      vertex 174.915 114.284 0
    endloop
  endfacet
  facet normal -0 0 -1
    outer loop
      vertex 174.57 41.9833 0
      vertex 169.9 36.0996 0
      vertex 174.519 42.2396 0
    endloop
  endfacet
  facet normal 0 0 -1
    outer loop
      vertex 170.3 85.7002 0
      vertex 176.75 95.4004 0
      vertex 170.85 85.7002 0
    endloop
  endfacet
  facet normal 0 0 -1
    outer loop
      vertex 169.9 36.0996 0
      vertex 174.57 41.9833 0
      vertex 170.45 36.0996 0
    endloop
  endfacet
  facet normal -0 0 -1
    outer loop
      vertex 174.915 114.284 0
      vertex 172.1 110.4 0
      vertex 174.77 114.501 0
    endloop
  endfacet
  facet normal 0 0 -1
    outer loop
      vertex 172.1 83.5 0
      vertex 178.95 59.0996 0
      vertex 176.75 59.0996 0
    endloop
  endfacet
  facet normal -0 0 -1
    outer loop
      vertex 180.75 95.4004 0
      vertex 172.1 85.7002 0
      vertex 179.5 95.4004 0
    endloop
  endfacet
  facet normal 0 0 -1
    outer loop
      vertex 172.1 83.5 0
      vertex 180.75 59.0996 0
      vertex 179.5 59.0996 0
    endloop
  endfacet
  facet normal 0 0 -1
    outer loop
      vertex 180.75 59.0996 0
      vertex 172.1 83.5 0
      vertex 180.75 95.4004 0
    endloop
  endfacet
  facet normal 0 0 -1
    outer loop
      vertex 178.346 43.2648 0
      vertex 181.5 46.9004 0
      vertex 178.43 43.0167 0
    endloop
  endfacet
  facet normal 0 0 -1
    outer loop
      vertex 178.23 43.4987 0
      vertex 181.5 46.9004 0
      vertex 178.346 43.2648 0
    endloop
  endfacet
  facet normal 0 0 -1
    outer loop
      vertex 178.085 43.7161 0
      vertex 181.5 46.9004 0
      vertex 178.23 43.4987 0
    endloop
  endfacet
  facet normal 0 0 -1
    outer loop
      vertex 177.912 43.9125 0
      vertex 181.5 46.9004 0
      vertex 178.085 43.7161 0
    endloop
  endfacet
  facet normal 0 0 -1
    outer loop
      vertex 177.716 44.0848 0
      vertex 181.5 46.9004 0
      vertex 177.912 43.9125 0
    endloop
  endfacet
  facet normal 0 0 -1
    outer loop
      vertex 177.499 44.23 0
      vertex 181.5 46.9004 0
      vertex 177.716 44.0848 0
    endloop
  endfacet
  facet normal 0 0 -1
    outer loop
      vertex 177.265 44.3456 0
      vertex 181.5 46.9004 0
      vertex 177.499 44.23 0
    endloop
  endfacet
  facet normal 0 0 -1
    outer loop
      vertex 177.017 44.4296 0
      vertex 181.5 46.9004 0
      vertex 177.265 44.3456 0
    endloop
  endfacet
  facet normal -0 0 -1
    outer loop
      vertex 181.5 46.9004 0
      vertex 177.017 44.4296 0
      vertex 181.5 49.0996 0
    endloop
  endfacet
  facet normal 0 0 -1
    outer loop
      vertex 176.76 44.481 0
      vertex 181.5 49.0996 0
      vertex 177.017 44.4296 0
    endloop
  endfacet
  facet normal 0 0 -1
    outer loop
      vertex 176.5 44.4979 0
      vertex 181.5 49.0996 0
      vertex 176.76 44.481 0
    endloop
  endfacet
  facet normal 0 0 -1
    outer loop
      vertex 181.5 49.0996 0
      vertex 176.75 56.9004 0
      vertex 178.95 56.9004 0
    endloop
  endfacet
  facet normal 0 0 -1
    outer loop
      vertex 172.1 83.5 0
      vertex 176.75 56.9004 0
      vertex 176.5 44.4979 0
    endloop
  endfacet
  facet normal 0 0 -1
    outer loop
      vertex 176.75 56.9004 0
      vertex 172.1 83.5 0
      vertex 176.75 59.0996 0
    endloop
  endfacet
  facet normal -0 0 -1
    outer loop
      vertex 179.5 95.4004 0
      vertex 172.1 85.7002 0
      vertex 178.95 95.4004 0
    endloop
  endfacet
  facet normal -0 0 -1
    outer loop
      vertex 181.5 49.0996 0
      vertex 176.5 44.4979 0
      vertex 176.75 56.9004 0
    endloop
  endfacet
  facet normal 0 0 -1
    outer loop
      vertex 178.481 42.2396 0
      vertex 184.05 36.0996 0
      vertex 183.5 36.0996 0
    endloop
  endfacet
  facet normal 0 0 -1
    outer loop
      vertex 184.05 36.0996 0
      vertex 178.481 42.2396 0
      vertex 183.7 46.9004 0
    endloop
  endfacet
  facet normal 0 0 -1
    outer loop
      vertex 178.481 42.7604 0
      vertex 181.5 46.9004 0
      vertex 178.498 42.5 0
    endloop
  endfacet
  facet normal 0 0 -1
    outer loop
      vertex 181.5 49.0996 0
      vertex 180.75 95.4004 0
      vertex 181.5 122.4 0
    endloop
  endfacet
  facet normal 0 -0 -1
    outer loop
      vertex 178.498 42.5 0
      vertex 183.7 46.9004 0
      vertex 178.481 42.2396 0
    endloop
  endfacet
  facet normal 0 0 -1
    outer loop
      vertex 178.481 42.2396 0
      vertex 183.5 36.0996 0
      vertex 181.3 36.0996 0
    endloop
  endfacet
  facet normal 0 0 -1
    outer loop
      vertex 183.1 85.7002 0
      vertex 185.3 108.2 0
      vertex 185.3 85.7002 0
    endloop
  endfacet
  facet normal -0 0 -1
    outer loop
      vertex 185.3 108.2 0
      vertex 183.1 85.7002 0
      vertex 183.1 108.2 0
    endloop
  endfacet
  facet normal 0 0 -1
    outer loop
      vertex 185.85 108.2 0
      vertex 185.5 122.4 0
      vertex 185.85 110.4 0
    endloop
  endfacet
  facet normal 0 0 -1
    outer loop
      vertex 185.1 71.0996 0
      vertex 185.65 68.9004 0
      vertex 185.1 68.9004 0
    endloop
  endfacet
  facet normal 0 0 -1
    outer loop
      vertex 184.25 49.0996 0
      vertex 185.1 68.9004 0
      vertex 185.5 49.0996 0
    endloop
  endfacet
  facet normal 0 0 -1
    outer loop
      vertex 184.25 46.9004 0
      vertex 183.7 46.9004 0
      vertex 184.25 49.0996 0
    endloop
  endfacet
  facet normal 0 0 -1
    outer loop
      vertex 183.7 49.0996 0
      vertex 184.25 49.0996 0
      vertex 183.7 46.9004 0
    endloop
  endfacet
  facet normal 0 0 -1
    outer loop
      vertex 184.25 49.0996 0
      vertex 183.7 49.0996 0
      vertex 185.1 68.9004 0
    endloop
  endfacet
  facet normal 0 0 -1
    outer loop
      vertex 183.7 49.0996 0
      vertex 182.9 68.9004 0
      vertex 185.1 68.9004 0
    endloop
  endfacet
  facet normal -0 0 -1
    outer loop
      vertex 182.9 68.9004 0
      vertex 181.5 49.0996 0
      vertex 182.9 71.0996 0
    endloop
  endfacet
  facet normal 0 0 -1
    outer loop
      vertex 181.5 49.0996 0
      vertex 182.9 68.9004 0
      vertex 183.7 49.0996 0
    endloop
  endfacet
  facet normal 0 0 -1
    outer loop
      vertex 194.5 30.5 0
      vertex 185.3 36.0996 0
      vertex 185.5 46.9004 0
    endloop
  endfacet
  facet normal 0 0 -1
    outer loop
      vertex 185.3 36.0996 0
      vertex 184.25 46.9004 0
      vertex 185.5 46.9004 0
    endloop
  endfacet
  facet normal 0 0 -1
    outer loop
      vertex 183.7 46.9004 0
      vertex 184.25 46.9004 0
      vertex 184.05 36.0996 0
    endloop
  endfacet
  facet normal 0 0 -1
    outer loop
      vertex 184.05 36.0996 0
      vertex 184.25 46.9004 0
      vertex 185.3 36.0996 0
    endloop
  endfacet
  facet normal 0 0 -1
    outer loop
      vertex 185.3 108.2 0
      vertex 185.85 108.2 0
      vertex 185.3 85.7002 0
    endloop
  endfacet
  facet normal 0 0 -1
    outer loop
      vertex 185.3 110.4 0
      vertex 185.85 108.2 0
      vertex 185.3 108.2 0
    endloop
  endfacet
  facet normal 0 0 -1
    outer loop
      vertex 185.85 108.2 0
      vertex 185.3 110.4 0
      vertex 185.5 122.4 0
    endloop
  endfacet
  facet normal 0 0 -1
    outer loop
      vertex 185.3 110.4 0
      vertex 184.25 122.4 0
      vertex 185.5 122.4 0
    endloop
  endfacet
  facet normal 0 0 -1
    outer loop
      vertex 184.25 122.4 0
      vertex 183.7 122.4 0
      vertex 184.25 124.6 0
    endloop
  endfacet
  facet normal 0 0 -1
    outer loop
      vertex 183.1 110.4 0
      vertex 184.25 122.4 0
      vertex 185.3 110.4 0
    endloop
  endfacet
  facet normal -0 0 -1
    outer loop
      vertex 184.25 122.4 0
      vertex 183.1 110.4 0
      vertex 183.7 122.4 0
    endloop
  endfacet
  facet normal 0 0 -1
    outer loop
      vertex 183.1 85.7002 0
      vertex 181.5 122.4 0
      vertex 183.1 108.2 0
    endloop
  endfacet
  facet normal 0 0 -1
    outer loop
      vertex 183.1 110.4 0
      vertex 181.5 122.4 0
      vertex 183.7 122.4 0
    endloop
  endfacet
  facet normal 0 0 -1
    outer loop
      vertex 183.1 108.2 0
      vertex 181.5 122.4 0
      vertex 183.1 110.4 0
    endloop
  endfacet
  facet normal 0 0 -1
    outer loop
      vertex 185.65 68.9004 0
      vertex 185.1 71.0996 0
      vertex 185.3 83.5 0
    endloop
  endfacet
  facet normal 0 0 -1
    outer loop
      vertex 185.1 71.0996 0
      vertex 183.1 83.5 0
      vertex 185.3 83.5 0
    endloop
  endfacet
  facet normal 0 0 -1
    outer loop
      vertex 182.9 71.0996 0
      vertex 183.1 85.7002 0
      vertex 183.1 83.5 0
    endloop
  endfacet
  facet normal 0 0 -1
    outer loop
      vertex 181.5 49.0996 0
      vertex 183.1 85.7002 0
      vertex 182.9 71.0996 0
    endloop
  endfacet
  facet normal 0 0 -1
    outer loop
      vertex 181.5 122.4 0
      vertex 183.1 85.7002 0
      vertex 181.5 49.0996 0
    endloop
  endfacet
  facet normal 0 0 -1
    outer loop
      vertex 182.9 71.0996 0
      vertex 183.1 83.5 0
      vertex 185.1 71.0996 0
    endloop
  endfacet
  facet normal 0 0 -1
    outer loop
      vertex 185.85 85.7002 0
      vertex 187.1 108.2 0
      vertex 187.1 85.7002 0
    endloop
  endfacet
  facet normal -0 0 -1
    outer loop
      vertex 187.1 108.2 0
      vertex 185.85 85.7002 0
      vertex 185.85 108.2 0
    endloop
  endfacet
  facet normal 0 0 -1
    outer loop
      vertex 193.5 29.5 0
      vertex 194.5 30.5 0
      vertex 194.424 30.1173 0
    endloop
  endfacet
  facet normal 0 0 -1
    outer loop
      vertex 194.5 30.5 0
      vertex 187.1 83.5 0
      vertex 194.5 130.5 0
    endloop
  endfacet
  facet normal 0 0 -1
    outer loop
      vertex 193.5 29.5 0
      vertex 194.424 30.1173 0
      vertex 194.207 29.7929 0
    endloop
  endfacet
  facet normal 0 0 -1
    outer loop
      vertex 187.1 85.7002 0
      vertex 194.5 130.5 0
      vertex 187.1 83.5 0
    endloop
  endfacet
  facet normal 0 0 -1
    outer loop
      vertex 193.5 29.5 0
      vertex 194.207 29.7929 0
      vertex 193.883 29.5761 0
    endloop
  endfacet
  facet normal 0 0 -1
    outer loop
      vertex 187.1 108.2 0
      vertex 194.5 130.5 0
      vertex 187.1 85.7002 0
    endloop
  endfacet
  facet normal -0 0 -1
    outer loop
      vertex 194.5 30.5 0
      vertex 193.5 29.5 0
      vertex 185.3 33.9004 0
    endloop
  endfacet
  facet normal 0 0 -1
    outer loop
      vertex 187.1 110.4 0
      vertex 194.5 130.5 0
      vertex 187.1 108.2 0
    endloop
  endfacet
  facet normal 0 0 -1
    outer loop
      vertex 185.5 122.4 0
      vertex 194.5 130.5 0
      vertex 187.1 110.4 0
    endloop
  endfacet
  facet normal 0 0 -1
    outer loop
      vertex 194.5 30.5 0
      vertex 186.9 68.9004 0
      vertex 186.9 71.0996 0
    endloop
  endfacet
  facet normal 0 0 -1
    outer loop
      vertex 194.5 30.5 0
      vertex 185.5 49.0996 0
      vertex 186.9 68.9004 0
    endloop
  endfacet
  facet normal -0 0 -1
    outer loop
      vertex 186.9 68.9004 0
      vertex 185.5 49.0996 0
      vertex 185.65 68.9004 0
    endloop
  endfacet
  facet normal 0 0 -1
    outer loop
      vertex 194.5 30.5 0
      vertex 185.5 46.9004 0
      vertex 185.5 49.0996 0
    endloop
  endfacet
  facet normal 0 0 -1
    outer loop
      vertex 185.3 36.0996 0
      vertex 194.5 30.5 0
      vertex 185.3 33.9004 0
    endloop
  endfacet
  facet normal 0 0 -1
    outer loop
      vertex 193.5 29.5 0
      vertex 184.05 33.9004 0
      vertex 185.3 33.9004 0
    endloop
  endfacet
  facet normal 0 0 -1
    outer loop
      vertex 183.5 33.9004 0
      vertex 184.05 36.0996 0
      vertex 184.05 33.9004 0
    endloop
  endfacet
  facet normal 0 0 -1
    outer loop
      vertex 183.5 36.0996 0
      vertex 184.05 36.0996 0
      vertex 183.5 33.9004 0
    endloop
  endfacet
  facet normal 0 0 -1
    outer loop
      vertex 193.5 29.5 0
      vertex 183.5 33.9004 0
      vertex 184.05 33.9004 0
    endloop
  endfacet
  facet normal 0 0 -1
    outer loop
      vertex 193.5 29.5 0
      vertex 181.3 33.9004 0
      vertex 183.5 33.9004 0
    endloop
  endfacet
  facet normal 0 0 -1
    outer loop
      vertex 171.7 33.9004 0
      vertex 181.3 36.0996 0
      vertex 181.3 33.9004 0
    endloop
  endfacet
  facet normal 0 0 -1
    outer loop
      vertex 178.43 43.0167 0
      vertex 181.5 46.9004 0
      vertex 178.481 42.7604 0
    endloop
  endfacet
  facet normal 0 0 -1
    outer loop
      vertex 178.95 59.0996 0
      vertex 179.5 59.0996 0
      vertex 179.5 56.9004 0
    endloop
  endfacet
  facet normal 0 0 -1
    outer loop
      vertex 172.1 83.5 0
      vertex 179.5 59.0996 0
      vertex 178.95 59.0996 0
    endloop
  endfacet
  facet normal 0 0 -1
    outer loop
      vertex 178.95 59.0996 0
      vertex 179.5 56.9004 0
      vertex 178.95 56.9004 0
    endloop
  endfacet
  facet normal 0 0 -1
    outer loop
      vertex 181.5 49.0996 0
      vertex 179.5 56.9004 0
      vertex 180.75 56.9004 0
    endloop
  endfacet
  facet normal 0 0 -1
    outer loop
      vertex 181.5 49.0996 0
      vertex 178.95 56.9004 0
      vertex 179.5 56.9004 0
    endloop
  endfacet
  facet normal -0 0 -1
    outer loop
      vertex 183.7 46.9004 0
      vertex 178.498 42.5 0
      vertex 181.5 46.9004 0
    endloop
  endfacet
  facet normal 0 0 -1
    outer loop
      vertex 181.3 36.0996 0
      vertex 178.43 41.9833 0
      vertex 178.481 42.2396 0
    endloop
  endfacet
  facet normal 0 0 -1
    outer loop
      vertex 181.3 36.0996 0
      vertex 178.346 41.7352 0
      vertex 178.43 41.9833 0
    endloop
  endfacet
  facet normal 0 0 -1
    outer loop
      vertex 181.3 36.0996 0
      vertex 178.23 41.5013 0
      vertex 178.346 41.7352 0
    endloop
  endfacet
  facet normal 0 0 -1
    outer loop
      vertex 181.3 36.0996 0
      vertex 178.085 41.2839 0
      vertex 178.23 41.5013 0
    endloop
  endfacet
  facet normal 0 0 -1
    outer loop
      vertex 181.3 36.0996 0
      vertex 177.912 41.0875 0
      vertex 178.085 41.2839 0
    endloop
  endfacet
  facet normal 0 0 -1
    outer loop
      vertex 181.3 36.0996 0
      vertex 177.716 40.9152 0
      vertex 177.912 41.0875 0
    endloop
  endfacet
  facet normal 0 0 -1
    outer loop
      vertex 181.3 36.0996 0
      vertex 177.499 40.77 0
      vertex 177.716 40.9152 0
    endloop
  endfacet
  facet normal 0 0 -1
    outer loop
      vertex 181.3 36.0996 0
      vertex 177.265 40.6544 0
      vertex 177.499 40.77 0
    endloop
  endfacet
  facet normal 0 0 -1
    outer loop
      vertex 181.3 36.0996 0
      vertex 177.017 40.5704 0
      vertex 177.265 40.6544 0
    endloop
  endfacet
  facet normal 0 0 -1
    outer loop
      vertex 181.3 36.0996 0
      vertex 176.76 40.519 0
      vertex 177.017 40.5704 0
    endloop
  endfacet
  facet normal 0 0 -1
    outer loop
      vertex 181.3 36.0996 0
      vertex 176.5 40.5021 0
      vertex 176.76 40.519 0
    endloop
  endfacet
  facet normal 0 0 -1
    outer loop
      vertex 171.7 36.0996 0
      vertex 181.3 36.0996 0
      vertex 171.7 33.9004 0
    endloop
  endfacet
  facet normal 0 0 -1
    outer loop
      vertex 181.3 36.0996 0
      vertex 171.7 36.0996 0
      vertex 176.5 40.5021 0
    endloop
  endfacet
  facet normal -0 0 -1
    outer loop
      vertex 176.5 40.5021 0
      vertex 171.7 36.0996 0
      vertex 176.24 40.519 0
    endloop
  endfacet
  facet normal -0 0 -1
    outer loop
      vertex 176.24 40.519 0
      vertex 171.7 36.0996 0
      vertex 175.983 40.5704 0
    endloop
  endfacet
  facet normal -0 0 -1
    outer loop
      vertex 175.983 40.5704 0
      vertex 171.7 36.0996 0
      vertex 175.735 40.6544 0
    endloop
  endfacet
  facet normal -0 0 -1
    outer loop
      vertex 175.735 40.6544 0
      vertex 171.7 36.0996 0
      vertex 175.501 40.77 0
    endloop
  endfacet
  facet normal -0 0 -1
    outer loop
      vertex 175.501 40.77 0
      vertex 171.7 36.0996 0
      vertex 175.284 40.9152 0
    endloop
  endfacet
  facet normal -0 0 -1
    outer loop
      vertex 174.77 114.501 0
      vertex 172.1 110.4 0
      vertex 174.654 114.735 0
    endloop
  endfacet
  facet normal 0 0 -1
    outer loop
      vertex 174.519 115.24 0
      vertex 172.7 122.15 0
      vertex 174.502 115.5 0
    endloop
  endfacet
  facet normal 0 0 -1
    outer loop
      vertex 173.25 122.15 0
      vertex 172.7 122.15 0
      vertex 173.25 124.35 0
    endloop
  endfacet
  facet normal 0 0 -1
    outer loop
      vertex 174.502 115.5 0
      vertex 173.25 122.15 0
      vertex 174.5 122.15 0
    endloop
  endfacet
  facet normal 0 0 -1
    outer loop
      vertex 174.502 115.5 0
      vertex 172.7 122.15 0
      vertex 173.25 122.15 0
    endloop
  endfacet
  facet normal 0 0 -1
    outer loop
      vertex 174.519 42.2396 0
      vertex 170.275 46.9004 0
      vertex 174.502 42.5 0
    endloop
  endfacet
  facet normal -0 0 -1
    outer loop
      vertex 174.654 41.7352 0
      vertex 170.45 36.0996 0
      vertex 174.57 41.9833 0
    endloop
  endfacet
  facet normal 0 0 -1
    outer loop
      vertex 170.45 36.0996 0
      vertex 174.654 41.7352 0
      vertex 171.7 36.0996 0
    endloop
  endfacet
  facet normal -0 0 -1
    outer loop
      vertex 174.77 41.5013 0
      vertex 171.7 36.0996 0
      vertex 174.654 41.7352 0
    endloop
  endfacet
  facet normal -0 0 -1
    outer loop
      vertex 174.915 41.2839 0
      vertex 171.7 36.0996 0
      vertex 174.77 41.5013 0
    endloop
  endfacet
  facet normal -0 0 -1
    outer loop
      vertex 175.088 41.0875 0
      vertex 171.7 36.0996 0
      vertex 174.915 41.2839 0
    endloop
  endfacet
  facet normal -0 0 -1
    outer loop
      vertex 175.284 40.9152 0
      vertex 171.7 36.0996 0
      vertex 175.088 41.0875 0
    endloop
  endfacet
  facet normal 0 0 -1
    outer loop
      vertex 193.5 29.5 0
      vertex 171.7 33.9004 0
      vertex 181.3 33.9004 0
    endloop
  endfacet
  facet normal 0 0 -1
    outer loop
      vertex 193.5 29.5 0
      vertex 170.45 33.9004 0
      vertex 171.7 33.9004 0
    endloop
  endfacet
  facet normal 0 0 -1
    outer loop
      vertex 169.9 33.9004 0
      vertex 170.45 36.0996 0
      vertex 170.45 33.9004 0
    endloop
  endfacet
  facet normal 0 0 -1
    outer loop
      vertex 170.325 68.9004 0
      vertex 170.3 83.5 0
      vertex 170.325 71.0996 0
    endloop
  endfacet
  facet normal 0 0 -1
    outer loop
      vertex 163.25 59.0996 0
      vertex 171.575 68.9004 0
      vertex 170.275 49.0996 0
    endloop
  endfacet
  facet normal 0 0 -1
    outer loop
      vertex 174.57 43.0167 0
      vertex 170.275 49.0996 0
      vertex 171.575 68.9004 0
    endloop
  endfacet
  facet normal 0 0 -1
    outer loop
      vertex 169.9 36.0996 0
      vertex 170.45 36.0996 0
      vertex 169.9 33.9004 0
    endloop
  endfacet
  facet normal 0 0 -1
    outer loop
      vertex 193.5 29.5 0
      vertex 169.9 33.9004 0
      vertex 170.45 33.9004 0
    endloop
  endfacet
  facet normal 0 0 -1
    outer loop
      vertex 193.5 29.5 0
      vertex 167.7 33.9004 0
      vertex 169.9 33.9004 0
    endloop
  endfacet
  facet normal 0 0 -1
    outer loop
      vertex 158.1 33.9004 0
      vertex 167.7 36.0996 0
      vertex 167.7 33.9004 0
    endloop
  endfacet
  facet normal 0 0 -1
    outer loop
      vertex 156.5 46.9004 0
      vertex 166.275 49.0996 0
      vertex 166.275 46.9004 0
    endloop
  endfacet
  facet normal -0 0 -1
    outer loop
      vertex 166.7 124.55 0
      vertex 164.1 122.25 0
      vertex 165.2 124.55 0
    endloop
  endfacet
  facet normal 0 0 -1
    outer loop
      vertex 164.1 122.25 0
      vertex 166.7 124.55 0
      vertex 164.1 118.75 0
    endloop
  endfacet
  facet normal 0 0 -1
    outer loop
      vertex 167.575 71.0996 0
      vertex 164.1 118.75 0
      vertex 166.7 124.55 0
    endloop
  endfacet
  facet normal 0 0 -1
    outer loop
      vertex 158.1 36.0996 0
      vertex 167.7 36.0996 0
      vertex 158.1 33.9004 0
    endloop
  endfacet
  facet normal 0 0 -1
    outer loop
      vertex 167.7 36.0996 0
      vertex 158.1 36.0996 0
      vertex 166.275 46.9004 0
    endloop
  endfacet
  facet normal 0 0 -1
    outer loop
      vertex 161.45 56.9004 0
      vertex 162 59.0996 0
      vertex 162 56.9004 0
    endloop
  endfacet
  facet normal 0 0 -1
    outer loop
      vertex 161.45 59.0996 0
      vertex 162 59.0996 0
      vertex 161.45 56.9004 0
    endloop
  endfacet
  facet normal 0 0 -1
    outer loop
      vertex 162 59.0996 0
      vertex 157.5 69.4004 0
      vertex 167.575 68.9004 0
    endloop
  endfacet
  facet normal 0 0 -1
    outer loop
      vertex 166.275 49.0996 0
      vertex 162 56.9004 0
      vertex 163.25 56.9004 0
    endloop
  endfacet
  facet normal 0 0 -1
    outer loop
      vertex 166.275 49.0996 0
      vertex 161.45 56.9004 0
      vertex 162 56.9004 0
    endloop
  endfacet
  facet normal 0 0 -1
    outer loop
      vertex 158.1 36.0996 0
      vertex 156.5 46.9004 0
      vertex 166.275 46.9004 0
    endloop
  endfacet
  facet normal 0 0 -1
    outer loop
      vertex 167.575 71.0996 0
      vertex 158.2 85.7002 0
      vertex 161.45 95.4004 0
    endloop
  endfacet
  facet normal -0 0 -1
    outer loop
      vertex 161.45 95.4004 0
      vertex 158.2 85.7002 0
      vertex 159.25 95.4004 0
    endloop
  endfacet
  facet normal 0 0 -1
    outer loop
      vertex 156.4 85.7002 0
      vertex 159.25 95.4004 0
      vertex 156.95 85.7002 0
    endloop
  endfacet
  facet normal 0 0 -1
    outer loop
      vertex 156.95 85.7002 0
      vertex 159.25 95.4004 0
      vertex 158.2 85.7002 0
    endloop
  endfacet
  facet normal 0 0 -1
    outer loop
      vertex 156.5 46.9004 0
      vertex 158.1 36.0996 0
      vertex 156.85 36.0996 0
    endloop
  endfacet
  facet normal 0 0 -1
    outer loop
      vertex 156.5 49.0996 0
      vertex 166.275 49.0996 0
      vertex 156.5 46.9004 0
    endloop
  endfacet
  facet normal 0 0 -1
    outer loop
      vertex 193.5 29.5 0
      vertex 158.1 33.9004 0
      vertex 167.7 33.9004 0
    endloop
  endfacet
  facet normal 0 0 -1
    outer loop
      vertex 193.5 29.5 0
      vertex 156.85 33.9004 0
      vertex 158.1 33.9004 0
    endloop
  endfacet
  facet normal 0 0 -1
    outer loop
      vertex 156.3 33.9004 0
      vertex 156.85 36.0996 0
      vertex 156.85 33.9004 0
    endloop
  endfacet
  facet normal 0 0 -1
    outer loop
      vertex 156.3 36.0996 0
      vertex 156.85 36.0996 0
      vertex 156.3 33.9004 0
    endloop
  endfacet
  facet normal 0 0 -1
    outer loop
      vertex 193.5 29.5 0
      vertex 156.3 33.9004 0
      vertex 156.85 33.9004 0
    endloop
  endfacet
  facet normal 0 0 -1
    outer loop
      vertex 193.5 29.5 0
      vertex 154.1 33.9004 0
      vertex 156.3 33.9004 0
    endloop
  endfacet
  facet normal 0 0 -1
    outer loop
      vertex 144.5 36.0996 0
      vertex 154.1 36.0996 0
      vertex 154.1 33.9004 0
    endloop
  endfacet
  facet normal 0 0 -1
    outer loop
      vertex 143.625 46.9004 0
      vertex 152.5 46.9004 0
      vertex 144.5 36.0996 0
    endloop
  endfacet
  facet normal 0 0 -1
    outer loop
      vertex 152.5 46.9004 0
      vertex 143.625 46.9004 0
      vertex 152.5 49.0996 0
    endloop
  endfacet
  facet normal 0 0 -1
    outer loop
      vertex 154.1 36.0996 0
      vertex 144.5 36.0996 0
      vertex 152.5 46.9004 0
    endloop
  endfacet
  facet normal 0 0 -1
    outer loop
      vertex 144.5 36.0996 0
      vertex 154.1 33.9004 0
      vertex 144.5 33.9004 0
    endloop
  endfacet
  facet normal 0 0 -1
    outer loop
      vertex 193.5 29.5 0
      vertex 144.5 33.9004 0
      vertex 154.1 33.9004 0
    endloop
  endfacet
  facet normal 0 0 -1
    outer loop
      vertex 193.5 29.5 0
      vertex 143.25 33.9004 0
      vertex 144.5 33.9004 0
    endloop
  endfacet
  facet normal 0 0 -1
    outer loop
      vertex 143.25 33.9004 0
      vertex 142.7 33.9004 0
      vertex 143.25 36.0996 0
    endloop
  endfacet
  facet normal 0 0 -1
    outer loop
      vertex 193.5 29.5 0
      vertex 142.7 33.9004 0
      vertex 143.25 33.9004 0
    endloop
  endfacet
  facet normal 0 0 -1
    outer loop
      vertex 193.5 29.5 0
      vertex 140.5 33.9004 0
      vertex 142.7 33.9004 0
    endloop
  endfacet
  facet normal 0 0 -1
    outer loop
      vertex 130.9 36.0996 0
      vertex 140.5 36.0996 0
      vertex 140.5 33.9004 0
    endloop
  endfacet
  facet normal 0 0 -1
    outer loop
      vertex 130 46.9004 0
      vertex 139.625 49.0996 0
      vertex 139.625 46.9004 0
    endloop
  endfacet
  facet normal 0 0 -1
    outer loop
      vertex 140.5 36.0996 0
      vertex 130.9 36.0996 0
      vertex 139.625 46.9004 0
    endloop
  endfacet
  facet normal 0 0 -1
    outer loop
      vertex 130 46.9004 0
      vertex 139.625 46.9004 0
      vertex 130.9 36.0996 0
    endloop
  endfacet
  facet normal 0 0 -1
    outer loop
      vertex 136.45 58.8496 0
      vertex 137 58.8496 0
      vertex 137 56.6504 0
    endloop
  endfacet
  facet normal 0 0 -1
    outer loop
      vertex 137 58.8496 0
      vertex 136.45 58.8496 0
      vertex 137 94.9004 0
    endloop
  endfacet
  facet normal 0 0 -1
    outer loop
      vertex 136.45 58.8496 0
      vertex 137 56.6504 0
      vertex 136.45 56.6504 0
    endloop
  endfacet
  facet normal 0 0 -1
    outer loop
      vertex 139.625 49.0996 0
      vertex 137 56.6504 0
      vertex 138.25 56.6504 0
    endloop
  endfacet
  facet normal 0 0 -1
    outer loop
      vertex 139.625 49.0996 0
      vertex 136.45 56.6504 0
      vertex 137 56.6504 0
    endloop
  endfacet
  facet normal 0 0 -1
    outer loop
      vertex 139.625 49.0996 0
      vertex 130 49.0996 0
      vertex 134.25 56.6504 0
    endloop
  endfacet
  facet normal 0 0 -1
    outer loop
      vertex 130.4 83.5 0
      vertex 136.45 94.9004 0
      vertex 130.4 71.0996 0
    endloop
  endfacet
  facet normal 0 0 -1
    outer loop
      vertex 139.625 49.0996 0
      vertex 134.25 56.6504 0
      vertex 136.45 56.6504 0
    endloop
  endfacet
  facet normal 0 0 -1
    outer loop
      vertex 130.9 36.0996 0
      vertex 140.5 33.9004 0
      vertex 130.9 33.9004 0
    endloop
  endfacet
  facet normal 0 0 -1
    outer loop
      vertex 93.5 29.5 0
      vertex 140.5 33.9004 0
      vertex 193.5 29.5 0
    endloop
  endfacet
  facet normal -0 0 -1
    outer loop
      vertex 140.5 33.9004 0
      vertex 93.5 29.5 0
      vertex 130.9 33.9004 0
    endloop
  endfacet
  facet normal 0 0 -1
    outer loop
      vertex 129.65 33.9004 0
      vertex 129.1 33.9004 0
      vertex 129.65 36.0996 0
    endloop
  endfacet
  facet normal -0 0 -1
    outer loop
      vertex 130.9 33.9004 0
      vertex 93.5 29.5 0
      vertex 129.65 33.9004 0
    endloop
  endfacet
  facet normal -0 0 -1
    outer loop
      vertex 129.65 33.9004 0
      vertex 93.5 29.5 0
      vertex 129.1 33.9004 0
    endloop
  endfacet
  facet normal 0 0 -1
    outer loop
      vertex 115.9 33.9004 0
      vertex 126.9 36.0996 0
      vertex 126.9 33.9004 0
    endloop
  endfacet
  facet normal 0 0 -1
    outer loop
      vertex 115 46.9004 0
      vertex 126 49.0996 0
      vertex 126 46.9004 0
    endloop
  endfacet
  facet normal 0 0 -1
    outer loop
      vertex 115.9 36.0996 0
      vertex 126.9 36.0996 0
      vertex 115.9 33.9004 0
    endloop
  endfacet
  facet normal 0 0 -1
    outer loop
      vertex 121.75 58.8496 0
      vertex 126 49.0996 0
      vertex 121.75 56.6504 0
    endloop
  endfacet
  facet normal 0 0 -1
    outer loop
      vertex 126.9 36.0996 0
      vertex 115.9 36.0996 0
      vertex 126 46.9004 0
    endloop
  endfacet
  facet normal 0 0 -1
    outer loop
      vertex 120.5 56.6504 0
      vertex 119.95 56.6504 0
      vertex 120.5 58.8496 0
    endloop
  endfacet
  facet normal 0 0 -1
    outer loop
      vertex 126 49.0996 0
      vertex 120.5 56.6504 0
      vertex 121.75 56.6504 0
    endloop
  endfacet
  facet normal 0 0 -1
    outer loop
      vertex 115 49.0996 0
      vertex 120.5 56.6504 0
      vertex 126 49.0996 0
    endloop
  endfacet
  facet normal -0 0 -1
    outer loop
      vertex 120.5 56.6504 0
      vertex 115 49.0996 0
      vertex 119.95 56.6504 0
    endloop
  endfacet
  facet normal -0 0 -1
    outer loop
      vertex 120.7 94.9004 0
      vertex 116 85.5996 0
      vertex 118.5 94.9004 0
    endloop
  endfacet
  facet normal 0 0 -1
    outer loop
      vertex 115 46.9004 0
      vertex 126 46.9004 0
      vertex 115.9 36.0996 0
    endloop
  endfacet
  facet normal 0 0 -1
    outer loop
      vertex 115 49.0996 0
      vertex 126 49.0996 0
      vertex 115 46.9004 0
    endloop
  endfacet
  facet normal -0 0 -1
    outer loop
      vertex 129.1 33.9004 0
      vertex 93.5 29.5 0
      vertex 126.9 33.9004 0
    endloop
  endfacet
  facet normal -0 0 -1
    outer loop
      vertex 126.9 33.9004 0
      vertex 93.5 29.5 0
      vertex 115.9 33.9004 0
    endloop
  endfacet
  facet normal 0 0 -1
    outer loop
      vertex 114.65 33.9004 0
      vertex 114.1 33.9004 0
      vertex 114.65 36.0996 0
    endloop
  endfacet
  facet normal -0 0 -1
    outer loop
      vertex 115.9 33.9004 0
      vertex 93.5 29.5 0
      vertex 114.65 33.9004 0
    endloop
  endfacet
  facet normal -0 0 -1
    outer loop
      vertex 114.65 33.9004 0
      vertex 93.5 29.5 0
      vertex 114.1 33.9004 0
    endloop
  endfacet
  facet normal 0 0 -1
    outer loop
      vertex 105.4 36.0996 0
      vertex 111.9 36.0996 0
      vertex 111.9 33.9004 0
    endloop
  endfacet
  facet normal -0 0 -1
    outer loop
      vertex 113.75 46.9004 0
      vertex 110.43 43.0167 0
      vertex 113.2 46.9004 0
    endloop
  endfacet
  facet normal 0 0 -1
    outer loop
      vertex 110.43 43.0167 0
      vertex 113.75 46.9004 0
      vertex 110.481 42.7604 0
    endloop
  endfacet
  facet normal -0 0 -1
    outer loop
      vertex 115 46.9004 0
      vertex 110.481 42.7604 0
      vertex 113.75 46.9004 0
    endloop
  endfacet
  facet normal 0 0 -1
    outer loop
      vertex 115.9 36.0996 0
      vertex 110.43 41.9833 0
      vertex 110.481 42.2396 0
    endloop
  endfacet
  facet normal 0 0 -1
    outer loop
      vertex 114.65 36.0996 0
      vertex 110.346 41.7352 0
      vertex 110.43 41.9833 0
    endloop
  endfacet
  facet normal 0 0 -1
    outer loop
      vertex 114.1 36.0996 0
      vertex 110.23 41.5013 0
      vertex 110.346 41.7352 0
    endloop
  endfacet
  facet normal 0 0 -1
    outer loop
      vertex 114.1 36.0996 0
      vertex 110.085 41.2839 0
      vertex 110.23 41.5013 0
    endloop
  endfacet
  facet normal 0 0 -1
    outer loop
      vertex 111.9 36.0996 0
      vertex 109.912 41.0875 0
      vertex 110.085 41.2839 0
    endloop
  endfacet
  facet normal 0 0 -1
    outer loop
      vertex 111.9 36.0996 0
      vertex 109.716 40.9152 0
      vertex 109.912 41.0875 0
    endloop
  endfacet
  facet normal 0 0 -1
    outer loop
      vertex 111.9 36.0996 0
      vertex 109.499 40.77 0
      vertex 109.716 40.9152 0
    endloop
  endfacet
  facet normal 0 0 -1
    outer loop
      vertex 111.9 36.0996 0
      vertex 109.265 40.6544 0
      vertex 109.499 40.77 0
    endloop
  endfacet
  facet normal 0 0 -1
    outer loop
      vertex 111.9 36.0996 0
      vertex 109.017 40.5704 0
      vertex 109.265 40.6544 0
    endloop
  endfacet
  facet normal 0 0 -1
    outer loop
      vertex 111.9 36.0996 0
      vertex 108.76 40.519 0
      vertex 109.017 40.5704 0
    endloop
  endfacet
  facet normal 0 -0 -1
    outer loop
      vertex 108.5 40.5021 0
      vertex 111.9 36.0996 0
      vertex 105.4 36.0996 0
    endloop
  endfacet
  facet normal 0 0 -1
    outer loop
      vertex 111.9 36.0996 0
      vertex 108.5 40.5021 0
      vertex 108.76 40.519 0
    endloop
  endfacet
  facet normal -0 0 -1
    outer loop
      vertex 108.5 40.5021 0
      vertex 105.4 36.0996 0
      vertex 108.24 40.519 0
    endloop
  endfacet
  facet normal -0 0 -1
    outer loop
      vertex 108.24 40.519 0
      vertex 105.4 36.0996 0
      vertex 107.983 40.5704 0
    endloop
  endfacet
  facet normal -0 0 -1
    outer loop
      vertex 107.983 40.5704 0
      vertex 105.4 36.0996 0
      vertex 107.735 40.6544 0
    endloop
  endfacet
  facet normal -0 0 -1
    outer loop
      vertex 107.735 40.6544 0
      vertex 105.4 36.0996 0
      vertex 107.501 40.77 0
    endloop
  endfacet
  facet normal -0 0 -1
    outer loop
      vertex 107.501 40.77 0
      vertex 105.4 36.0996 0
      vertex 107.284 40.9152 0
    endloop
  endfacet
  facet normal -0 0 -1
    outer loop
      vertex 107.284 40.9152 0
      vertex 105.4 36.0996 0
      vertex 107.088 41.0875 0
    endloop
  endfacet
  facet normal 0 0 -1
    outer loop
      vertex 101.4 36.0996 0
      vertex 106.654 41.7352 0
      vertex 103.6 36.0996 0
    endloop
  endfacet
  facet normal -0 0 -1
    outer loop
      vertex 106.77 41.5013 0
      vertex 103.6 36.0996 0
      vertex 106.654 41.7352 0
    endloop
  endfacet
  facet normal 0 0 -1
    outer loop
      vertex 103.6 36.0996 0
      vertex 106.77 41.5013 0
      vertex 104.15 36.0996 0
    endloop
  endfacet
  facet normal -0 0 -1
    outer loop
      vertex 106.915 41.2839 0
      vertex 104.15 36.0996 0
      vertex 106.77 41.5013 0
    endloop
  endfacet
  facet normal -0 0 -1
    outer loop
      vertex 107.088 41.0875 0
      vertex 104.15 36.0996 0
      vertex 106.915 41.2839 0
    endloop
  endfacet
  facet normal 0 0 -1
    outer loop
      vertex 104.15 36.0996 0
      vertex 107.088 41.0875 0
      vertex 105.4 36.0996 0
    endloop
  endfacet
  facet normal 0 0 -1
    outer loop
      vertex 105.4 36.0996 0
      vertex 111.9 33.9004 0
      vertex 105.4 33.9004 0
    endloop
  endfacet
  facet normal -0 0 -1
    outer loop
      vertex 114.1 33.9004 0
      vertex 93.5 29.5 0
      vertex 111.9 33.9004 0
    endloop
  endfacet
  facet normal -0 0 -1
    outer loop
      vertex 111.9 33.9004 0
      vertex 93.5 29.5 0
      vertex 105.4 33.9004 0
    endloop
  endfacet
  facet normal 0 0 -1
    outer loop
      vertex 103.6 36.0996 0
      vertex 104.15 36.0996 0
      vertex 104.15 33.9004 0
    endloop
  endfacet
  facet normal 0 0 -1
    outer loop
      vertex 106.519 42.2396 0
      vertex 101.525 45.875 0
      vertex 106.502 42.5 0
    endloop
  endfacet
  facet normal 0 0 -1
    outer loop
      vertex 104.15 48.7334 0
      vertex 103.6 48.7334 0
      vertex 104.15 50.9336 0
    endloop
  endfacet
  facet normal 0 0 -1
    outer loop
      vertex 101.452 57.2979 0
      vertex 104.15 50.9336 0
      vertex 103.6 50.9336 0
    endloop
  endfacet
  facet normal 0 0 -1
    outer loop
      vertex 101.525 58.7246 0
      vertex 105.4 63.5664 0
      vertex 101.525 57.4746 0
    endloop
  endfacet
  facet normal 0 0 -1
    outer loop
      vertex 103.6 65.7666 0
      vertex 104.15 65.7666 0
      vertex 103.6 63.5664 0
    endloop
  endfacet
  facet normal 0 0 -1
    outer loop
      vertex 101.506 68.9795 0
      vertex 104.15 65.7666 0
      vertex 103.6 65.7666 0
    endloop
  endfacet
  facet normal 0 0 -1
    outer loop
      vertex 101.506 70.4209 0
      vertex 105.4 65.7666 0
      vertex 101.525 70.3252 0
    endloop
  endfacet
  facet normal 0 0 -1
    outer loop
      vertex 104.15 78.4004 0
      vertex 103.6 78.4004 0
      vertex 104.15 80.5996 0
    endloop
  endfacet
  facet normal 0 0 -1
    outer loop
      vertex 103.6 80.5996 0
      vertex 104.15 80.5996 0
      vertex 103.6 78.4004 0
    endloop
  endfacet
  facet normal 0 0 -1
    outer loop
      vertex 101.525 82.875 0
      vertex 104.15 80.5996 0
      vertex 103.6 80.5996 0
    endloop
  endfacet
  facet normal 0 0 -1
    outer loop
      vertex 101.506 84.2207 0
      vertex 105.4 80.5996 0
      vertex 101.525 84.125 0
    endloop
  endfacet
  facet normal 0 0 -1
    outer loop
      vertex 103.6 36.0996 0
      vertex 104.15 33.9004 0
      vertex 103.6 33.9004 0
    endloop
  endfacet
  facet normal -0 0 -1
    outer loop
      vertex 105.4 33.9004 0
      vertex 93.5 29.5 0
      vertex 104.15 33.9004 0
    endloop
  endfacet
  facet normal -0 0 -1
    outer loop
      vertex 104.15 33.9004 0
      vertex 93.5 29.5 0
      vertex 103.6 33.9004 0
    endloop
  endfacet
  facet normal 0 0 -1
    outer loop
      vertex 92.5 30.5 0
      vertex 101.4 36.0996 0
      vertex 101.4 33.9004 0
    endloop
  endfacet
  facet normal 0 0 -1
    outer loop
      vertex 106.57 41.9833 0
      vertex 101.275 45.625 0
      vertex 101.371 45.6436 0
    endloop
  endfacet
  facet normal 0 0 -1
    outer loop
      vertex 101.4 36.0996 0
      vertex 100.65 45.625 0
      vertex 101.275 45.625 0
    endloop
  endfacet
  facet normal 0 0 -1
    outer loop
      vertex 101.4 36.0996 0
      vertex 100.555 45.6436 0
      vertex 100.65 45.625 0
    endloop
  endfacet
  facet normal 0 0 -1
    outer loop
      vertex 101.4 36.0996 0
      vertex 98.4453 45.6436 0
      vertex 100.555 45.6436 0
    endloop
  endfacet
  facet normal 0 0 -1
    outer loop
      vertex 100.555 45.6436 0
      vertex 98.4453 45.6436 0
      vertex 100.474 45.6982 0
    endloop
  endfacet
  facet normal 0 -0 -1
    outer loop
      vertex 98.5264 45.6982 0
      vertex 100.474 45.6982 0
      vertex 98.4453 45.6436 0
    endloop
  endfacet
  facet normal 0 0 -1
    outer loop
      vertex 98.5996 45.875 0
      vertex 100.4 47.125 0
      vertex 100.4 45.875 0
    endloop
  endfacet
  facet normal 0 0 -1
    outer loop
      vertex 98.4453 47.3564 0
      vertex 100.555 47.3564 0
      vertex 98.5264 47.3018 0
    endloop
  endfacet
  facet normal 0 0 -1
    outer loop
      vertex 100.474 57.2979 0
      vertex 98.5996 57.4746 0
      vertex 100.419 57.3789 0
    endloop
  endfacet
  facet normal 0 0 -1
    outer loop
      vertex 100.419 57.3789 0
      vertex 98.5996 57.4746 0
      vertex 100.4 57.4746 0
    endloop
  endfacet
  facet normal 0 0 -1
    outer loop
      vertex 100.4 57.4746 0
      vertex 98.5996 57.4746 0
      vertex 100.4 58.7246 0
    endloop
  endfacet
  facet normal 0 0 -1
    outer loop
      vertex 101.4 63.5664 0
      vertex 98.5996 69.0752 0
      vertex 101.4 65.7666 0
    endloop
  endfacet
  facet normal 0 0 -1
    outer loop
      vertex 100.474 68.8984 0
      vertex 98.5996 69.0752 0
      vertex 100.419 68.9795 0
    endloop
  endfacet
  facet normal 0 0 -1
    outer loop
      vertex 100.419 68.9795 0
      vertex 98.5996 69.0752 0
      vertex 100.4 69.0752 0
    endloop
  endfacet
  facet normal 0 0 -1
    outer loop
      vertex 100.4 84.125 0
      vertex 98.8125 115.625 0
      vertex 100.4 89.875 0
    endloop
  endfacet
  facet normal 0 0 -1
    outer loop
      vertex 100.4 89.875 0
      vertex 98.8125 115.625 0
      vertex 100.4 91.125 0
    endloop
  endfacet
  facet normal 0 0 -1
    outer loop
      vertex 100.4 91.125 0
      vertex 98.8125 115.625 0
      vertex 100.4 103.875 0
    endloop
  endfacet
  facet normal 0 0 -1
    outer loop
      vertex 100.4 105.125 0
      vertex 99.0439 115.779 0
      vertex 99.0625 115.875 0
    endloop
  endfacet
  facet normal 0 0 -1
    outer loop
      vertex 100.4 105.125 0
      vertex 98.9893 115.698 0
      vertex 99.0439 115.779 0
    endloop
  endfacet
  facet normal 0 0 -1
    outer loop
      vertex 100.4 105.125 0
      vertex 98.9082 115.644 0
      vertex 98.9893 115.698 0
    endloop
  endfacet
  facet normal 0 0 -1
    outer loop
      vertex 100.4 105.125 0
      vertex 98.8125 115.625 0
      vertex 98.9082 115.644 0
    endloop
  endfacet
  facet normal 0 0 -1
    outer loop
      vertex 100.4 103.875 0
      vertex 98.8125 115.625 0
      vertex 100.4 105.125 0
    endloop
  endfacet
  facet normal 0 0 -1
    outer loop
      vertex 100.474 45.6982 0
      vertex 98.5264 45.6982 0
      vertex 100.419 45.7793 0
    endloop
  endfacet
  facet normal -0 0 -1
    outer loop
      vertex 100.4 45.875 0
      vertex 98.5811 45.7793 0
      vertex 98.5996 45.875 0
    endloop
  endfacet
  facet normal 0 0 -1
    outer loop
      vertex 100.419 45.7793 0
      vertex 98.5811 45.7793 0
      vertex 100.4 45.875 0
    endloop
  endfacet
  facet normal 0 -0 -1
    outer loop
      vertex 98.5811 45.7793 0
      vertex 100.419 45.7793 0
      vertex 98.5264 45.6982 0
    endloop
  endfacet
  facet normal 0 0 -1
    outer loop
      vertex 101.4 36.0996 0
      vertex 98.3496 45.625 0
      vertex 98.4453 45.6436 0
    endloop
  endfacet
  facet normal 0 0 -1
    outer loop
      vertex 101.4 36.0996 0
      vertex 97.7246 45.625 0
      vertex 98.3496 45.625 0
    endloop
  endfacet
  facet normal 0 0 -1
    outer loop
      vertex 101.4 36.0996 0
      vertex 97.6289 45.6436 0
      vertex 97.7246 45.625 0
    endloop
  endfacet
  facet normal -0 0 -1
    outer loop
      vertex 101.4 36.0996 0
      vertex 92.5 30.5 0
      vertex 97.6289 45.6436 0
    endloop
  endfacet
  facet normal -0 0 -1
    outer loop
      vertex 97.6289 45.6436 0
      vertex 92.5 30.5 0
      vertex 97.5479 45.6982 0
    endloop
  endfacet
  facet normal 0 0 -1
    outer loop
      vertex 92.5 30.5 0
      vertex 97.4746 47.125 0
      vertex 97.4746 45.875 0
    endloop
  endfacet
  facet normal -0 0 -1
    outer loop
      vertex 97.4746 47.125 0
      vertex 92.5 30.5 0
      vertex 97.4746 57.4746 0
    endloop
  endfacet
  facet normal -0 0 -1
    outer loop
      vertex 97.4746 57.4746 0
      vertex 92.5 30.5 0
      vertex 97.4746 58.7246 0
    endloop
  endfacet
  facet normal -0 0 -1
    outer loop
      vertex 97.4746 58.7246 0
      vertex 92.5 30.5 0
      vertex 97.4746 69.0752 0
    endloop
  endfacet
  facet normal -0 0 -1
    outer loop
      vertex 97.4746 69.0752 0
      vertex 92.5 30.5 0
      vertex 97.4746 70.3252 0
    endloop
  endfacet
  facet normal -0 0 -1
    outer loop
      vertex 97.4746 70.3252 0
      vertex 92.5 30.5 0
      vertex 97.4746 82.875 0
    endloop
  endfacet
  facet normal 0 0 -1
    outer loop
      vertex 92.5 130.5 0
      vertex 97.4746 82.875 0
      vertex 92.5 30.5 0
    endloop
  endfacet
  facet normal 0 0 -1
    outer loop
      vertex 97.4746 82.875 0
      vertex 92.5 130.5 0
      vertex 97.4746 84.125 0
    endloop
  endfacet
  facet normal 0 0 -1
    outer loop
      vertex 97.4746 84.125 0
      vertex 92.5 130.5 0
      vertex 97.4746 89.875 0
    endloop
  endfacet
  facet normal 0 0 -1
    outer loop
      vertex 97.4746 89.875 0
      vertex 92.5 130.5 0
      vertex 97.4746 91.125 0
    endloop
  endfacet
  facet normal -0 0 -1
    outer loop
      vertex 97.4941 45.7793 0
      vertex 92.5 30.5 0
      vertex 97.4746 45.875 0
    endloop
  endfacet
  facet normal -0 0 -1
    outer loop
      vertex 97.5479 45.6982 0
      vertex 92.5 30.5 0
      vertex 97.4941 45.7793 0
    endloop
  endfacet
  facet normal 0 0 -1
    outer loop
      vertex 92.5 30.5 0
      vertex 101.4 33.9004 0
      vertex 93.5 29.5 0
    endloop
  endfacet
  facet normal -0 0 -1
    outer loop
      vertex 103.6 33.9004 0
      vertex 93.5 29.5 0
      vertex 101.4 33.9004 0
    endloop
  endfacet
  facet normal 0 0 -1
    outer loop
      vertex 185.5 124.6 0
      vertex 194.5 130.5 0
      vertex 185.5 122.4 0
    endloop
  endfacet
  facet normal 0 -0 -1
    outer loop
      vertex 193.5 131.5 0
      vertex 194.5 130.5 0
      vertex 185.5 124.6 0
    endloop
  endfacet
  facet normal 0 0 -1
    outer loop
      vertex 194.5 130.5 0
      vertex 193.5 131.5 0
      vertex 194.424 130.883 0
    endloop
  endfacet
  facet normal 0 0 -1
    outer loop
      vertex 185.5 122.4 0
      vertex 187.1 110.4 0
      vertex 185.85 110.4 0
    endloop
  endfacet
  facet normal 0 0 -1
    outer loop
      vertex 185.1 68.9004 0
      vertex 185.65 68.9004 0
      vertex 185.5 49.0996 0
    endloop
  endfacet
  facet normal 0 0 -1
    outer loop
      vertex 185.65 68.9004 0
      vertex 185.3 83.5 0
      vertex 185.65 71.0996 0
    endloop
  endfacet
  facet normal 0 0 -1
    outer loop
      vertex 185.85 85.7002 0
      vertex 185.3 85.7002 0
      vertex 185.85 108.2 0
    endloop
  endfacet
  facet normal 0 0 -1
    outer loop
      vertex 194.424 130.883 0
      vertex 193.5 131.5 0
      vertex 194.207 131.207 0
    endloop
  endfacet
  facet normal 0 0 -1
    outer loop
      vertex 194.207 131.207 0
      vertex 193.5 131.5 0
      vertex 193.883 131.424 0
    endloop
  endfacet
  facet normal 0 0 -1
    outer loop
      vertex 184.25 124.6 0
      vertex 193.5 131.5 0
      vertex 185.5 124.6 0
    endloop
  endfacet
  facet normal 0 0 -1
    outer loop
      vertex 183.7 124.6 0
      vertex 184.25 124.6 0
      vertex 183.7 122.4 0
    endloop
  endfacet
  facet normal 0 0 -1
    outer loop
      vertex 183.7 124.6 0
      vertex 193.5 131.5 0
      vertex 184.25 124.6 0
    endloop
  endfacet
  facet normal 0 0 -1
    outer loop
      vertex 181.5 124.6 0
      vertex 193.5 131.5 0
      vertex 183.7 124.6 0
    endloop
  endfacet
  facet normal 0 0 -1
    outer loop
      vertex 181.5 49.0996 0
      vertex 180.75 56.9004 0
      vertex 180.75 59.0996 0
    endloop
  endfacet
  facet normal 0 0 -1
    outer loop
      vertex 181.5 49.0996 0
      vertex 180.75 59.0996 0
      vertex 180.75 95.4004 0
    endloop
  endfacet
  facet normal 0 0 -1
    outer loop
      vertex 180.75 97.5996 0
      vertex 181.5 122.4 0
      vertex 180.75 95.4004 0
    endloop
  endfacet
  facet normal 0 0 -1
    outer loop
      vertex 178.481 115.24 0
      vertex 181.5 122.4 0
      vertex 180.75 97.5996 0
    endloop
  endfacet
  facet normal 0 0 -1
    outer loop
      vertex 178.481 115.24 0
      vertex 180.75 97.5996 0
      vertex 179.5 97.5996 0
    endloop
  endfacet
  facet normal 0 0 -1
    outer loop
      vertex 172.1 85.7002 0
      vertex 180.75 95.4004 0
      vertex 172.1 83.5 0
    endloop
  endfacet
  facet normal 0 0 -1
    outer loop
      vertex 179.5 95.4004 0
      vertex 178.95 95.4004 0
      vertex 179.5 97.5996 0
    endloop
  endfacet
  facet normal 0 0 -1
    outer loop
      vertex 178.95 97.5996 0
      vertex 179.5 97.5996 0
      vertex 178.95 95.4004 0
    endloop
  endfacet
  facet normal 0 0 -1
    outer loop
      vertex 172.1 108.2 0
      vertex 179.5 97.5996 0
      vertex 178.95 97.5996 0
    endloop
  endfacet
  facet normal 0 0 -1
    outer loop
      vertex 178.481 115.76 0
      vertex 181.5 122.4 0
      vertex 178.498 115.5 0
    endloop
  endfacet
  facet normal 0 0 -1
    outer loop
      vertex 178.43 116.017 0
      vertex 181.5 122.4 0
      vertex 178.481 115.76 0
    endloop
  endfacet
  facet normal 0 0 -1
    outer loop
      vertex 178.346 116.265 0
      vertex 181.5 122.4 0
      vertex 178.43 116.017 0
    endloop
  endfacet
  facet normal 0 0 -1
    outer loop
      vertex 178.23 116.499 0
      vertex 181.5 122.4 0
      vertex 178.346 116.265 0
    endloop
  endfacet
  facet normal 0 0 -1
    outer loop
      vertex 178.085 116.716 0
      vertex 181.5 122.4 0
      vertex 178.23 116.499 0
    endloop
  endfacet
  facet normal 0 0 -1
    outer loop
      vertex 177.912 116.912 0
      vertex 181.5 122.4 0
      vertex 178.085 116.716 0
    endloop
  endfacet
  facet normal 0 0 -1
    outer loop
      vertex 177.716 117.085 0
      vertex 181.5 122.4 0
      vertex 177.912 116.912 0
    endloop
  endfacet
  facet normal 0 0 -1
    outer loop
      vertex 177.499 117.23 0
      vertex 181.5 122.4 0
      vertex 177.716 117.085 0
    endloop
  endfacet
  facet normal 0 0 -1
    outer loop
      vertex 177.265 117.346 0
      vertex 181.5 122.4 0
      vertex 177.499 117.23 0
    endloop
  endfacet
  facet normal 0 0 -1
    outer loop
      vertex 177.017 117.43 0
      vertex 181.5 122.4 0
      vertex 177.265 117.346 0
    endloop
  endfacet
  facet normal 0 0 -1
    outer loop
      vertex 181.5 122.4 0
      vertex 177.017 117.43 0
      vertex 174.5 122.15 0
    endloop
  endfacet
  facet normal 0 0 -1
    outer loop
      vertex 174.5 122.15 0
      vertex 177.017 117.43 0
      vertex 176.76 117.481 0
    endloop
  endfacet
  facet normal 0 0 -1
    outer loop
      vertex 174.5 122.15 0
      vertex 176.76 117.481 0
      vertex 176.5 117.498 0
    endloop
  endfacet
  facet normal 0 0 -1
    outer loop
      vertex 174.5 122.15 0
      vertex 176.5 117.498 0
      vertex 176.24 117.481 0
    endloop
  endfacet
  facet normal 0 0 -1
    outer loop
      vertex 174.5 122.15 0
      vertex 176.24 117.481 0
      vertex 175.983 117.43 0
    endloop
  endfacet
  facet normal 0 0 -1
    outer loop
      vertex 174.5 122.15 0
      vertex 175.983 117.43 0
      vertex 175.735 117.346 0
    endloop
  endfacet
  facet normal 0 0 -1
    outer loop
      vertex 174.5 122.15 0
      vertex 175.735 117.346 0
      vertex 175.501 117.23 0
    endloop
  endfacet
  facet normal 0 0 -1
    outer loop
      vertex 174.5 122.15 0
      vertex 175.501 117.23 0
      vertex 175.284 117.085 0
    endloop
  endfacet
  facet normal 0 0 -1
    outer loop
      vertex 174.5 122.15 0
      vertex 175.284 117.085 0
      vertex 175.088 116.912 0
    endloop
  endfacet
  facet normal 0 0 -1
    outer loop
      vertex 174.5 122.15 0
      vertex 175.088 116.912 0
      vertex 174.915 116.716 0
    endloop
  endfacet
  facet normal 0 0 -1
    outer loop
      vertex 174.5 122.15 0
      vertex 174.519 115.76 0
      vertex 174.502 115.5 0
    endloop
  endfacet
  facet normal 0 0 -1
    outer loop
      vertex 174.5 122.15 0
      vertex 174.57 116.017 0
      vertex 174.519 115.76 0
    endloop
  endfacet
  facet normal 0 0 -1
    outer loop
      vertex 174.5 122.15 0
      vertex 174.654 116.265 0
      vertex 174.57 116.017 0
    endloop
  endfacet
  facet normal 0 0 -1
    outer loop
      vertex 174.5 122.15 0
      vertex 174.77 116.499 0
      vertex 174.654 116.265 0
    endloop
  endfacet
  facet normal 0 0 -1
    outer loop
      vertex 174.5 122.15 0
      vertex 174.915 116.716 0
      vertex 174.77 116.499 0
    endloop
  endfacet
  facet normal 0 0 -1
    outer loop
      vertex 174.5 124.35 0
      vertex 181.5 122.4 0
      vertex 174.5 122.15 0
    endloop
  endfacet
  facet normal 0 0 -1
    outer loop
      vertex 181.5 122.4 0
      vertex 174.5 124.35 0
      vertex 181.5 124.6 0
    endloop
  endfacet
  facet normal 0 0 -1
    outer loop
      vertex 166.7 127.95 0
      vertex 181.5 124.6 0
      vertex 174.5 124.35 0
    endloop
  endfacet
  facet normal 0 0 -1
    outer loop
      vertex 166.7 127.95 0
      vertex 174.5 124.35 0
      vertex 173.25 124.35 0
    endloop
  endfacet
  facet normal 0 0 -1
    outer loop
      vertex 172.7 124.35 0
      vertex 173.25 124.35 0
      vertex 172.7 122.15 0
    endloop
  endfacet
  facet normal 0 0 -1
    outer loop
      vertex 166.7 127.95 0
      vertex 173.25 124.35 0
      vertex 172.7 124.35 0
    endloop
  endfacet
  facet normal 0 0 -1
    outer loop
      vertex 166.7 127.95 0
      vertex 172.7 124.35 0
      vertex 170.5 124.35 0
    endloop
  endfacet
  facet normal 0 0 -1
    outer loop
      vertex 176.75 97.5996 0
      vertex 170.3 108.2 0
      vertex 170.85 108.2 0
    endloop
  endfacet
  facet normal 0 0 -1
    outer loop
      vertex 170.3 110.4 0
      vertex 170.85 110.4 0
      vertex 170.3 108.2 0
    endloop
  endfacet
  facet normal 0 0 -1
    outer loop
      vertex 168.1 110.4 0
      vertex 174.519 115.24 0
      vertex 170.3 110.4 0
    endloop
  endfacet
  facet normal -0 0 -1
    outer loop
      vertex 174.519 115.24 0
      vertex 168.1 110.4 0
      vertex 170.5 122.15 0
    endloop
  endfacet
  facet normal 0 0 -1
    outer loop
      vertex 166.7 124.55 0
      vertex 170.5 122.15 0
      vertex 168.1 110.4 0
    endloop
  endfacet
  facet normal 0 0 -1
    outer loop
      vertex 168.1 108.2 0
      vertex 166.7 124.55 0
      vertex 168.1 110.4 0
    endloop
  endfacet
  facet normal 0 0 -1
    outer loop
      vertex 170.5 122.15 0
      vertex 166.7 124.55 0
      vertex 170.5 124.35 0
    endloop
  endfacet
  facet normal 0 0 -1
    outer loop
      vertex 166.7 127.95 0
      vertex 170.5 124.35 0
      vertex 166.7 124.55 0
    endloop
  endfacet
  facet normal 0 0 -1
    outer loop
      vertex 181.5 124.6 0
      vertex 166.7 127.95 0
      vertex 193.5 131.5 0
    endloop
  endfacet
  facet normal 0 0 -1
    outer loop
      vertex 165.2 127.95 0
      vertex 193.5 131.5 0
      vertex 166.7 127.95 0
    endloop
  endfacet
  facet normal 0 0 -1
    outer loop
      vertex 163.1 122.25 0
      vertex 165.2 124.55 0
      vertex 164.1 122.25 0
    endloop
  endfacet
  facet normal 0 0 -1
    outer loop
      vertex 160 124.55 0
      vertex 165.2 124.55 0
      vertex 163.1 122.25 0
    endloop
  endfacet
  facet normal 0 0 -1
    outer loop
      vertex 162.1 122.25 0
      vertex 163.1 122.25 0
      vertex 162.1 118.75 0
    endloop
  endfacet
  facet normal 0 0 -1
    outer loop
      vertex 160 124.55 0
      vertex 163.1 122.25 0
      vertex 162.1 122.25 0
    endloop
  endfacet
  facet normal 0 0 -1
    outer loop
      vertex 160 124.55 0
      vertex 162.1 122.25 0
      vertex 161.1 122.25 0
    endloop
  endfacet
  facet normal 0 0 -1
    outer loop
      vertex 165.2 124.55 0
      vertex 160 124.55 0
      vertex 165.2 127.95 0
    endloop
  endfacet
  facet normal 0 0 -1
    outer loop
      vertex 160 127.95 0
      vertex 165.2 127.95 0
      vertex 160 124.55 0
    endloop
  endfacet
  facet normal 0 0 -1
    outer loop
      vertex 160 127.95 0
      vertex 193.5 131.5 0
      vertex 165.2 127.95 0
    endloop
  endfacet
  facet normal 0 0 -1
    outer loop
      vertex 158.5 127.95 0
      vertex 193.5 131.5 0
      vertex 160 127.95 0
    endloop
  endfacet
  facet normal -0 0 -1
    outer loop
      vertex 162.1 118.75 0
      vertex 158.2 110.1 0
      vertex 161.1 118.75 0
    endloop
  endfacet
  facet normal 0 0 -1
    outer loop
      vertex 161.1 122.25 0
      vertex 156 122.4 0
      vertex 158.5 124.55 0
    endloop
  endfacet
  facet normal 0 0 -1
    outer loop
      vertex 161.1 122.25 0
      vertex 158.5 124.55 0
      vertex 160 124.55 0
    endloop
  endfacet
  facet normal 0 0 -1
    outer loop
      vertex 156.4 110.1 0
      vertex 161.1 118.75 0
      vertex 156.95 110.1 0
    endloop
  endfacet
  facet normal 0 0 -1
    outer loop
      vertex 159.25 97.5996 0
      vertex 156.4 107.9 0
      vertex 156.95 107.9 0
    endloop
  endfacet
  facet normal 0 0 -1
    outer loop
      vertex 156.95 107.9 0
      vertex 156.4 107.9 0
      vertex 156.95 110.1 0
    endloop
  endfacet
  facet normal 0 0 -1
    outer loop
      vertex 156.4 110.1 0
      vertex 156.95 110.1 0
      vertex 156.4 107.9 0
    endloop
  endfacet
  facet normal -0 0 -1
    outer loop
      vertex 161.1 118.75 0
      vertex 156.4 110.1 0
      vertex 156 122.4 0
    endloop
  endfacet
  facet normal 0 0 -1
    outer loop
      vertex 156 124.6 0
      vertex 158.5 124.55 0
      vertex 156 122.4 0
    endloop
  endfacet
  facet normal 0 0 -1
    outer loop
      vertex 158.5 124.55 0
      vertex 156 124.6 0
      vertex 158.5 127.95 0
    endloop
  endfacet
  facet normal 0 0 -1
    outer loop
      vertex 154.75 124.6 0
      vertex 158.5 127.95 0
      vertex 156 124.6 0
    endloop
  endfacet
  facet normal 0 0 -1
    outer loop
      vertex 154.75 122.4 0
      vertex 154.2 122.4 0
      vertex 154.75 124.6 0
    endloop
  endfacet
  facet normal 0 0 -1
    outer loop
      vertex 154.2 124.6 0
      vertex 154.75 124.6 0
      vertex 154.2 122.4 0
    endloop
  endfacet
  facet normal 0 0 -1
    outer loop
      vertex 154.2 124.6 0
      vertex 158.5 127.95 0
      vertex 154.75 124.6 0
    endloop
  endfacet
  facet normal 0 0 -1
    outer loop
      vertex 152 124.6 0
      vertex 158.5 127.95 0
      vertex 154.2 124.6 0
    endloop
  endfacet
  facet normal 0 0 -1
    outer loop
      vertex 154.2 83.5 0
      vertex 144.3 83.5 0
      vertex 144.3 85.7002 0
    endloop
  endfacet
  facet normal 0 0 -1
    outer loop
      vertex 144.3 110.4 0
      vertex 154.2 110.1 0
      vertex 144.3 108.2 0
    endloop
  endfacet
  facet normal 0 -0 -1
    outer loop
      vertex 152 122.4 0
      vertex 154.2 110.1 0
      vertex 144.3 110.4 0
    endloop
  endfacet
  facet normal 0 0 -1
    outer loop
      vertex 154.2 110.1 0
      vertex 152 122.4 0
      vertex 154.2 122.4 0
    endloop
  endfacet
  facet normal 0 0 -1
    outer loop
      vertex 144.1 122.4 0
      vertex 152 122.4 0
      vertex 144.3 110.4 0
    endloop
  endfacet
  facet normal 0 0 -1
    outer loop
      vertex 152 122.4 0
      vertex 144.1 122.4 0
      vertex 152 124.6 0
    endloop
  endfacet
  facet normal 0 0 -1
    outer loop
      vertex 144.1 124.6 0
      vertex 152 124.6 0
      vertex 144.1 122.4 0
    endloop
  endfacet
  facet normal 0 0 -1
    outer loop
      vertex 152 124.6 0
      vertex 144.1 124.6 0
      vertex 158.5 127.95 0
    endloop
  endfacet
  facet normal 0 0 -1
    outer loop
      vertex 142.85 124.6 0
      vertex 158.5 127.95 0
      vertex 144.1 124.6 0
    endloop
  endfacet
  facet normal 0 0 -1
    outer loop
      vertex 142.5 110.4 0
      vertex 143.05 110.4 0
      vertex 142.5 108.2 0
    endloop
  endfacet
  facet normal 0 0 -1
    outer loop
      vertex 143.05 110.4 0
      vertex 142.5 110.4 0
      vertex 142.85 122.4 0
    endloop
  endfacet
  facet normal 0 0 -1
    outer loop
      vertex 142.3 122.4 0
      vertex 142.85 122.4 0
      vertex 142.5 110.4 0
    endloop
  endfacet
  facet normal 0 0 -1
    outer loop
      vertex 142.85 122.4 0
      vertex 142.3 122.4 0
      vertex 142.85 124.6 0
    endloop
  endfacet
  facet normal 0 0 -1
    outer loop
      vertex 142.3 124.6 0
      vertex 142.85 124.6 0
      vertex 142.3 122.4 0
    endloop
  endfacet
  facet normal 0 0 -1
    outer loop
      vertex 142.3 124.6 0
      vertex 158.5 127.95 0
      vertex 142.85 124.6 0
    endloop
  endfacet
  facet normal 0 0 -1
    outer loop
      vertex 140.1 124.6 0
      vertex 158.5 127.95 0
      vertex 142.3 124.6 0
    endloop
  endfacet
  facet normal 0 0 -1
    outer loop
      vertex 138.25 58.8496 0
      vertex 139.625 49.0996 0
      vertex 138.25 56.6504 0
    endloop
  endfacet
  facet normal 0 0 -1
    outer loop
      vertex 138.25 94.9004 0
      vertex 139.625 49.0996 0
      vertex 138.25 58.8496 0
    endloop
  endfacet
  facet normal 0 0 -1
    outer loop
      vertex 136.45 97.0996 0
      vertex 140.3 108.2 0
      vertex 137 97.0996 0
    endloop
  endfacet
  facet normal 0 0 -1
    outer loop
      vertex 140.3 110.4 0
      vertex 130.4 110.4 0
      vertex 140.1 122.4 0
    endloop
  endfacet
  facet normal 0 0 -1
    outer loop
      vertex 130.4 108.2 0
      vertex 140.3 108.2 0
      vertex 136.45 97.0996 0
    endloop
  endfacet
  facet normal 0 0 -1
    outer loop
      vertex 136.45 94.9004 0
      vertex 137 94.9004 0
      vertex 136.45 58.8496 0
    endloop
  endfacet
  facet normal 0 0 -1
    outer loop
      vertex 137 94.9004 0
      vertex 136.45 94.9004 0
      vertex 137 97.0996 0
    endloop
  endfacet
  facet normal 0 0 -1
    outer loop
      vertex 136.45 97.0996 0
      vertex 137 97.0996 0
      vertex 136.45 94.9004 0
    endloop
  endfacet
  facet normal 0 0 -1
    outer loop
      vertex 140.3 108.2 0
      vertex 130.4 108.2 0
      vertex 140.3 110.4 0
    endloop
  endfacet
  facet normal 0 0 -1
    outer loop
      vertex 130.4 108.2 0
      vertex 136.45 97.0996 0
      vertex 134.25 97.0996 0
    endloop
  endfacet
  facet normal 0 0 -1
    outer loop
      vertex 130 49.0996 0
      vertex 139.625 49.0996 0
      vertex 130 46.9004 0
    endloop
  endfacet
  facet normal 0 0 -1
    outer loop
      vertex 136.45 58.8496 0
      vertex 130.4 68.9004 0
      vertex 130.4 71.0996 0
    endloop
  endfacet
  facet normal 0 0 -1
    outer loop
      vertex 130.4 85.7002 0
      vertex 136.45 94.9004 0
      vertex 130.4 83.5 0
    endloop
  endfacet
  facet normal -0 0 -1
    outer loop
      vertex 136.45 94.9004 0
      vertex 130.4 85.7002 0
      vertex 134.25 94.9004 0
    endloop
  endfacet
  facet normal 0 0 -1
    outer loop
      vertex 129.15 85.7002 0
      vertex 134.25 94.9004 0
      vertex 130.4 85.7002 0
    endloop
  endfacet
  facet normal 0 0 -1
    outer loop
      vertex 128.6 85.7002 0
      vertex 134.25 94.9004 0
      vertex 129.15 85.7002 0
    endloop
  endfacet
  facet normal -0 0 -1
    outer loop
      vertex 140.3 110.4 0
      vertex 130.4 108.2 0
      vertex 130.4 110.4 0
    endloop
  endfacet
  facet normal 0 0 -1
    outer loop
      vertex 130.3 122.4 0
      vertex 140.1 122.4 0
      vertex 130.4 110.4 0
    endloop
  endfacet
  facet normal 0 0 -1
    outer loop
      vertex 140.1 122.4 0
      vertex 130.3 122.4 0
      vertex 140.1 124.6 0
    endloop
  endfacet
  facet normal 0 0 -1
    outer loop
      vertex 130.3 124.6 0
      vertex 140.1 124.6 0
      vertex 130.3 122.4 0
    endloop
  endfacet
  facet normal 0 0 -1
    outer loop
      vertex 130.3 124.6 0
      vertex 158.5 127.95 0
      vertex 140.1 124.6 0
    endloop
  endfacet
  facet normal 0 0 -1
    outer loop
      vertex 93.5 131.5 0
      vertex 130.3 124.6 0
      vertex 129.05 124.6 0
    endloop
  endfacet
  facet normal -0 0 -1
    outer loop
      vertex 129.15 83.5 0
      vertex 128.6 71.0996 0
      vertex 128.6 83.5 0
    endloop
  endfacet
  facet normal -0 0 -1
    outer loop
      vertex 129.15 85.7002 0
      vertex 128.6 83.5 0
      vertex 128.6 85.7002 0
    endloop
  endfacet
  facet normal 0 0 -1
    outer loop
      vertex 129.15 108.2 0
      vertex 128.6 108.2 0
      vertex 129.15 110.4 0
    endloop
  endfacet
  facet normal 0 0 -1
    outer loop
      vertex 128.6 110.4 0
      vertex 129.15 110.4 0
      vertex 128.6 108.2 0
    endloop
  endfacet
  facet normal 0 0 -1
    outer loop
      vertex 129.15 110.4 0
      vertex 128.6 110.4 0
      vertex 129.05 122.4 0
    endloop
  endfacet
  facet normal 0 0 -1
    outer loop
      vertex 128.5 122.4 0
      vertex 129.05 122.4 0
      vertex 128.6 110.4 0
    endloop
  endfacet
  facet normal 0 0 -1
    outer loop
      vertex 129.05 122.4 0
      vertex 128.5 122.4 0
      vertex 129.05 124.6 0
    endloop
  endfacet
  facet normal 0 0 -1
    outer loop
      vertex 128.5 124.6 0
      vertex 129.05 124.6 0
      vertex 128.5 122.4 0
    endloop
  endfacet
  facet normal 0 0 -1
    outer loop
      vertex 93.5 131.5 0
      vertex 129.05 124.6 0
      vertex 128.5 124.6 0
    endloop
  endfacet
  facet normal 0 0 -1
    outer loop
      vertex 93.5 131.5 0
      vertex 128.5 124.6 0
      vertex 126.3 124.6 0
    endloop
  endfacet
  facet normal 0 0 -1
    outer loop
      vertex 116.5 110.1 0
      vertex 126.4 108.2 0
      vertex 116.5 107.9 0
    endloop
  endfacet
  facet normal 0 0 -1
    outer loop
      vertex 126.4 108.2 0
      vertex 116.5 110.1 0
      vertex 126.4 110.4 0
    endloop
  endfacet
  facet normal 0 0 -1
    outer loop
      vertex 126.4 108.2 0
      vertex 121.25 97.0996 0
      vertex 116.5 107.9 0
    endloop
  endfacet
  facet normal 0 0 -1
    outer loop
      vertex 120.7 97.0996 0
      vertex 121.25 97.0996 0
      vertex 120.7 94.9004 0
    endloop
  endfacet
  facet normal 0 0 -1
    outer loop
      vertex 116.5 107.9 0
      vertex 121.25 97.0996 0
      vertex 120.7 97.0996 0
    endloop
  endfacet
  facet normal 0 0 -1
    outer loop
      vertex 116.5 107.9 0
      vertex 120.7 97.0996 0
      vertex 118.5 97.0996 0
    endloop
  endfacet
  facet normal 0 0 -1
    outer loop
      vertex 114.75 85.5996 0
      vertex 118.5 94.9004 0
      vertex 116 85.5996 0
    endloop
  endfacet
  facet normal -0 0 -1
    outer loop
      vertex 126.4 110.4 0
      vertex 116.5 110.1 0
      vertex 126.3 122.4 0
    endloop
  endfacet
  facet normal 0 0 -1
    outer loop
      vertex 115.9 122.9 0
      vertex 126.3 122.4 0
      vertex 116.5 110.1 0
    endloop
  endfacet
  facet normal 0 0 -1
    outer loop
      vertex 126.3 122.4 0
      vertex 115.9 122.9 0
      vertex 126.3 124.6 0
    endloop
  endfacet
  facet normal 0 0 -1
    outer loop
      vertex 115.9 125.1 0
      vertex 126.3 124.6 0
      vertex 115.9 122.9 0
    endloop
  endfacet
  facet normal 0 0 -1
    outer loop
      vertex 93.5 131.5 0
      vertex 126.3 124.6 0
      vertex 115.9 125.1 0
    endloop
  endfacet
  facet normal 0 0 -1
    outer loop
      vertex 130.3 124.6 0
      vertex 93.5 131.5 0
      vertex 158.5 127.95 0
    endloop
  endfacet
  facet normal 0 0 -1
    outer loop
      vertex 93.5 131.5 0
      vertex 115.9 125.1 0
      vertex 114.65 125.1 0
    endloop
  endfacet
  facet normal 0 0 -1
    outer loop
      vertex 114.1 125.1 0
      vertex 114.65 125.1 0
      vertex 114.1 122.9 0
    endloop
  endfacet
  facet normal 0 0 -1
    outer loop
      vertex 93.5 131.5 0
      vertex 114.65 125.1 0
      vertex 114.1 125.1 0
    endloop
  endfacet
  facet normal 0 0 -1
    outer loop
      vertex 93.5 131.5 0
      vertex 114.1 125.1 0
      vertex 111.9 125.1 0
    endloop
  endfacet
  facet normal 0 0 -1
    outer loop
      vertex 110.346 43.2648 0
      vertex 113.2 46.9004 0
      vertex 110.43 43.0167 0
    endloop
  endfacet
  facet normal 0 0 -1
    outer loop
      vertex 110.481 115.76 0
      vertex 111.9 122.9 0
      vertex 110.498 115.5 0
    endloop
  endfacet
  facet normal 0 0 -1
    outer loop
      vertex 110.43 116.017 0
      vertex 111.9 122.9 0
      vertex 110.481 115.76 0
    endloop
  endfacet
  facet normal 0 0 -1
    outer loop
      vertex 110.346 116.265 0
      vertex 111.9 122.9 0
      vertex 110.43 116.017 0
    endloop
  endfacet
  facet normal 0 0 -1
    outer loop
      vertex 110.23 116.499 0
      vertex 111.9 122.9 0
      vertex 110.346 116.265 0
    endloop
  endfacet
  facet normal 0 0 -1
    outer loop
      vertex 110.085 116.716 0
      vertex 111.9 122.9 0
      vertex 110.23 116.499 0
    endloop
  endfacet
  facet normal 0 0 -1
    outer loop
      vertex 109.912 116.912 0
      vertex 111.9 122.9 0
      vertex 110.085 116.716 0
    endloop
  endfacet
  facet normal 0 0 -1
    outer loop
      vertex 109.716 117.085 0
      vertex 111.9 122.9 0
      vertex 109.912 116.912 0
    endloop
  endfacet
  facet normal 0 0 -1
    outer loop
      vertex 109.499 117.23 0
      vertex 111.9 122.9 0
      vertex 109.716 117.085 0
    endloop
  endfacet
  facet normal 0 0 -1
    outer loop
      vertex 109.265 117.346 0
      vertex 111.9 122.9 0
      vertex 109.499 117.23 0
    endloop
  endfacet
  facet normal 0 0 -1
    outer loop
      vertex 109.017 117.43 0
      vertex 111.9 122.9 0
      vertex 109.265 117.346 0
    endloop
  endfacet
  facet normal 0 0 -1
    outer loop
      vertex 108.76 117.481 0
      vertex 111.9 122.9 0
      vertex 109.017 117.43 0
    endloop
  endfacet
  facet normal 0 0 -1
    outer loop
      vertex 108.5 117.498 0
      vertex 111.9 122.9 0
      vertex 108.76 117.481 0
    endloop
  endfacet
  facet normal -0 0 -1
    outer loop
      vertex 111.9 122.9 0
      vertex 108.5 117.498 0
      vertex 105.4 122.9 0
    endloop
  endfacet
  facet normal 0 0 -1
    outer loop
      vertex 105.4 122.9 0
      vertex 108.5 117.498 0
      vertex 108.24 117.481 0
    endloop
  endfacet
  facet normal 0 0 -1
    outer loop
      vertex 105.4 122.9 0
      vertex 108.24 117.481 0
      vertex 107.983 117.43 0
    endloop
  endfacet
  facet normal 0 0 -1
    outer loop
      vertex 105.4 122.9 0
      vertex 107.983 117.43 0
      vertex 107.735 117.346 0
    endloop
  endfacet
  facet normal 0 0 -1
    outer loop
      vertex 105.4 122.9 0
      vertex 107.735 117.346 0
      vertex 107.501 117.23 0
    endloop
  endfacet
  facet normal 0 0 -1
    outer loop
      vertex 105.4 122.9 0
      vertex 107.501 117.23 0
      vertex 107.284 117.085 0
    endloop
  endfacet
  facet normal 0 0 -1
    outer loop
      vertex 105.4 122.9 0
      vertex 107.284 117.085 0
      vertex 107.088 116.912 0
    endloop
  endfacet
  facet normal 0 0 -1
    outer loop
      vertex 106.77 116.499 0
      vertex 101.969 117.221 0
      vertex 106.915 116.716 0
    endloop
  endfacet
  facet normal 0 0 -1
    outer loop
      vertex 101.969 117.221 0
      vertex 106.77 116.499 0
      vertex 101.987 117.125 0
    endloop
  endfacet
  facet normal -0 0 -1
    outer loop
      vertex 106.654 41.7352 0
      vertex 101.4 36.0996 0
      vertex 106.57 41.9833 0
    endloop
  endfacet
  facet normal -0 0 -1
    outer loop
      vertex 111 49.0996 0
      vertex 105.4 48.7334 0
      vertex 105.4 50.9336 0
    endloop
  endfacet
  facet normal 0 0 -1
    outer loop
      vertex 111 49.0996 0
      vertex 105.4 50.9336 0
      vertex 105.4 63.5664 0
    endloop
  endfacet
  facet normal 0 0 -1
    outer loop
      vertex 111 49.0996 0
      vertex 105.4 63.5664 0
      vertex 105.4 65.7666 0
    endloop
  endfacet
  facet normal 0 0 -1
    outer loop
      vertex 111 49.0996 0
      vertex 105.4 65.7666 0
      vertex 105.4 78.4004 0
    endloop
  endfacet
  facet normal -0 0 -1
    outer loop
      vertex 107.088 114.088 0
      vertex 105.4 110.267 0
      vertex 106.915 114.284 0
    endloop
  endfacet
  facet normal 0 0 -1
    outer loop
      vertex 104.15 110.267 0
      vertex 106.915 114.284 0
      vertex 105.4 110.267 0
    endloop
  endfacet
  facet normal -0 0 -1
    outer loop
      vertex 106.915 114.284 0
      vertex 104.15 110.267 0
      vertex 106.77 114.501 0
    endloop
  endfacet
  facet normal -0 0 -1
    outer loop
      vertex 106.77 114.501 0
      vertex 104.15 110.267 0
      vertex 106.654 114.735 0
    endloop
  endfacet
  facet normal 0 0 -1
    outer loop
      vertex 103.6 110.267 0
      vertex 106.654 114.735 0
      vertex 104.15 110.267 0
    endloop
  endfacet
  facet normal 0 0 -1
    outer loop
      vertex 101.914 115.698 0
      vertex 106.654 114.735 0
      vertex 103.6 110.267 0
    endloop
  endfacet
  facet normal 0 0 -1
    outer loop
      vertex 106.654 114.735 0
      vertex 101.987 115.875 0
      vertex 106.57 114.983 0
    endloop
  endfacet
  facet normal 0 0 -1
    outer loop
      vertex 106.57 114.983 0
      vertex 101.987 115.875 0
      vertex 106.519 115.24 0
    endloop
  endfacet
  facet normal 0 0 -1
    outer loop
      vertex 101.987 117.125 0
      vertex 106.57 116.017 0
      vertex 106.519 115.76 0
    endloop
  endfacet
  facet normal 0 0 -1
    outer loop
      vertex 101.987 117.125 0
      vertex 106.654 116.265 0
      vertex 106.57 116.017 0
    endloop
  endfacet
  facet normal 0 0 -1
    outer loop
      vertex 101.987 117.125 0
      vertex 106.77 116.499 0
      vertex 106.654 116.265 0
    endloop
  endfacet
  facet normal 0 0 -1
    outer loop
      vertex 111.9 122.9 0
      vertex 105.4 122.9 0
      vertex 111.9 125.1 0
    endloop
  endfacet
  facet normal 0 0 -1
    outer loop
      vertex 105.4 125.1 0
      vertex 111.9 125.1 0
      vertex 105.4 122.9 0
    endloop
  endfacet
  facet normal 0 0 -1
    outer loop
      vertex 93.5 131.5 0
      vertex 111.9 125.1 0
      vertex 105.4 125.1 0
    endloop
  endfacet
  facet normal 0 0 -1
    outer loop
      vertex 93.5 131.5 0
      vertex 105.4 125.1 0
      vertex 104.15 125.1 0
    endloop
  endfacet
  facet normal 0 0 -1
    outer loop
      vertex 106.915 43.7161 0
      vertex 104.15 48.7334 0
      vertex 105.4 48.7334 0
    endloop
  endfacet
  facet normal -0 0 -1
    outer loop
      vertex 104.15 50.9336 0
      vertex 103.6 48.7334 0
      vertex 103.6 50.9336 0
    endloop
  endfacet
  facet normal 0 0 -1
    outer loop
      vertex 104.15 63.5664 0
      vertex 103.6 63.5664 0
      vertex 104.15 65.7666 0
    endloop
  endfacet
  facet normal 0 0 -1
    outer loop
      vertex 104.15 93.2334 0
      vertex 103.6 93.2334 0
      vertex 104.15 95.4336 0
    endloop
  endfacet
  facet normal 0 0 -1
    outer loop
      vertex 103.6 95.4336 0
      vertex 104.15 95.4336 0
      vertex 103.6 93.2334 0
    endloop
  endfacet
  facet normal 0 0 -1
    outer loop
      vertex 101.371 103.644 0
      vertex 104.15 95.4336 0
      vertex 103.6 95.4336 0
    endloop
  endfacet
  facet normal 0 0 -1
    outer loop
      vertex 101.525 105.125 0
      vertex 105.4 108.066 0
      vertex 101.525 103.875 0
    endloop
  endfacet
  facet normal 0 0 -1
    outer loop
      vertex 104.15 108.066 0
      vertex 103.6 108.066 0
      vertex 104.15 110.267 0
    endloop
  endfacet
  facet normal 0 0 -1
    outer loop
      vertex 103.6 110.267 0
      vertex 104.15 110.267 0
      vertex 103.6 108.066 0
    endloop
  endfacet
  facet normal 0 0 -1
    outer loop
      vertex 106.502 115.5 0
      vertex 101.987 115.875 0
      vertex 106.519 115.76 0
    endloop
  endfacet
  facet normal 0 0 -1
    outer loop
      vertex 101.987 117.125 0
      vertex 106.519 115.76 0
      vertex 101.987 115.875 0
    endloop
  endfacet
  facet normal 0 0 -1
    outer loop
      vertex 104.15 122.9 0
      vertex 103.6 122.9 0
      vertex 104.15 125.1 0
    endloop
  endfacet
  facet normal 0 0 -1
    outer loop
      vertex 103.6 125.1 0
      vertex 104.15 125.1 0
      vertex 103.6 122.9 0
    endloop
  endfacet
  facet normal 0 0 -1
    outer loop
      vertex 93.5 131.5 0
      vertex 104.15 125.1 0
      vertex 103.6 125.1 0
    endloop
  endfacet
  facet normal 0 0 -1
    outer loop
      vertex 93.5 131.5 0
      vertex 103.6 125.1 0
      vertex 101.4 125.1 0
    endloop
  endfacet
  facet normal 0 0 -1
    outer loop
      vertex 98.9082 117.356 0
      vertex 101.4 122.9 0
      vertex 101.017 117.356 0
    endloop
  endfacet
  facet normal 0 0 -1
    outer loop
      vertex 98.9082 117.356 0
      vertex 101.017 117.356 0
      vertex 100.936 117.302 0
    endloop
  endfacet
  facet normal 0 0 -1
    outer loop
      vertex 98.9893 117.302 0
      vertex 100.936 117.302 0
      vertex 100.882 117.221 0
    endloop
  endfacet
  facet normal 0 0 -1
    outer loop
      vertex 99.0439 117.221 0
      vertex 100.882 117.221 0
      vertex 100.862 117.125 0
    endloop
  endfacet
  facet normal 0 0 -1
    outer loop
      vertex 101.017 115.644 0
      vertex 99.0625 115.875 0
      vertex 100.936 115.698 0
    endloop
  endfacet
  facet normal -0 0 -1
    outer loop
      vertex 101.4 108.066 0
      vertex 100.419 105.221 0
      vertex 101.4 110.267 0
    endloop
  endfacet
  facet normal -0 0 -1
    outer loop
      vertex 101.4 110.267 0
      vertex 100.419 105.221 0
      vertex 99.0625 115.875 0
    endloop
  endfacet
  facet normal 0 0 -1
    outer loop
      vertex 99.0625 115.875 0
      vertex 100.419 105.221 0
      vertex 100.4 105.125 0
    endloop
  endfacet
  facet normal 0 0 -1
    outer loop
      vertex 100.862 115.875 0
      vertex 99.0625 115.875 0
      vertex 100.862 117.125 0
    endloop
  endfacet
  facet normal 0 0 -1
    outer loop
      vertex 99.0625 117.125 0
      vertex 100.862 117.125 0
      vertex 99.0625 115.875 0
    endloop
  endfacet
  facet normal 0 0 -1
    outer loop
      vertex 99.0439 117.221 0
      vertex 100.862 117.125 0
      vertex 99.0625 117.125 0
    endloop
  endfacet
  facet normal 0 0 -1
    outer loop
      vertex 100.882 117.221 0
      vertex 99.0439 117.221 0
      vertex 98.9893 117.302 0
    endloop
  endfacet
  facet normal 0 0 -1
    outer loop
      vertex 100.936 117.302 0
      vertex 98.9893 117.302 0
      vertex 98.9082 117.356 0
    endloop
  endfacet
  facet normal 0 0 -1
    outer loop
      vertex 98.8125 117.375 0
      vertex 101.4 122.9 0
      vertex 98.9082 117.356 0
    endloop
  endfacet
  facet normal 0 0 -1
    outer loop
      vertex 98.1875 117.375 0
      vertex 101.4 122.9 0
      vertex 98.8125 117.375 0
    endloop
  endfacet
  facet normal 0 0 -1
    outer loop
      vertex 98.0918 117.356 0
      vertex 101.4 122.9 0
      vertex 98.1875 117.375 0
    endloop
  endfacet
  facet normal 0 0 -1
    outer loop
      vertex 92.5 130.5 0
      vertex 101.4 122.9 0
      vertex 98.0918 117.356 0
    endloop
  endfacet
  facet normal 0 0 -1
    outer loop
      vertex 92.5 130.5 0
      vertex 98.0918 117.356 0
      vertex 98.0107 117.302 0
    endloop
  endfacet
  facet normal 0 0 -1
    outer loop
      vertex 92.5 130.5 0
      vertex 98.0107 117.302 0
      vertex 97.9561 117.221 0
    endloop
  endfacet
  facet normal 0 0 -1
    outer loop
      vertex 97.4941 105.221 0
      vertex 97.9561 115.779 0
      vertex 97.5479 105.302 0
    endloop
  endfacet
  facet normal -0 0 -1
    outer loop
      vertex 97.9561 115.779 0
      vertex 97.4941 105.221 0
      vertex 97.9375 115.875 0
    endloop
  endfacet
  facet normal 0 0 -1
    outer loop
      vertex 92.5 130.5 0
      vertex 97.9375 115.875 0
      vertex 97.4941 105.221 0
    endloop
  endfacet
  facet normal 0 0 -1
    outer loop
      vertex 92.5 130.5 0
      vertex 97.4941 105.221 0
      vertex 97.4746 105.125 0
    endloop
  endfacet
  facet normal 0 0 -1
    outer loop
      vertex 97.4746 91.125 0
      vertex 92.5 130.5 0
      vertex 97.4746 103.875 0
    endloop
  endfacet
  facet normal 0 0 -1
    outer loop
      vertex 158.5 127.95 0
      vertex 93.5 131.5 0
      vertex 193.5 131.5 0
    endloop
  endfacet
  facet normal 0 0 -1
    outer loop
      vertex 101.4 122.9 0
      vertex 92.5 130.5 0
      vertex 101.4 125.1 0
    endloop
  endfacet
  facet normal 0 0 -1
    outer loop
      vertex 92.5 130.5 0
      vertex 97.9561 117.221 0
      vertex 97.9375 117.125 0
    endloop
  endfacet
  facet normal 0 0 -1
    outer loop
      vertex 97.4746 103.875 0
      vertex 92.5 130.5 0
      vertex 97.4746 105.125 0
    endloop
  endfacet
  facet normal 0 0 -1
    outer loop
      vertex 92.5 30.5 0
      vertex 93.5 29.5 0
      vertex 93.1173 29.5761 0
    endloop
  endfacet
  facet normal 0 0 -1
    outer loop
      vertex 97.9375 115.875 0
      vertex 92.5 130.5 0
      vertex 97.9375 117.125 0
    endloop
  endfacet
  facet normal 0 0 -1
    outer loop
      vertex 92.5 30.5 0
      vertex 93.1173 29.5761 0
      vertex 92.7929 29.7929 0
    endloop
  endfacet
  facet normal 0 0 -1
    outer loop
      vertex 101.4 125.1 0
      vertex 92.5 130.5 0
      vertex 93.5 131.5 0
    endloop
  endfacet
  facet normal 0 0 -1
    outer loop
      vertex 92.5 30.5 0
      vertex 92.7929 29.7929 0
      vertex 92.5761 30.1173 0
    endloop
  endfacet
  facet normal 0 0 -1
    outer loop
      vertex 93.5 131.5 0
      vertex 92.5 130.5 0
      vertex 93.1173 131.424 0
    endloop
  endfacet
  facet normal 0 0 -1
    outer loop
      vertex 93.1173 131.424 0
      vertex 92.5 130.5 0
      vertex 92.7929 131.207 0
    endloop
  endfacet
  facet normal 0 0 -1
    outer loop
      vertex 92.7929 131.207 0
      vertex 92.5 130.5 0
      vertex 92.5761 130.883 0
    endloop
  endfacet
  facet normal 0 0 -1
    outer loop
      vertex 194.5 30.5 0
      vertex 186.9 71.0996 0
      vertex 187.1 83.5 0
    endloop
  endfacet
  facet normal 0 0 -1
    outer loop
      vertex 186.9 71.0996 0
      vertex 185.85 83.5 0
      vertex 187.1 83.5 0
    endloop
  endfacet
  facet normal 0 0 -1
    outer loop
      vertex 185.3 83.5 0
      vertex 185.85 83.5 0
      vertex 185.65 71.0996 0
    endloop
  endfacet
  facet normal 0 0 -1
    outer loop
      vertex 185.85 83.5 0
      vertex 185.3 83.5 0
      vertex 185.85 85.7002 0
    endloop
  endfacet
  facet normal 0 0 -1
    outer loop
      vertex 185.3 85.7002 0
      vertex 185.85 85.7002 0
      vertex 185.3 83.5 0
    endloop
  endfacet
  facet normal 0 0 -1
    outer loop
      vertex 185.65 71.0996 0
      vertex 185.85 83.5 0
      vertex 186.9 71.0996 0
    endloop
  endfacet
  facet normal -0 0 1
    outer loop
      vertex 93.5 131.5 1.45
      vertex 193.5 130.5 1.45
      vertex 193.5 131.5 1.45
    endloop
  endfacet
  facet normal 0 0 1
    outer loop
      vertex 93.5 131.5 1.45
      vertex 93.5 130.5 1.45
      vertex 193.5 130.5 1.45
    endloop
  endfacet
  facet normal -0 0 1
    outer loop
      vertex 93.1173 131.424 1.45
      vertex 93.5 130.5 1.45
      vertex 93.5 131.5 1.45
    endloop
  endfacet
  facet normal 0 0 1
    outer loop
      vertex 93.5 130.5 1.45
      vertex 92.5 130.5 1.45
      vertex 93.5 30.5 1.45
    endloop
  endfacet
  facet normal -0 0 1
    outer loop
      vertex 92.7929 131.207 1.45
      vertex 93.5 130.5 1.45
      vertex 93.1173 131.424 1.45
    endloop
  endfacet
  facet normal 0 0 1
    outer loop
      vertex 92.5 30.5 1.45
      vertex 93.5 30.5 1.45
      vertex 92.5 130.5 1.45
    endloop
  endfacet
  facet normal -0 0 1
    outer loop
      vertex 92.5761 130.883 1.45
      vertex 93.5 130.5 1.45
      vertex 92.7929 131.207 1.45
    endloop
  endfacet
  facet normal 0 -0 1
    outer loop
      vertex 92.5761 30.1173 1.45
      vertex 93.5 30.5 1.45
      vertex 92.5 30.5 1.45
    endloop
  endfacet
  facet normal 0 0 1
    outer loop
      vertex 93.5 130.5 1.45
      vertex 92.5761 130.883 1.45
      vertex 92.5 130.5 1.45
    endloop
  endfacet
  facet normal 0 0 1
    outer loop
      vertex 93.5 30.5 1.45
      vertex 93.1173 29.5761 1.45
      vertex 93.5 29.5 1.45
    endloop
  endfacet
  facet normal 0 0 1
    outer loop
      vertex 93.5 30.5 1.45
      vertex 92.7929 29.7929 1.45
      vertex 93.1173 29.5761 1.45
    endloop
  endfacet
  facet normal 0 0 1
    outer loop
      vertex 93.5 30.5 1.45
      vertex 92.5761 30.1173 1.45
      vertex 92.7929 29.7929 1.45
    endloop
  endfacet
  facet normal 0 0 1
    outer loop
      vertex 193.5 130.5 1.45
      vertex 194.5 130.5 1.45
      vertex 194.424 130.883 1.45
    endloop
  endfacet
  facet normal 0 0 1
    outer loop
      vertex 194.5 130.5 1.45
      vertex 193.5 130.5 1.45
      vertex 194.5 30.5 1.45
    endloop
  endfacet
  facet normal 0 0 1
    outer loop
      vertex 193.5 130.5 1.45
      vertex 194.424 130.883 1.45
      vertex 194.207 131.207 1.45
    endloop
  endfacet
  facet normal 0 0 1
    outer loop
      vertex 193.5 30.5 1.45
      vertex 194.5 30.5 1.45
      vertex 193.5 130.5 1.45
    endloop
  endfacet
  facet normal 0 0 1
    outer loop
      vertex 193.5 130.5 1.45
      vertex 194.207 131.207 1.45
      vertex 193.883 131.424 1.45
    endloop
  endfacet
  facet normal 0 0 1
    outer loop
      vertex 194.5 30.5 1.45
      vertex 193.5 30.5 1.45
      vertex 194.424 30.1173 1.45
    endloop
  endfacet
  facet normal 0 0 1
    outer loop
      vertex 193.5 130.5 1.45
      vertex 193.883 131.424 1.45
      vertex 193.5 131.5 1.45
    endloop
  endfacet
  facet normal 0 0 1
    outer loop
      vertex 194.424 30.1173 1.45
      vertex 193.5 30.5 1.45
      vertex 194.207 29.7929 1.45
    endloop
  endfacet
  facet normal 0 0 1
    outer loop
      vertex 194.207 29.7929 1.45
      vertex 193.5 30.5 1.45
      vertex 193.883 29.5761 1.45
    endloop
  endfacet
  facet normal 0 0 1
    outer loop
      vertex 193.5 30.5 1.45
      vertex 193.5 29.5 1.45
      vertex 193.883 29.5761 1.45
    endloop
  endfacet
  facet normal -0 0 1
    outer loop
      vertex 93.5 30.5 1.45
      vertex 193.5 29.5 1.45
      vertex 193.5 30.5 1.45
    endloop
  endfacet
  facet normal 0 0 1
    outer loop
      vertex 193.5 29.5 1.45
      vertex 93.5 30.5 1.45
      vertex 93.5 29.5 1.45
    endloop
  endfacet
  facet normal 0 0 1
    outer loop
      vertex 110.498 115.5 1.45
      vertex 111.5 115.5 1.45
      vertex 111.475 115.892 1.45
    endloop
  endfacet
  facet normal 0 0 1
    outer loop
      vertex 110.481 115.76 1.45
      vertex 111.475 115.892 1.45
      vertex 111.397 116.276 1.45
    endloop
  endfacet
  facet normal 0 0 1
    outer loop
      vertex 111.5 115.5 1.45
      vertex 110.498 115.5 1.45
      vertex 111.475 115.108 1.45
    endloop
  endfacet
  facet normal 0 0 1
    outer loop
      vertex 110.43 116.017 1.45
      vertex 111.397 116.276 1.45
      vertex 111.271 116.648 1.45
    endloop
  endfacet
  facet normal -0 0 1
    outer loop
      vertex 110.481 115.24 1.45
      vertex 111.475 115.108 1.45
      vertex 110.498 115.5 1.45
    endloop
  endfacet
  facet normal 0 0 1
    outer loop
      vertex 110.346 116.265 1.45
      vertex 111.271 116.648 1.45
      vertex 111.098 117 1.45
    endloop
  endfacet
  facet normal 0 0 1
    outer loop
      vertex 111.475 115.108 1.45
      vertex 110.481 115.24 1.45
      vertex 111.397 114.724 1.45
    endloop
  endfacet
  facet normal 0 0 1
    outer loop
      vertex 110.23 116.499 1.45
      vertex 111.098 117 1.45
      vertex 110.88 117.326 1.45
    endloop
  endfacet
  facet normal -0 0 1
    outer loop
      vertex 110.43 114.983 1.45
      vertex 111.397 114.724 1.45
      vertex 110.481 115.24 1.45
    endloop
  endfacet
  facet normal 0 0 1
    outer loop
      vertex 110.085 116.716 1.45
      vertex 110.88 117.326 1.45
      vertex 110.621 117.621 1.45
    endloop
  endfacet
  facet normal 0 0 1
    outer loop
      vertex 111.397 114.724 1.45
      vertex 110.43 114.983 1.45
      vertex 111.271 114.352 1.45
    endloop
  endfacet
  facet normal -0 0 1
    outer loop
      vertex 110.346 114.735 1.45
      vertex 111.271 114.352 1.45
      vertex 110.43 114.983 1.45
    endloop
  endfacet
  facet normal 0 0 1
    outer loop
      vertex 111.475 115.892 1.45
      vertex 110.481 115.76 1.45
      vertex 110.498 115.5 1.45
    endloop
  endfacet
  facet normal 0 0 1
    outer loop
      vertex 111.397 116.276 1.45
      vertex 110.43 116.017 1.45
      vertex 110.481 115.76 1.45
    endloop
  endfacet
  facet normal 0 0 1
    outer loop
      vertex 111.271 116.648 1.45
      vertex 110.346 116.265 1.45
      vertex 110.43 116.017 1.45
    endloop
  endfacet
  facet normal 0 0 1
    outer loop
      vertex 109.912 116.912 1.45
      vertex 110.621 117.621 1.45
      vertex 110.326 117.88 1.45
    endloop
  endfacet
  facet normal 0 0 1
    outer loop
      vertex 111.098 117 1.45
      vertex 110.23 116.499 1.45
      vertex 110.346 116.265 1.45
    endloop
  endfacet
  facet normal 0 0 1
    outer loop
      vertex 110.88 117.326 1.45
      vertex 110.085 116.716 1.45
      vertex 110.23 116.499 1.45
    endloop
  endfacet
  facet normal 0 0 1
    outer loop
      vertex 109.716 117.085 1.45
      vertex 110.326 117.88 1.45
      vertex 110 118.098 1.45
    endloop
  endfacet
  facet normal 0 0 1
    outer loop
      vertex 110.621 117.621 1.45
      vertex 109.912 116.912 1.45
      vertex 110.085 116.716 1.45
    endloop
  endfacet
  facet normal 0 0 1
    outer loop
      vertex 110.326 117.88 1.45
      vertex 109.716 117.085 1.45
      vertex 109.912 116.912 1.45
    endloop
  endfacet
  facet normal 0 0 1
    outer loop
      vertex 109.499 117.23 1.45
      vertex 110 118.098 1.45
      vertex 109.648 118.271 1.45
    endloop
  endfacet
  facet normal 0 0 1
    outer loop
      vertex 110 118.098 1.45
      vertex 109.499 117.23 1.45
      vertex 109.716 117.085 1.45
    endloop
  endfacet
  facet normal 0 0 1
    outer loop
      vertex 109.265 117.346 1.45
      vertex 109.648 118.271 1.45
      vertex 109.276 118.397 1.45
    endloop
  endfacet
  facet normal 0 0 1
    outer loop
      vertex 109.648 118.271 1.45
      vertex 109.265 117.346 1.45
      vertex 109.499 117.23 1.45
    endloop
  endfacet
  facet normal 0 0 1
    outer loop
      vertex 109.276 118.397 1.45
      vertex 109.017 117.43 1.45
      vertex 109.265 117.346 1.45
    endloop
  endfacet
  facet normal 0 0 1
    outer loop
      vertex 108.892 118.475 1.45
      vertex 109.017 117.43 1.45
      vertex 109.276 118.397 1.45
    endloop
  endfacet
  facet normal 0 0 1
    outer loop
      vertex 108.892 118.475 1.45
      vertex 108.76 117.481 1.45
      vertex 109.017 117.43 1.45
    endloop
  endfacet
  facet normal 0 0 1
    outer loop
      vertex 108.5 118.5 1.45
      vertex 108.76 117.481 1.45
      vertex 108.892 118.475 1.45
    endloop
  endfacet
  facet normal 0 0 1
    outer loop
      vertex 108.5 118.5 1.45
      vertex 108.5 117.498 1.45
      vertex 108.76 117.481 1.45
    endloop
  endfacet
  facet normal 0 0 1
    outer loop
      vertex 108.5 118.5 1.45
      vertex 108.24 117.481 1.45
      vertex 108.5 117.498 1.45
    endloop
  endfacet
  facet normal -0 0 1
    outer loop
      vertex 108.108 118.475 1.45
      vertex 108.24 117.481 1.45
      vertex 108.5 118.5 1.45
    endloop
  endfacet
  facet normal 0 0 1
    outer loop
      vertex 108.108 118.475 1.45
      vertex 107.983 117.43 1.45
      vertex 108.24 117.481 1.45
    endloop
  endfacet
  facet normal -0 0 1
    outer loop
      vertex 107.724 118.397 1.45
      vertex 107.983 117.43 1.45
      vertex 108.108 118.475 1.45
    endloop
  endfacet
  facet normal 0 0 1
    outer loop
      vertex 107.983 117.43 1.45
      vertex 107.724 118.397 1.45
      vertex 107.735 117.346 1.45
    endloop
  endfacet
  facet normal -0 0 1
    outer loop
      vertex 107.352 118.271 1.45
      vertex 107.735 117.346 1.45
      vertex 107.724 118.397 1.45
    endloop
  endfacet
  facet normal 0 0 1
    outer loop
      vertex 107.735 117.346 1.45
      vertex 107.352 118.271 1.45
      vertex 107.501 117.23 1.45
    endloop
  endfacet
  facet normal -0 0 1
    outer loop
      vertex 107 118.098 1.45
      vertex 107.501 117.23 1.45
      vertex 107.352 118.271 1.45
    endloop
  endfacet
  facet normal 0 0 1
    outer loop
      vertex 107.501 117.23 1.45
      vertex 107 118.098 1.45
      vertex 107.284 117.085 1.45
    endloop
  endfacet
  facet normal -0 0 1
    outer loop
      vertex 106.674 117.88 1.45
      vertex 107.284 117.085 1.45
      vertex 107 118.098 1.45
    endloop
  endfacet
  facet normal 0 0 1
    outer loop
      vertex 107.284 117.085 1.45
      vertex 106.674 117.88 1.45
      vertex 107.088 116.912 1.45
    endloop
  endfacet
  facet normal -0 0 1
    outer loop
      vertex 106.379 117.621 1.45
      vertex 107.088 116.912 1.45
      vertex 106.674 117.88 1.45
    endloop
  endfacet
  facet normal 0 0 1
    outer loop
      vertex 107.088 116.912 1.45
      vertex 106.379 117.621 1.45
      vertex 106.915 116.716 1.45
    endloop
  endfacet
  facet normal -0 0 1
    outer loop
      vertex 106.12 117.326 1.45
      vertex 106.915 116.716 1.45
      vertex 106.379 117.621 1.45
    endloop
  endfacet
  facet normal 0 0 1
    outer loop
      vertex 106.915 116.716 1.45
      vertex 106.12 117.326 1.45
      vertex 106.77 116.499 1.45
    endloop
  endfacet
  facet normal -0 0 1
    outer loop
      vertex 105.902 117 1.45
      vertex 106.77 116.499 1.45
      vertex 106.12 117.326 1.45
    endloop
  endfacet
  facet normal -0 0 1
    outer loop
      vertex 105.729 116.648 1.45
      vertex 106.654 116.265 1.45
      vertex 105.902 117 1.45
    endloop
  endfacet
  facet normal 0 0 1
    outer loop
      vertex 106.77 116.499 1.45
      vertex 105.902 117 1.45
      vertex 106.654 116.265 1.45
    endloop
  endfacet
  facet normal 0 0 1
    outer loop
      vertex 111.271 114.352 1.45
      vertex 110.346 114.735 1.45
      vertex 111.098 114 1.45
    endloop
  endfacet
  facet normal -0 0 1
    outer loop
      vertex 110.23 114.501 1.45
      vertex 111.098 114 1.45
      vertex 110.346 114.735 1.45
    endloop
  endfacet
  facet normal 0 0 1
    outer loop
      vertex 111.098 114 1.45
      vertex 110.23 114.501 1.45
      vertex 110.88 113.674 1.45
    endloop
  endfacet
  facet normal -0 0 1
    outer loop
      vertex 110.085 114.284 1.45
      vertex 110.88 113.674 1.45
      vertex 110.23 114.501 1.45
    endloop
  endfacet
  facet normal 0 0 1
    outer loop
      vertex 110.88 113.674 1.45
      vertex 110.085 114.284 1.45
      vertex 110.621 113.379 1.45
    endloop
  endfacet
  facet normal -0 0 1
    outer loop
      vertex 109.912 114.088 1.45
      vertex 110.621 113.379 1.45
      vertex 110.085 114.284 1.45
    endloop
  endfacet
  facet normal 0 0 1
    outer loop
      vertex 110.621 113.379 1.45
      vertex 109.912 114.088 1.45
      vertex 110.326 113.12 1.45
    endloop
  endfacet
  facet normal -0 0 1
    outer loop
      vertex 109.716 113.915 1.45
      vertex 110.326 113.12 1.45
      vertex 109.912 114.088 1.45
    endloop
  endfacet
  facet normal 0 0 1
    outer loop
      vertex 110.326 113.12 1.45
      vertex 109.716 113.915 1.45
      vertex 110 112.902 1.45
    endloop
  endfacet
  facet normal -0 0 1
    outer loop
      vertex 109.499 113.77 1.45
      vertex 110 112.902 1.45
      vertex 109.716 113.915 1.45
    endloop
  endfacet
  facet normal 0 0 1
    outer loop
      vertex 110 112.902 1.45
      vertex 109.499 113.77 1.45
      vertex 109.648 112.729 1.45
    endloop
  endfacet
  facet normal -0 0 1
    outer loop
      vertex 109.265 113.654 1.45
      vertex 109.648 112.729 1.45
      vertex 109.499 113.77 1.45
    endloop
  endfacet
  facet normal 0 0 1
    outer loop
      vertex 109.648 112.729 1.45
      vertex 109.265 113.654 1.45
      vertex 109.276 112.603 1.45
    endloop
  endfacet
  facet normal -0 0 1
    outer loop
      vertex 109.017 113.57 1.45
      vertex 109.276 112.603 1.45
      vertex 109.265 113.654 1.45
    endloop
  endfacet
  facet normal 0 0 1
    outer loop
      vertex 109.017 113.57 1.45
      vertex 108.892 112.525 1.45
      vertex 109.276 112.603 1.45
    endloop
  endfacet
  facet normal -0 0 1
    outer loop
      vertex 108.76 113.519 1.45
      vertex 108.892 112.525 1.45
      vertex 109.017 113.57 1.45
    endloop
  endfacet
  facet normal -0 0 1
    outer loop
      vertex 108.5 113.502 1.45
      vertex 108.892 112.525 1.45
      vertex 108.76 113.519 1.45
    endloop
  endfacet
  facet normal 0 0 1
    outer loop
      vertex 108.5 113.502 1.45
      vertex 108.5 112.5 1.45
      vertex 108.892 112.525 1.45
    endloop
  endfacet
  facet normal 0 0 1
    outer loop
      vertex 108.24 113.519 1.45
      vertex 108.5 112.5 1.45
      vertex 108.5 113.502 1.45
    endloop
  endfacet
  facet normal 0 0 1
    outer loop
      vertex 108.24 113.519 1.45
      vertex 108.108 112.525 1.45
      vertex 108.5 112.5 1.45
    endloop
  endfacet
  facet normal 0 0 1
    outer loop
      vertex 107.983 113.57 1.45
      vertex 108.108 112.525 1.45
      vertex 108.24 113.519 1.45
    endloop
  endfacet
  facet normal 0 0 1
    outer loop
      vertex 107.724 112.603 1.45
      vertex 107.983 113.57 1.45
      vertex 107.735 113.654 1.45
    endloop
  endfacet
  facet normal 0 0 1
    outer loop
      vertex 107.983 113.57 1.45
      vertex 107.724 112.603 1.45
      vertex 108.108 112.525 1.45
    endloop
  endfacet
  facet normal 0 0 1
    outer loop
      vertex 107.352 112.729 1.45
      vertex 107.735 113.654 1.45
      vertex 107.501 113.77 1.45
    endloop
  endfacet
  facet normal 0 0 1
    outer loop
      vertex 107.735 113.654 1.45
      vertex 107.352 112.729 1.45
      vertex 107.724 112.603 1.45
    endloop
  endfacet
  facet normal 0 0 1
    outer loop
      vertex 107 112.902 1.45
      vertex 107.501 113.77 1.45
      vertex 107.284 113.915 1.45
    endloop
  endfacet
  facet normal 0 0 1
    outer loop
      vertex 106.674 113.12 1.45
      vertex 107.284 113.915 1.45
      vertex 107.088 114.088 1.45
    endloop
  endfacet
  facet normal 0 0 1
    outer loop
      vertex 107.501 113.77 1.45
      vertex 107 112.902 1.45
      vertex 107.352 112.729 1.45
    endloop
  endfacet
  facet normal 0 0 1
    outer loop
      vertex 106.379 113.379 1.45
      vertex 107.088 114.088 1.45
      vertex 106.915 114.284 1.45
    endloop
  endfacet
  facet normal 0 0 1
    outer loop
      vertex 106.12 113.674 1.45
      vertex 106.915 114.284 1.45
      vertex 106.77 114.501 1.45
    endloop
  endfacet
  facet normal 0 0 1
    outer loop
      vertex 107.284 113.915 1.45
      vertex 106.674 113.12 1.45
      vertex 107 112.902 1.45
    endloop
  endfacet
  facet normal 0 0 1
    outer loop
      vertex 105.902 114 1.45
      vertex 106.77 114.501 1.45
      vertex 106.654 114.735 1.45
    endloop
  endfacet
  facet normal 0 0 1
    outer loop
      vertex 105.729 114.352 1.45
      vertex 106.654 114.735 1.45
      vertex 106.57 114.983 1.45
    endloop
  endfacet
  facet normal 0 0 1
    outer loop
      vertex 105.603 114.724 1.45
      vertex 106.57 114.983 1.45
      vertex 106.519 115.24 1.45
    endloop
  endfacet
  facet normal 0 0 1
    outer loop
      vertex 107.088 114.088 1.45
      vertex 106.379 113.379 1.45
      vertex 106.674 113.12 1.45
    endloop
  endfacet
  facet normal 0 0 1
    outer loop
      vertex 105.525 115.108 1.45
      vertex 106.519 115.24 1.45
      vertex 106.502 115.5 1.45
    endloop
  endfacet
  facet normal 0 0 1
    outer loop
      vertex 106.654 116.265 1.45
      vertex 105.729 116.648 1.45
      vertex 106.57 116.017 1.45
    endloop
  endfacet
  facet normal -0 0 1
    outer loop
      vertex 105.603 116.276 1.45
      vertex 106.57 116.017 1.45
      vertex 105.729 116.648 1.45
    endloop
  endfacet
  facet normal 0 0 1
    outer loop
      vertex 106.915 114.284 1.45
      vertex 106.12 113.674 1.45
      vertex 106.379 113.379 1.45
    endloop
  endfacet
  facet normal 0 0 1
    outer loop
      vertex 106.57 116.017 1.45
      vertex 105.603 116.276 1.45
      vertex 106.519 115.76 1.45
    endloop
  endfacet
  facet normal 0 0 1
    outer loop
      vertex 106.77 114.501 1.45
      vertex 105.902 114 1.45
      vertex 106.12 113.674 1.45
    endloop
  endfacet
  facet normal -0 0 1
    outer loop
      vertex 105.525 115.892 1.45
      vertex 106.519 115.76 1.45
      vertex 105.603 116.276 1.45
    endloop
  endfacet
  facet normal 0 0 1
    outer loop
      vertex 106.654 114.735 1.45
      vertex 105.729 114.352 1.45
      vertex 105.902 114 1.45
    endloop
  endfacet
  facet normal 0 0 1
    outer loop
      vertex 106.519 115.76 1.45
      vertex 105.525 115.892 1.45
      vertex 106.502 115.5 1.45
    endloop
  endfacet
  facet normal 0 0 1
    outer loop
      vertex 106.57 114.983 1.45
      vertex 105.603 114.724 1.45
      vertex 105.729 114.352 1.45
    endloop
  endfacet
  facet normal 0 0 1
    outer loop
      vertex 105.5 115.5 1.45
      vertex 106.502 115.5 1.45
      vertex 105.525 115.892 1.45
    endloop
  endfacet
  facet normal 0 0 1
    outer loop
      vertex 106.519 115.24 1.45
      vertex 105.525 115.108 1.45
      vertex 105.603 114.724 1.45
    endloop
  endfacet
  facet normal 0 0 1
    outer loop
      vertex 106.502 115.5 1.45
      vertex 105.5 115.5 1.45
      vertex 105.525 115.108 1.45
    endloop
  endfacet
  facet normal 0 0 1
    outer loop
      vertex 110.498 42.5 1.45
      vertex 111.5 42.5 1.45
      vertex 111.475 42.8916 1.45
    endloop
  endfacet
  facet normal 0 0 1
    outer loop
      vertex 110.481 42.7604 1.45
      vertex 111.475 42.8916 1.45
      vertex 111.397 43.2764 1.45
    endloop
  endfacet
  facet normal 0 0 1
    outer loop
      vertex 111.5 42.5 1.45
      vertex 110.498 42.5 1.45
      vertex 111.475 42.1084 1.45
    endloop
  endfacet
  facet normal 0 0 1
    outer loop
      vertex 110.43 43.0167 1.45
      vertex 111.397 43.2764 1.45
      vertex 111.271 43.6484 1.45
    endloop
  endfacet
  facet normal -0 0 1
    outer loop
      vertex 110.481 42.2396 1.45
      vertex 111.475 42.1084 1.45
      vertex 110.498 42.5 1.45
    endloop
  endfacet
  facet normal 0 0 1
    outer loop
      vertex 110.346 43.2648 1.45
      vertex 111.271 43.6484 1.45
      vertex 111.098 44 1.45
    endloop
  endfacet
  facet normal 0 0 1
    outer loop
      vertex 111.475 42.1084 1.45
      vertex 110.481 42.2396 1.45
      vertex 111.397 41.7236 1.45
    endloop
  endfacet
  facet normal 0 0 1
    outer loop
      vertex 110.23 43.4987 1.45
      vertex 111.098 44 1.45
      vertex 110.88 44.3262 1.45
    endloop
  endfacet
  facet normal -0 0 1
    outer loop
      vertex 110.43 41.9833 1.45
      vertex 111.397 41.7236 1.45
      vertex 110.481 42.2396 1.45
    endloop
  endfacet
  facet normal 0 0 1
    outer loop
      vertex 110.085 43.7161 1.45
      vertex 110.88 44.3262 1.45
      vertex 110.621 44.6211 1.45
    endloop
  endfacet
  facet normal 0 0 1
    outer loop
      vertex 111.397 41.7236 1.45
      vertex 110.43 41.9833 1.45
      vertex 111.271 41.3516 1.45
    endloop
  endfacet
  facet normal -0 0 1
    outer loop
      vertex 110.346 41.7352 1.45
      vertex 111.271 41.3516 1.45
      vertex 110.43 41.9833 1.45
    endloop
  endfacet
  facet normal 0 0 1
    outer loop
      vertex 111.475 42.8916 1.45
      vertex 110.481 42.7604 1.45
      vertex 110.498 42.5 1.45
    endloop
  endfacet
  facet normal 0 0 1
    outer loop
      vertex 111.397 43.2764 1.45
      vertex 110.43 43.0167 1.45
      vertex 110.481 42.7604 1.45
    endloop
  endfacet
  facet normal 0 0 1
    outer loop
      vertex 111.271 43.6484 1.45
      vertex 110.346 43.2648 1.45
      vertex 110.43 43.0167 1.45
    endloop
  endfacet
  facet normal 0 0 1
    outer loop
      vertex 109.912 43.9125 1.45
      vertex 110.621 44.6211 1.45
      vertex 110.326 44.8799 1.45
    endloop
  endfacet
  facet normal 0 0 1
    outer loop
      vertex 111.098 44 1.45
      vertex 110.23 43.4987 1.45
      vertex 110.346 43.2648 1.45
    endloop
  endfacet
  facet normal 0 0 1
    outer loop
      vertex 110.88 44.3262 1.45
      vertex 110.085 43.7161 1.45
      vertex 110.23 43.4987 1.45
    endloop
  endfacet
  facet normal 0 0 1
    outer loop
      vertex 109.716 44.0848 1.45
      vertex 110.326 44.8799 1.45
      vertex 110 45.0977 1.45
    endloop
  endfacet
  facet normal 0 0 1
    outer loop
      vertex 110.621 44.6211 1.45
      vertex 109.912 43.9125 1.45
      vertex 110.085 43.7161 1.45
    endloop
  endfacet
  facet normal 0 0 1
    outer loop
      vertex 110.326 44.8799 1.45
      vertex 109.716 44.0848 1.45
      vertex 109.912 43.9125 1.45
    endloop
  endfacet
  facet normal 0 0 1
    outer loop
      vertex 109.499 44.23 1.45
      vertex 110 45.0977 1.45
      vertex 109.648 45.2715 1.45
    endloop
  endfacet
  facet normal 0 0 1
    outer loop
      vertex 110 45.0977 1.45
      vertex 109.499 44.23 1.45
      vertex 109.716 44.0848 1.45
    endloop
  endfacet
  facet normal 0 0 1
    outer loop
      vertex 109.265 44.3456 1.45
      vertex 109.648 45.2715 1.45
      vertex 109.276 45.3975 1.45
    endloop
  endfacet
  facet normal 0 0 1
    outer loop
      vertex 109.648 45.2715 1.45
      vertex 109.265 44.3456 1.45
      vertex 109.499 44.23 1.45
    endloop
  endfacet
  facet normal 0 0 1
    outer loop
      vertex 109.276 45.3975 1.45
      vertex 109.017 44.4296 1.45
      vertex 109.265 44.3456 1.45
    endloop
  endfacet
  facet normal 0 0 1
    outer loop
      vertex 108.892 45.4746 1.45
      vertex 109.017 44.4296 1.45
      vertex 109.276 45.3975 1.45
    endloop
  endfacet
  facet normal 0 0 1
    outer loop
      vertex 108.892 45.4746 1.45
      vertex 108.76 44.481 1.45
      vertex 109.017 44.4296 1.45
    endloop
  endfacet
  facet normal 0 0 1
    outer loop
      vertex 108.5 45.5 1.45
      vertex 108.76 44.481 1.45
      vertex 108.892 45.4746 1.45
    endloop
  endfacet
  facet normal 0 0 1
    outer loop
      vertex 108.5 45.5 1.45
      vertex 108.5 44.4979 1.45
      vertex 108.76 44.481 1.45
    endloop
  endfacet
  facet normal 0 0 1
    outer loop
      vertex 108.5 45.5 1.45
      vertex 108.24 44.481 1.45
      vertex 108.5 44.4979 1.45
    endloop
  endfacet
  facet normal -0 0 1
    outer loop
      vertex 108.108 45.4746 1.45
      vertex 108.24 44.481 1.45
      vertex 108.5 45.5 1.45
    endloop
  endfacet
  facet normal 0 0 1
    outer loop
      vertex 108.108 45.4746 1.45
      vertex 107.983 44.4296 1.45
      vertex 108.24 44.481 1.45
    endloop
  endfacet
  facet normal -0 0 1
    outer loop
      vertex 107.724 45.3975 1.45
      vertex 107.983 44.4296 1.45
      vertex 108.108 45.4746 1.45
    endloop
  endfacet
  facet normal 0 0 1
    outer loop
      vertex 107.983 44.4296 1.45
      vertex 107.724 45.3975 1.45
      vertex 107.735 44.3456 1.45
    endloop
  endfacet
  facet normal -0 0 1
    outer loop
      vertex 107.352 45.2715 1.45
      vertex 107.735 44.3456 1.45
      vertex 107.724 45.3975 1.45
    endloop
  endfacet
  facet normal 0 0 1
    outer loop
      vertex 107.735 44.3456 1.45
      vertex 107.352 45.2715 1.45
      vertex 107.501 44.23 1.45
    endloop
  endfacet
  facet normal -0 0 1
    outer loop
      vertex 107 45.0977 1.45
      vertex 107.501 44.23 1.45
      vertex 107.352 45.2715 1.45
    endloop
  endfacet
  facet normal 0 0 1
    outer loop
      vertex 107.501 44.23 1.45
      vertex 107 45.0977 1.45
      vertex 107.284 44.0848 1.45
    endloop
  endfacet
  facet normal -0 0 1
    outer loop
      vertex 106.674 44.8799 1.45
      vertex 107.284 44.0848 1.45
      vertex 107 45.0977 1.45
    endloop
  endfacet
  facet normal 0 0 1
    outer loop
      vertex 107.284 44.0848 1.45
      vertex 106.674 44.8799 1.45
      vertex 107.088 43.9125 1.45
    endloop
  endfacet
  facet normal -0 0 1
    outer loop
      vertex 106.379 44.6211 1.45
      vertex 107.088 43.9125 1.45
      vertex 106.674 44.8799 1.45
    endloop
  endfacet
  facet normal 0 0 1
    outer loop
      vertex 107.088 43.9125 1.45
      vertex 106.379 44.6211 1.45
      vertex 106.915 43.7161 1.45
    endloop
  endfacet
  facet normal -0 0 1
    outer loop
      vertex 106.12 44.3262 1.45
      vertex 106.915 43.7161 1.45
      vertex 106.379 44.6211 1.45
    endloop
  endfacet
  facet normal 0 0 1
    outer loop
      vertex 106.915 43.7161 1.45
      vertex 106.12 44.3262 1.45
      vertex 106.77 43.4987 1.45
    endloop
  endfacet
  facet normal -0 0 1
    outer loop
      vertex 105.902 44 1.45
      vertex 106.77 43.4987 1.45
      vertex 106.12 44.3262 1.45
    endloop
  endfacet
  facet normal -0 0 1
    outer loop
      vertex 105.729 43.6484 1.45
      vertex 106.654 43.2648 1.45
      vertex 105.902 44 1.45
    endloop
  endfacet
  facet normal 0 0 1
    outer loop
      vertex 106.77 43.4987 1.45
      vertex 105.902 44 1.45
      vertex 106.654 43.2648 1.45
    endloop
  endfacet
  facet normal 0 0 1
    outer loop
      vertex 111.271 41.3516 1.45
      vertex 110.346 41.7352 1.45
      vertex 111.098 41 1.45
    endloop
  endfacet
  facet normal -0 0 1
    outer loop
      vertex 110.23 41.5013 1.45
      vertex 111.098 41 1.45
      vertex 110.346 41.7352 1.45
    endloop
  endfacet
  facet normal 0 0 1
    outer loop
      vertex 111.098 41 1.45
      vertex 110.23 41.5013 1.45
      vertex 110.88 40.6738 1.45
    endloop
  endfacet
  facet normal -0 0 1
    outer loop
      vertex 110.085 41.2839 1.45
      vertex 110.88 40.6738 1.45
      vertex 110.23 41.5013 1.45
    endloop
  endfacet
  facet normal 0 0 1
    outer loop
      vertex 110.88 40.6738 1.45
      vertex 110.085 41.2839 1.45
      vertex 110.621 40.3789 1.45
    endloop
  endfacet
  facet normal -0 0 1
    outer loop
      vertex 109.912 41.0875 1.45
      vertex 110.621 40.3789 1.45
      vertex 110.085 41.2839 1.45
    endloop
  endfacet
  facet normal 0 0 1
    outer loop
      vertex 110.621 40.3789 1.45
      vertex 109.912 41.0875 1.45
      vertex 110.326 40.1201 1.45
    endloop
  endfacet
  facet normal -0 0 1
    outer loop
      vertex 109.716 40.9152 1.45
      vertex 110.326 40.1201 1.45
      vertex 109.912 41.0875 1.45
    endloop
  endfacet
  facet normal 0 0 1
    outer loop
      vertex 110.326 40.1201 1.45
      vertex 109.716 40.9152 1.45
      vertex 110 39.9023 1.45
    endloop
  endfacet
  facet normal -0 0 1
    outer loop
      vertex 109.499 40.77 1.45
      vertex 110 39.9023 1.45
      vertex 109.716 40.9152 1.45
    endloop
  endfacet
  facet normal 0 0 1
    outer loop
      vertex 110 39.9023 1.45
      vertex 109.499 40.77 1.45
      vertex 109.648 39.7285 1.45
    endloop
  endfacet
  facet normal -0 0 1
    outer loop
      vertex 109.265 40.6544 1.45
      vertex 109.648 39.7285 1.45
      vertex 109.499 40.77 1.45
    endloop
  endfacet
  facet normal 0 0 1
    outer loop
      vertex 109.648 39.7285 1.45
      vertex 109.265 40.6544 1.45
      vertex 109.276 39.6025 1.45
    endloop
  endfacet
  facet normal -0 0 1
    outer loop
      vertex 109.017 40.5704 1.45
      vertex 109.276 39.6025 1.45
      vertex 109.265 40.6544 1.45
    endloop
  endfacet
  facet normal 0 0 1
    outer loop
      vertex 109.017 40.5704 1.45
      vertex 108.892 39.5254 1.45
      vertex 109.276 39.6025 1.45
    endloop
  endfacet
  facet normal -0 0 1
    outer loop
      vertex 108.76 40.519 1.45
      vertex 108.892 39.5254 1.45
      vertex 109.017 40.5704 1.45
    endloop
  endfacet
  facet normal -0 0 1
    outer loop
      vertex 108.5 40.5021 1.45
      vertex 108.892 39.5254 1.45
      vertex 108.76 40.519 1.45
    endloop
  endfacet
  facet normal 0 0 1
    outer loop
      vertex 108.5 40.5021 1.45
      vertex 108.5 39.5 1.45
      vertex 108.892 39.5254 1.45
    endloop
  endfacet
  facet normal 0 0 1
    outer loop
      vertex 108.24 40.519 1.45
      vertex 108.5 39.5 1.45
      vertex 108.5 40.5021 1.45
    endloop
  endfacet
  facet normal 0 0 1
    outer loop
      vertex 108.24 40.519 1.45
      vertex 108.108 39.5254 1.45
      vertex 108.5 39.5 1.45
    endloop
  endfacet
  facet normal 0 0 1
    outer loop
      vertex 107.983 40.5704 1.45
      vertex 108.108 39.5254 1.45
      vertex 108.24 40.519 1.45
    endloop
  endfacet
  facet normal 0 0 1
    outer loop
      vertex 107.724 39.6025 1.45
      vertex 107.983 40.5704 1.45
      vertex 107.735 40.6544 1.45
    endloop
  endfacet
  facet normal 0 0 1
    outer loop
      vertex 107.983 40.5704 1.45
      vertex 107.724 39.6025 1.45
      vertex 108.108 39.5254 1.45
    endloop
  endfacet
  facet normal 0 0 1
    outer loop
      vertex 107.352 39.7285 1.45
      vertex 107.735 40.6544 1.45
      vertex 107.501 40.77 1.45
    endloop
  endfacet
  facet normal 0 0 1
    outer loop
      vertex 107.735 40.6544 1.45
      vertex 107.352 39.7285 1.45
      vertex 107.724 39.6025 1.45
    endloop
  endfacet
  facet normal 0 0 1
    outer loop
      vertex 107 39.9023 1.45
      vertex 107.501 40.77 1.45
      vertex 107.284 40.9152 1.45
    endloop
  endfacet
  facet normal 0 0 1
    outer loop
      vertex 106.674 40.1201 1.45
      vertex 107.284 40.9152 1.45
      vertex 107.088 41.0875 1.45
    endloop
  endfacet
  facet normal 0 0 1
    outer loop
      vertex 107.501 40.77 1.45
      vertex 107 39.9023 1.45
      vertex 107.352 39.7285 1.45
    endloop
  endfacet
  facet normal 0 0 1
    outer loop
      vertex 106.379 40.3789 1.45
      vertex 107.088 41.0875 1.45
      vertex 106.915 41.2839 1.45
    endloop
  endfacet
  facet normal 0 0 1
    outer loop
      vertex 106.12 40.6738 1.45
      vertex 106.915 41.2839 1.45
      vertex 106.77 41.5013 1.45
    endloop
  endfacet
  facet normal 0 0 1
    outer loop
      vertex 107.284 40.9152 1.45
      vertex 106.674 40.1201 1.45
      vertex 107 39.9023 1.45
    endloop
  endfacet
  facet normal 0 0 1
    outer loop
      vertex 105.902 41 1.45
      vertex 106.77 41.5013 1.45
      vertex 106.654 41.7352 1.45
    endloop
  endfacet
  facet normal 0 0 1
    outer loop
      vertex 105.729 41.3516 1.45
      vertex 106.654 41.7352 1.45
      vertex 106.57 41.9833 1.45
    endloop
  endfacet
  facet normal 0 0 1
    outer loop
      vertex 105.603 41.7236 1.45
      vertex 106.57 41.9833 1.45
      vertex 106.519 42.2396 1.45
    endloop
  endfacet
  facet normal 0 0 1
    outer loop
      vertex 107.088 41.0875 1.45
      vertex 106.379 40.3789 1.45
      vertex 106.674 40.1201 1.45
    endloop
  endfacet
  facet normal 0 0 1
    outer loop
      vertex 105.525 42.1084 1.45
      vertex 106.519 42.2396 1.45
      vertex 106.502 42.5 1.45
    endloop
  endfacet
  facet normal 0 0 1
    outer loop
      vertex 106.654 43.2648 1.45
      vertex 105.729 43.6484 1.45
      vertex 106.57 43.0167 1.45
    endloop
  endfacet
  facet normal -0 0 1
    outer loop
      vertex 105.603 43.2764 1.45
      vertex 106.57 43.0167 1.45
      vertex 105.729 43.6484 1.45
    endloop
  endfacet
  facet normal 0 0 1
    outer loop
      vertex 106.915 41.2839 1.45
      vertex 106.12 40.6738 1.45
      vertex 106.379 40.3789 1.45
    endloop
  endfacet
  facet normal 0 0 1
    outer loop
      vertex 106.57 43.0167 1.45
      vertex 105.603 43.2764 1.45
      vertex 106.519 42.7604 1.45
    endloop
  endfacet
  facet normal 0 0 1
    outer loop
      vertex 106.77 41.5013 1.45
      vertex 105.902 41 1.45
      vertex 106.12 40.6738 1.45
    endloop
  endfacet
  facet normal -0 0 1
    outer loop
      vertex 105.525 42.8916 1.45
      vertex 106.519 42.7604 1.45
      vertex 105.603 43.2764 1.45
    endloop
  endfacet
  facet normal 0 0 1
    outer loop
      vertex 106.654 41.7352 1.45
      vertex 105.729 41.3516 1.45
      vertex 105.902 41 1.45
    endloop
  endfacet
  facet normal 0 0 1
    outer loop
      vertex 106.519 42.7604 1.45
      vertex 105.525 42.8916 1.45
      vertex 106.502 42.5 1.45
    endloop
  endfacet
  facet normal 0 0 1
    outer loop
      vertex 106.57 41.9833 1.45
      vertex 105.603 41.7236 1.45
      vertex 105.729 41.3516 1.45
    endloop
  endfacet
  facet normal 0 0 1
    outer loop
      vertex 105.5 42.5 1.45
      vertex 106.502 42.5 1.45
      vertex 105.525 42.8916 1.45
    endloop
  endfacet
  facet normal 0 0 1
    outer loop
      vertex 106.519 42.2396 1.45
      vertex 105.525 42.1084 1.45
      vertex 105.603 41.7236 1.45
    endloop
  endfacet
  facet normal 0 0 1
    outer loop
      vertex 106.502 42.5 1.45
      vertex 105.5 42.5 1.45
      vertex 105.525 42.1084 1.45
    endloop
  endfacet
  facet normal 0 0 1
    outer loop
      vertex 178.498 115.5 1.45
      vertex 179.5 115.5 1.45
      vertex 179.475 115.892 1.45
    endloop
  endfacet
  facet normal 0 0 1
    outer loop
      vertex 178.481 115.76 1.45
      vertex 179.475 115.892 1.45
      vertex 179.397 116.276 1.45
    endloop
  endfacet
  facet normal 0 0 1
    outer loop
      vertex 179.5 115.5 1.45
      vertex 178.498 115.5 1.45
      vertex 179.475 115.108 1.45
    endloop
  endfacet
  facet normal 0 0 1
    outer loop
      vertex 178.43 116.017 1.45
      vertex 179.397 116.276 1.45
      vertex 179.271 116.648 1.45
    endloop
  endfacet
  facet normal -0 0 1
    outer loop
      vertex 178.481 115.24 1.45
      vertex 179.475 115.108 1.45
      vertex 178.498 115.5 1.45
    endloop
  endfacet
  facet normal 0 0 1
    outer loop
      vertex 178.346 116.265 1.45
      vertex 179.271 116.648 1.45
      vertex 179.098 117 1.45
    endloop
  endfacet
  facet normal 0 0 1
    outer loop
      vertex 179.475 115.108 1.45
      vertex 178.481 115.24 1.45
      vertex 179.397 114.724 1.45
    endloop
  endfacet
  facet normal 0 0 1
    outer loop
      vertex 178.23 116.499 1.45
      vertex 179.098 117 1.45
      vertex 178.88 117.326 1.45
    endloop
  endfacet
  facet normal -0 0 1
    outer loop
      vertex 178.43 114.983 1.45
      vertex 179.397 114.724 1.45
      vertex 178.481 115.24 1.45
    endloop
  endfacet
  facet normal 0 0 1
    outer loop
      vertex 178.085 116.716 1.45
      vertex 178.88 117.326 1.45
      vertex 178.621 117.621 1.45
    endloop
  endfacet
  facet normal 0 0 1
    outer loop
      vertex 179.397 114.724 1.45
      vertex 178.43 114.983 1.45
      vertex 179.271 114.352 1.45
    endloop
  endfacet
  facet normal -0 0 1
    outer loop
      vertex 178.346 114.735 1.45
      vertex 179.271 114.352 1.45
      vertex 178.43 114.983 1.45
    endloop
  endfacet
  facet normal 0 0 1
    outer loop
      vertex 179.475 115.892 1.45
      vertex 178.481 115.76 1.45
      vertex 178.498 115.5 1.45
    endloop
  endfacet
  facet normal 0 0 1
    outer loop
      vertex 179.397 116.276 1.45
      vertex 178.43 116.017 1.45
      vertex 178.481 115.76 1.45
    endloop
  endfacet
  facet normal 0 0 1
    outer loop
      vertex 179.271 116.648 1.45
      vertex 178.346 116.265 1.45
      vertex 178.43 116.017 1.45
    endloop
  endfacet
  facet normal 0 0 1
    outer loop
      vertex 177.912 116.912 1.45
      vertex 178.621 117.621 1.45
      vertex 178.326 117.88 1.45
    endloop
  endfacet
  facet normal 0 0 1
    outer loop
      vertex 179.098 117 1.45
      vertex 178.23 116.499 1.45
      vertex 178.346 116.265 1.45
    endloop
  endfacet
  facet normal 0 0 1
    outer loop
      vertex 178.88 117.326 1.45
      vertex 178.085 116.716 1.45
      vertex 178.23 116.499 1.45
    endloop
  endfacet
  facet normal 0 0 1
    outer loop
      vertex 177.716 117.085 1.45
      vertex 178.326 117.88 1.45
      vertex 178 118.098 1.45
    endloop
  endfacet
  facet normal 0 0 1
    outer loop
      vertex 178.621 117.621 1.45
      vertex 177.912 116.912 1.45
      vertex 178.085 116.716 1.45
    endloop
  endfacet
  facet normal 0 0 1
    outer loop
      vertex 178.326 117.88 1.45
      vertex 177.716 117.085 1.45
      vertex 177.912 116.912 1.45
    endloop
  endfacet
  facet normal 0 0 1
    outer loop
      vertex 177.499 117.23 1.45
      vertex 178 118.098 1.45
      vertex 177.648 118.271 1.45
    endloop
  endfacet
  facet normal 0 0 1
    outer loop
      vertex 178 118.098 1.45
      vertex 177.499 117.23 1.45
      vertex 177.716 117.085 1.45
    endloop
  endfacet
  facet normal 0 0 1
    outer loop
      vertex 177.265 117.346 1.45
      vertex 177.648 118.271 1.45
      vertex 177.276 118.397 1.45
    endloop
  endfacet
  facet normal 0 0 1
    outer loop
      vertex 177.648 118.271 1.45
      vertex 177.265 117.346 1.45
      vertex 177.499 117.23 1.45
    endloop
  endfacet
  facet normal 0 0 1
    outer loop
      vertex 177.276 118.397 1.45
      vertex 177.017 117.43 1.45
      vertex 177.265 117.346 1.45
    endloop
  endfacet
  facet normal 0 0 1
    outer loop
      vertex 176.892 118.475 1.45
      vertex 177.017 117.43 1.45
      vertex 177.276 118.397 1.45
    endloop
  endfacet
  facet normal 0 0 1
    outer loop
      vertex 176.892 118.475 1.45
      vertex 176.76 117.481 1.45
      vertex 177.017 117.43 1.45
    endloop
  endfacet
  facet normal 0 0 1
    outer loop
      vertex 176.5 118.5 1.45
      vertex 176.76 117.481 1.45
      vertex 176.892 118.475 1.45
    endloop
  endfacet
  facet normal 0 0 1
    outer loop
      vertex 176.5 118.5 1.45
      vertex 176.5 117.498 1.45
      vertex 176.76 117.481 1.45
    endloop
  endfacet
  facet normal 0 0 1
    outer loop
      vertex 176.5 118.5 1.45
      vertex 176.24 117.481 1.45
      vertex 176.5 117.498 1.45
    endloop
  endfacet
  facet normal -0 0 1
    outer loop
      vertex 176.108 118.475 1.45
      vertex 176.24 117.481 1.45
      vertex 176.5 118.5 1.45
    endloop
  endfacet
  facet normal 0 0 1
    outer loop
      vertex 176.108 118.475 1.45
      vertex 175.983 117.43 1.45
      vertex 176.24 117.481 1.45
    endloop
  endfacet
  facet normal -0 0 1
    outer loop
      vertex 175.724 118.397 1.45
      vertex 175.983 117.43 1.45
      vertex 176.108 118.475 1.45
    endloop
  endfacet
  facet normal 0 0 1
    outer loop
      vertex 175.983 117.43 1.45
      vertex 175.724 118.397 1.45
      vertex 175.735 117.346 1.45
    endloop
  endfacet
  facet normal -0 0 1
    outer loop
      vertex 175.352 118.271 1.45
      vertex 175.735 117.346 1.45
      vertex 175.724 118.397 1.45
    endloop
  endfacet
  facet normal 0 0 1
    outer loop
      vertex 175.735 117.346 1.45
      vertex 175.352 118.271 1.45
      vertex 175.501 117.23 1.45
    endloop
  endfacet
  facet normal -0 0 1
    outer loop
      vertex 175 118.098 1.45
      vertex 175.501 117.23 1.45
      vertex 175.352 118.271 1.45
    endloop
  endfacet
  facet normal 0 0 1
    outer loop
      vertex 175.501 117.23 1.45
      vertex 175 118.098 1.45
      vertex 175.284 117.085 1.45
    endloop
  endfacet
  facet normal -0 0 1
    outer loop
      vertex 174.674 117.88 1.45
      vertex 175.284 117.085 1.45
      vertex 175 118.098 1.45
    endloop
  endfacet
  facet normal 0 0 1
    outer loop
      vertex 175.284 117.085 1.45
      vertex 174.674 117.88 1.45
      vertex 175.088 116.912 1.45
    endloop
  endfacet
  facet normal -0 0 1
    outer loop
      vertex 174.379 117.621 1.45
      vertex 175.088 116.912 1.45
      vertex 174.674 117.88 1.45
    endloop
  endfacet
  facet normal 0 0 1
    outer loop
      vertex 175.088 116.912 1.45
      vertex 174.379 117.621 1.45
      vertex 174.915 116.716 1.45
    endloop
  endfacet
  facet normal -0 0 1
    outer loop
      vertex 174.12 117.326 1.45
      vertex 174.915 116.716 1.45
      vertex 174.379 117.621 1.45
    endloop
  endfacet
  facet normal 0 0 1
    outer loop
      vertex 174.915 116.716 1.45
      vertex 174.12 117.326 1.45
      vertex 174.77 116.499 1.45
    endloop
  endfacet
  facet normal -0 0 1
    outer loop
      vertex 173.902 117 1.45
      vertex 174.77 116.499 1.45
      vertex 174.12 117.326 1.45
    endloop
  endfacet
  facet normal -0 0 1
    outer loop
      vertex 173.729 116.648 1.45
      vertex 174.654 116.265 1.45
      vertex 173.902 117 1.45
    endloop
  endfacet
  facet normal 0 0 1
    outer loop
      vertex 174.77 116.499 1.45
      vertex 173.902 117 1.45
      vertex 174.654 116.265 1.45
    endloop
  endfacet
  facet normal 0 0 1
    outer loop
      vertex 179.271 114.352 1.45
      vertex 178.346 114.735 1.45
      vertex 179.098 114 1.45
    endloop
  endfacet
  facet normal -0 0 1
    outer loop
      vertex 178.23 114.501 1.45
      vertex 179.098 114 1.45
      vertex 178.346 114.735 1.45
    endloop
  endfacet
  facet normal 0 0 1
    outer loop
      vertex 179.098 114 1.45
      vertex 178.23 114.501 1.45
      vertex 178.88 113.674 1.45
    endloop
  endfacet
  facet normal -0 0 1
    outer loop
      vertex 178.085 114.284 1.45
      vertex 178.88 113.674 1.45
      vertex 178.23 114.501 1.45
    endloop
  endfacet
  facet normal 0 0 1
    outer loop
      vertex 178.88 113.674 1.45
      vertex 178.085 114.284 1.45
      vertex 178.621 113.379 1.45
    endloop
  endfacet
  facet normal -0 0 1
    outer loop
      vertex 177.912 114.088 1.45
      vertex 178.621 113.379 1.45
      vertex 178.085 114.284 1.45
    endloop
  endfacet
  facet normal 0 0 1
    outer loop
      vertex 178.621 113.379 1.45
      vertex 177.912 114.088 1.45
      vertex 178.326 113.12 1.45
    endloop
  endfacet
  facet normal -0 0 1
    outer loop
      vertex 177.716 113.915 1.45
      vertex 178.326 113.12 1.45
      vertex 177.912 114.088 1.45
    endloop
  endfacet
  facet normal 0 0 1
    outer loop
      vertex 178.326 113.12 1.45
      vertex 177.716 113.915 1.45
      vertex 178 112.902 1.45
    endloop
  endfacet
  facet normal -0 0 1
    outer loop
      vertex 177.499 113.77 1.45
      vertex 178 112.902 1.45
      vertex 177.716 113.915 1.45
    endloop
  endfacet
  facet normal 0 0 1
    outer loop
      vertex 178 112.902 1.45
      vertex 177.499 113.77 1.45
      vertex 177.648 112.729 1.45
    endloop
  endfacet
  facet normal -0 0 1
    outer loop
      vertex 177.265 113.654 1.45
      vertex 177.648 112.729 1.45
      vertex 177.499 113.77 1.45
    endloop
  endfacet
  facet normal 0 0 1
    outer loop
      vertex 177.648 112.729 1.45
      vertex 177.265 113.654 1.45
      vertex 177.276 112.603 1.45
    endloop
  endfacet
  facet normal -0 0 1
    outer loop
      vertex 177.017 113.57 1.45
      vertex 177.276 112.603 1.45
      vertex 177.265 113.654 1.45
    endloop
  endfacet
  facet normal 0 0 1
    outer loop
      vertex 177.017 113.57 1.45
      vertex 176.892 112.525 1.45
      vertex 177.276 112.603 1.45
    endloop
  endfacet
  facet normal -0 0 1
    outer loop
      vertex 176.76 113.519 1.45
      vertex 176.892 112.525 1.45
      vertex 177.017 113.57 1.45
    endloop
  endfacet
  facet normal -0 0 1
    outer loop
      vertex 176.5 113.502 1.45
      vertex 176.892 112.525 1.45
      vertex 176.76 113.519 1.45
    endloop
  endfacet
  facet normal 0 0 1
    outer loop
      vertex 176.5 113.502 1.45
      vertex 176.5 112.5 1.45
      vertex 176.892 112.525 1.45
    endloop
  endfacet
  facet normal 0 0 1
    outer loop
      vertex 176.24 113.519 1.45
      vertex 176.5 112.5 1.45
      vertex 176.5 113.502 1.45
    endloop
  endfacet
  facet normal 0 0 1
    outer loop
      vertex 176.24 113.519 1.45
      vertex 176.108 112.525 1.45
      vertex 176.5 112.5 1.45
    endloop
  endfacet
  facet normal 0 0 1
    outer loop
      vertex 175.983 113.57 1.45
      vertex 176.108 112.525 1.45
      vertex 176.24 113.519 1.45
    endloop
  endfacet
  facet normal 0 0 1
    outer loop
      vertex 175.724 112.603 1.45
      vertex 175.983 113.57 1.45
      vertex 175.735 113.654 1.45
    endloop
  endfacet
  facet normal 0 0 1
    outer loop
      vertex 175.983 113.57 1.45
      vertex 175.724 112.603 1.45
      vertex 176.108 112.525 1.45
    endloop
  endfacet
  facet normal 0 0 1
    outer loop
      vertex 175.352 112.729 1.45
      vertex 175.735 113.654 1.45
      vertex 175.501 113.77 1.45
    endloop
  endfacet
  facet normal 0 0 1
    outer loop
      vertex 175.735 113.654 1.45
      vertex 175.352 112.729 1.45
      vertex 175.724 112.603 1.45
    endloop
  endfacet
  facet normal 0 0 1
    outer loop
      vertex 175 112.902 1.45
      vertex 175.501 113.77 1.45
      vertex 175.284 113.915 1.45
    endloop
  endfacet
  facet normal 0 0 1
    outer loop
      vertex 174.674 113.12 1.45
      vertex 175.284 113.915 1.45
      vertex 175.088 114.088 1.45
    endloop
  endfacet
  facet normal 0 0 1
    outer loop
      vertex 175.501 113.77 1.45
      vertex 175 112.902 1.45
      vertex 175.352 112.729 1.45
    endloop
  endfacet
  facet normal 0 0 1
    outer loop
      vertex 174.379 113.379 1.45
      vertex 175.088 114.088 1.45
      vertex 174.915 114.284 1.45
    endloop
  endfacet
  facet normal 0 0 1
    outer loop
      vertex 174.12 113.674 1.45
      vertex 174.915 114.284 1.45
      vertex 174.77 114.501 1.45
    endloop
  endfacet
  facet normal 0 0 1
    outer loop
      vertex 175.284 113.915 1.45
      vertex 174.674 113.12 1.45
      vertex 175 112.902 1.45
    endloop
  endfacet
  facet normal 0 0 1
    outer loop
      vertex 173.902 114 1.45
      vertex 174.77 114.501 1.45
      vertex 174.654 114.735 1.45
    endloop
  endfacet
  facet normal 0 0 1
    outer loop
      vertex 173.729 114.352 1.45
      vertex 174.654 114.735 1.45
      vertex 174.57 114.983 1.45
    endloop
  endfacet
  facet normal 0 0 1
    outer loop
      vertex 173.603 114.724 1.45
      vertex 174.57 114.983 1.45
      vertex 174.519 115.24 1.45
    endloop
  endfacet
  facet normal 0 0 1
    outer loop
      vertex 175.088 114.088 1.45
      vertex 174.379 113.379 1.45
      vertex 174.674 113.12 1.45
    endloop
  endfacet
  facet normal 0 0 1
    outer loop
      vertex 173.525 115.108 1.45
      vertex 174.519 115.24 1.45
      vertex 174.502 115.5 1.45
    endloop
  endfacet
  facet normal 0 0 1
    outer loop
      vertex 174.654 116.265 1.45
      vertex 173.729 116.648 1.45
      vertex 174.57 116.017 1.45
    endloop
  endfacet
  facet normal -0 0 1
    outer loop
      vertex 173.603 116.276 1.45
      vertex 174.57 116.017 1.45
      vertex 173.729 116.648 1.45
    endloop
  endfacet
  facet normal 0 0 1
    outer loop
      vertex 174.915 114.284 1.45
      vertex 174.12 113.674 1.45
      vertex 174.379 113.379 1.45
    endloop
  endfacet
  facet normal 0 0 1
    outer loop
      vertex 174.57 116.017 1.45
      vertex 173.603 116.276 1.45
      vertex 174.519 115.76 1.45
    endloop
  endfacet
  facet normal 0 0 1
    outer loop
      vertex 174.77 114.501 1.45
      vertex 173.902 114 1.45
      vertex 174.12 113.674 1.45
    endloop
  endfacet
  facet normal -0 0 1
    outer loop
      vertex 173.525 115.892 1.45
      vertex 174.519 115.76 1.45
      vertex 173.603 116.276 1.45
    endloop
  endfacet
  facet normal 0 0 1
    outer loop
      vertex 174.654 114.735 1.45
      vertex 173.729 114.352 1.45
      vertex 173.902 114 1.45
    endloop
  endfacet
  facet normal 0 0 1
    outer loop
      vertex 174.519 115.76 1.45
      vertex 173.525 115.892 1.45
      vertex 174.502 115.5 1.45
    endloop
  endfacet
  facet normal 0 0 1
    outer loop
      vertex 174.57 114.983 1.45
      vertex 173.603 114.724 1.45
      vertex 173.729 114.352 1.45
    endloop
  endfacet
  facet normal 0 0 1
    outer loop
      vertex 173.5 115.5 1.45
      vertex 174.502 115.5 1.45
      vertex 173.525 115.892 1.45
    endloop
  endfacet
  facet normal 0 0 1
    outer loop
      vertex 174.519 115.24 1.45
      vertex 173.525 115.108 1.45
      vertex 173.603 114.724 1.45
    endloop
  endfacet
  facet normal 0 0 1
    outer loop
      vertex 174.502 115.5 1.45
      vertex 173.5 115.5 1.45
      vertex 173.525 115.108 1.45
    endloop
  endfacet
  facet normal 0 0 1
    outer loop
      vertex 178.498 42.5 1.45
      vertex 179.5 42.5 1.45
      vertex 179.475 42.8916 1.45
    endloop
  endfacet
  facet normal 0 0 1
    outer loop
      vertex 178.481 42.7604 1.45
      vertex 179.475 42.8916 1.45
      vertex 179.397 43.2764 1.45
    endloop
  endfacet
  facet normal 0 0 1
    outer loop
      vertex 179.5 42.5 1.45
      vertex 178.498 42.5 1.45
      vertex 179.475 42.1084 1.45
    endloop
  endfacet
  facet normal 0 0 1
    outer loop
      vertex 178.43 43.0167 1.45
      vertex 179.397 43.2764 1.45
      vertex 179.271 43.6484 1.45
    endloop
  endfacet
  facet normal -0 0 1
    outer loop
      vertex 178.481 42.2396 1.45
      vertex 179.475 42.1084 1.45
      vertex 178.498 42.5 1.45
    endloop
  endfacet
  facet normal 0 0 1
    outer loop
      vertex 178.346 43.2648 1.45
      vertex 179.271 43.6484 1.45
      vertex 179.098 44 1.45
    endloop
  endfacet
  facet normal 0 0 1
    outer loop
      vertex 179.475 42.1084 1.45
      vertex 178.481 42.2396 1.45
      vertex 179.397 41.7236 1.45
    endloop
  endfacet
  facet normal 0 0 1
    outer loop
      vertex 178.23 43.4987 1.45
      vertex 179.098 44 1.45
      vertex 178.88 44.3262 1.45
    endloop
  endfacet
  facet normal -0 0 1
    outer loop
      vertex 178.43 41.9833 1.45
      vertex 179.397 41.7236 1.45
      vertex 178.481 42.2396 1.45
    endloop
  endfacet
  facet normal 0 0 1
    outer loop
      vertex 178.085 43.7161 1.45
      vertex 178.88 44.3262 1.45
      vertex 178.621 44.6211 1.45
    endloop
  endfacet
  facet normal 0 0 1
    outer loop
      vertex 179.397 41.7236 1.45
      vertex 178.43 41.9833 1.45
      vertex 179.271 41.3516 1.45
    endloop
  endfacet
  facet normal -0 0 1
    outer loop
      vertex 178.346 41.7352 1.45
      vertex 179.271 41.3516 1.45
      vertex 178.43 41.9833 1.45
    endloop
  endfacet
  facet normal 0 0 1
    outer loop
      vertex 179.475 42.8916 1.45
      vertex 178.481 42.7604 1.45
      vertex 178.498 42.5 1.45
    endloop
  endfacet
  facet normal 0 0 1
    outer loop
      vertex 179.397 43.2764 1.45
      vertex 178.43 43.0167 1.45
      vertex 178.481 42.7604 1.45
    endloop
  endfacet
  facet normal 0 0 1
    outer loop
      vertex 179.271 43.6484 1.45
      vertex 178.346 43.2648 1.45
      vertex 178.43 43.0167 1.45
    endloop
  endfacet
  facet normal 0 0 1
    outer loop
      vertex 177.912 43.9125 1.45
      vertex 178.621 44.6211 1.45
      vertex 178.326 44.8799 1.45
    endloop
  endfacet
  facet normal 0 0 1
    outer loop
      vertex 179.098 44 1.45
      vertex 178.23 43.4987 1.45
      vertex 178.346 43.2648 1.45
    endloop
  endfacet
  facet normal 0 0 1
    outer loop
      vertex 178.88 44.3262 1.45
      vertex 178.085 43.7161 1.45
      vertex 178.23 43.4987 1.45
    endloop
  endfacet
  facet normal 0 0 1
    outer loop
      vertex 177.716 44.0848 1.45
      vertex 178.326 44.8799 1.45
      vertex 178 45.0977 1.45
    endloop
  endfacet
  facet normal 0 0 1
    outer loop
      vertex 178.621 44.6211 1.45
      vertex 177.912 43.9125 1.45
      vertex 178.085 43.7161 1.45
    endloop
  endfacet
  facet normal 0 0 1
    outer loop
      vertex 178.326 44.8799 1.45
      vertex 177.716 44.0848 1.45
      vertex 177.912 43.9125 1.45
    endloop
  endfacet
  facet normal 0 0 1
    outer loop
      vertex 177.499 44.23 1.45
      vertex 178 45.0977 1.45
      vertex 177.648 45.2715 1.45
    endloop
  endfacet
  facet normal 0 0 1
    outer loop
      vertex 178 45.0977 1.45
      vertex 177.499 44.23 1.45
      vertex 177.716 44.0848 1.45
    endloop
  endfacet
  facet normal 0 0 1
    outer loop
      vertex 177.265 44.3456 1.45
      vertex 177.648 45.2715 1.45
      vertex 177.276 45.3975 1.45
    endloop
  endfacet
  facet normal 0 0 1
    outer loop
      vertex 177.648 45.2715 1.45
      vertex 177.265 44.3456 1.45
      vertex 177.499 44.23 1.45
    endloop
  endfacet
  facet normal 0 0 1
    outer loop
      vertex 177.276 45.3975 1.45
      vertex 177.017 44.4296 1.45
      vertex 177.265 44.3456 1.45
    endloop
  endfacet
  facet normal 0 0 1
    outer loop
      vertex 176.892 45.4746 1.45
      vertex 177.017 44.4296 1.45
      vertex 177.276 45.3975 1.45
    endloop
  endfacet
  facet normal 0 0 1
    outer loop
      vertex 176.892 45.4746 1.45
      vertex 176.76 44.481 1.45
      vertex 177.017 44.4296 1.45
    endloop
  endfacet
  facet normal 0 0 1
    outer loop
      vertex 176.5 45.5 1.45
      vertex 176.76 44.481 1.45
      vertex 176.892 45.4746 1.45
    endloop
  endfacet
  facet normal 0 0 1
    outer loop
      vertex 176.5 45.5 1.45
      vertex 176.5 44.4979 1.45
      vertex 176.76 44.481 1.45
    endloop
  endfacet
  facet normal 0 0 1
    outer loop
      vertex 176.5 45.5 1.45
      vertex 176.24 44.481 1.45
      vertex 176.5 44.4979 1.45
    endloop
  endfacet
  facet normal -0 0 1
    outer loop
      vertex 176.108 45.4746 1.45
      vertex 176.24 44.481 1.45
      vertex 176.5 45.5 1.45
    endloop
  endfacet
  facet normal 0 0 1
    outer loop
      vertex 176.108 45.4746 1.45
      vertex 175.983 44.4296 1.45
      vertex 176.24 44.481 1.45
    endloop
  endfacet
  facet normal -0 0 1
    outer loop
      vertex 175.724 45.3975 1.45
      vertex 175.983 44.4296 1.45
      vertex 176.108 45.4746 1.45
    endloop
  endfacet
  facet normal 0 0 1
    outer loop
      vertex 175.983 44.4296 1.45
      vertex 175.724 45.3975 1.45
      vertex 175.735 44.3456 1.45
    endloop
  endfacet
  facet normal -0 0 1
    outer loop
      vertex 175.352 45.2715 1.45
      vertex 175.735 44.3456 1.45
      vertex 175.724 45.3975 1.45
    endloop
  endfacet
  facet normal 0 0 1
    outer loop
      vertex 175.735 44.3456 1.45
      vertex 175.352 45.2715 1.45
      vertex 175.501 44.23 1.45
    endloop
  endfacet
  facet normal -0 0 1
    outer loop
      vertex 175 45.0977 1.45
      vertex 175.501 44.23 1.45
      vertex 175.352 45.2715 1.45
    endloop
  endfacet
  facet normal 0 0 1
    outer loop
      vertex 175.501 44.23 1.45
      vertex 175 45.0977 1.45
      vertex 175.284 44.0848 1.45
    endloop
  endfacet
  facet normal -0 0 1
    outer loop
      vertex 174.674 44.8799 1.45
      vertex 175.284 44.0848 1.45
      vertex 175 45.0977 1.45
    endloop
  endfacet
  facet normal 0 0 1
    outer loop
      vertex 175.284 44.0848 1.45
      vertex 174.674 44.8799 1.45
      vertex 175.088 43.9125 1.45
    endloop
  endfacet
  facet normal -0 0 1
    outer loop
      vertex 174.379 44.6211 1.45
      vertex 175.088 43.9125 1.45
      vertex 174.674 44.8799 1.45
    endloop
  endfacet
  facet normal 0 0 1
    outer loop
      vertex 175.088 43.9125 1.45
      vertex 174.379 44.6211 1.45
      vertex 174.915 43.7161 1.45
    endloop
  endfacet
  facet normal -0 0 1
    outer loop
      vertex 174.12 44.3262 1.45
      vertex 174.915 43.7161 1.45
      vertex 174.379 44.6211 1.45
    endloop
  endfacet
  facet normal 0 0 1
    outer loop
      vertex 174.915 43.7161 1.45
      vertex 174.12 44.3262 1.45
      vertex 174.77 43.4987 1.45
    endloop
  endfacet
  facet normal -0 0 1
    outer loop
      vertex 173.902 44 1.45
      vertex 174.77 43.4987 1.45
      vertex 174.12 44.3262 1.45
    endloop
  endfacet
  facet normal -0 0 1
    outer loop
      vertex 173.729 43.6484 1.45
      vertex 174.654 43.2648 1.45
      vertex 173.902 44 1.45
    endloop
  endfacet
  facet normal 0 0 1
    outer loop
      vertex 174.77 43.4987 1.45
      vertex 173.902 44 1.45
      vertex 174.654 43.2648 1.45
    endloop
  endfacet
  facet normal 0 0 1
    outer loop
      vertex 179.271 41.3516 1.45
      vertex 178.346 41.7352 1.45
      vertex 179.098 41 1.45
    endloop
  endfacet
  facet normal -0 0 1
    outer loop
      vertex 178.23 41.5013 1.45
      vertex 179.098 41 1.45
      vertex 178.346 41.7352 1.45
    endloop
  endfacet
  facet normal 0 0 1
    outer loop
      vertex 179.098 41 1.45
      vertex 178.23 41.5013 1.45
      vertex 178.88 40.6738 1.45
    endloop
  endfacet
  facet normal -0 0 1
    outer loop
      vertex 178.085 41.2839 1.45
      vertex 178.88 40.6738 1.45
      vertex 178.23 41.5013 1.45
    endloop
  endfacet
  facet normal 0 0 1
    outer loop
      vertex 178.88 40.6738 1.45
      vertex 178.085 41.2839 1.45
      vertex 178.621 40.3789 1.45
    endloop
  endfacet
  facet normal -0 0 1
    outer loop
      vertex 177.912 41.0875 1.45
      vertex 178.621 40.3789 1.45
      vertex 178.085 41.2839 1.45
    endloop
  endfacet
  facet normal 0 0 1
    outer loop
      vertex 178.621 40.3789 1.45
      vertex 177.912 41.0875 1.45
      vertex 178.326 40.1201 1.45
    endloop
  endfacet
  facet normal -0 0 1
    outer loop
      vertex 177.716 40.9152 1.45
      vertex 178.326 40.1201 1.45
      vertex 177.912 41.0875 1.45
    endloop
  endfacet
  facet normal 0 0 1
    outer loop
      vertex 178.326 40.1201 1.45
      vertex 177.716 40.9152 1.45
      vertex 178 39.9023 1.45
    endloop
  endfacet
  facet normal -0 0 1
    outer loop
      vertex 177.499 40.77 1.45
      vertex 178 39.9023 1.45
      vertex 177.716 40.9152 1.45
    endloop
  endfacet
  facet normal 0 0 1
    outer loop
      vertex 178 39.9023 1.45
      vertex 177.499 40.77 1.45
      vertex 177.648 39.7285 1.45
    endloop
  endfacet
  facet normal -0 0 1
    outer loop
      vertex 177.265 40.6544 1.45
      vertex 177.648 39.7285 1.45
      vertex 177.499 40.77 1.45
    endloop
  endfacet
  facet normal 0 0 1
    outer loop
      vertex 177.648 39.7285 1.45
      vertex 177.265 40.6544 1.45
      vertex 177.276 39.6025 1.45
    endloop
  endfacet
  facet normal -0 0 1
    outer loop
      vertex 177.017 40.5704 1.45
      vertex 177.276 39.6025 1.45
      vertex 177.265 40.6544 1.45
    endloop
  endfacet
  facet normal 0 0 1
    outer loop
      vertex 177.017 40.5704 1.45
      vertex 176.892 39.5254 1.45
      vertex 177.276 39.6025 1.45
    endloop
  endfacet
  facet normal -0 0 1
    outer loop
      vertex 176.76 40.519 1.45
      vertex 176.892 39.5254 1.45
      vertex 177.017 40.5704 1.45
    endloop
  endfacet
  facet normal -0 0 1
    outer loop
      vertex 176.5 40.5021 1.45
      vertex 176.892 39.5254 1.45
      vertex 176.76 40.519 1.45
    endloop
  endfacet
  facet normal 0 0 1
    outer loop
      vertex 176.5 40.5021 1.45
      vertex 176.5 39.5 1.45
      vertex 176.892 39.5254 1.45
    endloop
  endfacet
  facet normal 0 0 1
    outer loop
      vertex 176.24 40.519 1.45
      vertex 176.5 39.5 1.45
      vertex 176.5 40.5021 1.45
    endloop
  endfacet
  facet normal 0 0 1
    outer loop
      vertex 176.24 40.519 1.45
      vertex 176.108 39.5254 1.45
      vertex 176.5 39.5 1.45
    endloop
  endfacet
  facet normal 0 0 1
    outer loop
      vertex 175.983 40.5704 1.45
      vertex 176.108 39.5254 1.45
      vertex 176.24 40.519 1.45
    endloop
  endfacet
  facet normal 0 0 1
    outer loop
      vertex 175.724 39.6025 1.45
      vertex 175.983 40.5704 1.45
      vertex 175.735 40.6544 1.45
    endloop
  endfacet
  facet normal 0 0 1
    outer loop
      vertex 175.983 40.5704 1.45
      vertex 175.724 39.6025 1.45
      vertex 176.108 39.5254 1.45
    endloop
  endfacet
  facet normal 0 0 1
    outer loop
      vertex 175.352 39.7285 1.45
      vertex 175.735 40.6544 1.45
      vertex 175.501 40.77 1.45
    endloop
  endfacet
  facet normal 0 0 1
    outer loop
      vertex 175.735 40.6544 1.45
      vertex 175.352 39.7285 1.45
      vertex 175.724 39.6025 1.45
    endloop
  endfacet
  facet normal 0 0 1
    outer loop
      vertex 175 39.9023 1.45
      vertex 175.501 40.77 1.45
      vertex 175.284 40.9152 1.45
    endloop
  endfacet
  facet normal 0 0 1
    outer loop
      vertex 174.674 40.1201 1.45
      vertex 175.284 40.9152 1.45
      vertex 175.088 41.0875 1.45
    endloop
  endfacet
  facet normal 0 0 1
    outer loop
      vertex 175.501 40.77 1.45
      vertex 175 39.9023 1.45
      vertex 175.352 39.7285 1.45
    endloop
  endfacet
  facet normal 0 0 1
    outer loop
      vertex 174.379 40.3789 1.45
      vertex 175.088 41.0875 1.45
      vertex 174.915 41.2839 1.45
    endloop
  endfacet
  facet normal 0 0 1
    outer loop
      vertex 174.12 40.6738 1.45
      vertex 174.915 41.2839 1.45
      vertex 174.77 41.5013 1.45
    endloop
  endfacet
  facet normal 0 0 1
    outer loop
      vertex 175.284 40.9152 1.45
      vertex 174.674 40.1201 1.45
      vertex 175 39.9023 1.45
    endloop
  endfacet
  facet normal 0 0 1
    outer loop
      vertex 173.902 41 1.45
      vertex 174.77 41.5013 1.45
      vertex 174.654 41.7352 1.45
    endloop
  endfacet
  facet normal 0 0 1
    outer loop
      vertex 173.729 41.3516 1.45
      vertex 174.654 41.7352 1.45
      vertex 174.57 41.9833 1.45
    endloop
  endfacet
  facet normal 0 0 1
    outer loop
      vertex 173.603 41.7236 1.45
      vertex 174.57 41.9833 1.45
      vertex 174.519 42.2396 1.45
    endloop
  endfacet
  facet normal 0 0 1
    outer loop
      vertex 175.088 41.0875 1.45
      vertex 174.379 40.3789 1.45
      vertex 174.674 40.1201 1.45
    endloop
  endfacet
  facet normal 0 0 1
    outer loop
      vertex 173.525 42.1084 1.45
      vertex 174.519 42.2396 1.45
      vertex 174.502 42.5 1.45
    endloop
  endfacet
  facet normal 0 0 1
    outer loop
      vertex 174.654 43.2648 1.45
      vertex 173.729 43.6484 1.45
      vertex 174.57 43.0167 1.45
    endloop
  endfacet
  facet normal -0 0 1
    outer loop
      vertex 173.603 43.2764 1.45
      vertex 174.57 43.0167 1.45
      vertex 173.729 43.6484 1.45
    endloop
  endfacet
  facet normal 0 0 1
    outer loop
      vertex 174.915 41.2839 1.45
      vertex 174.12 40.6738 1.45
      vertex 174.379 40.3789 1.45
    endloop
  endfacet
  facet normal 0 0 1
    outer loop
      vertex 174.57 43.0167 1.45
      vertex 173.603 43.2764 1.45
      vertex 174.519 42.7604 1.45
    endloop
  endfacet
  facet normal 0 0 1
    outer loop
      vertex 174.77 41.5013 1.45
      vertex 173.902 41 1.45
      vertex 174.12 40.6738 1.45
    endloop
  endfacet
  facet normal -0 0 1
    outer loop
      vertex 173.525 42.8916 1.45
      vertex 174.519 42.7604 1.45
      vertex 173.603 43.2764 1.45
    endloop
  endfacet
  facet normal 0 0 1
    outer loop
      vertex 174.654 41.7352 1.45
      vertex 173.729 41.3516 1.45
      vertex 173.902 41 1.45
    endloop
  endfacet
  facet normal 0 0 1
    outer loop
      vertex 174.519 42.7604 1.45
      vertex 173.525 42.8916 1.45
      vertex 174.502 42.5 1.45
    endloop
  endfacet
  facet normal 0 0 1
    outer loop
      vertex 174.57 41.9833 1.45
      vertex 173.603 41.7236 1.45
      vertex 173.729 41.3516 1.45
    endloop
  endfacet
  facet normal 0 0 1
    outer loop
      vertex 173.5 42.5 1.45
      vertex 174.502 42.5 1.45
      vertex 173.525 42.8916 1.45
    endloop
  endfacet
  facet normal 0 0 1
    outer loop
      vertex 174.519 42.2396 1.45
      vertex 173.525 42.1084 1.45
      vertex 173.603 41.7236 1.45
    endloop
  endfacet
  facet normal 0 0 1
    outer loop
      vertex 174.502 42.5 1.45
      vertex 173.5 42.5 1.45
      vertex 173.525 42.1084 1.45
    endloop
  endfacet
  facet normal 0.556474 0.830865 -0
    outer loop
      vertex 194.207 131.207 0
      vertex 193.883 131.424 1.45
      vertex 194.207 131.207 1.45
    endloop
  endfacet
  facet normal 0.556474 0.830865 0
    outer loop
      vertex 193.883 131.424 1.45
      vertex 194.207 131.207 0
      vertex 193.883 131.424 0
    endloop
  endfacet
  facet normal 0.830865 0.556474 0
    outer loop
      vertex 194.424 130.883 1.45
      vertex 194.207 131.207 0
      vertex 194.207 131.207 1.45
    endloop
  endfacet
  facet normal 0.830865 0.556474 0
    outer loop
      vertex 194.207 131.207 0
      vertex 194.424 130.883 1.45
      vertex 194.424 130.883 0
    endloop
  endfacet
  facet normal 0.980875 0.194638 0
    outer loop
      vertex 194.5 130.5 1.45
      vertex 194.424 130.883 0
      vertex 194.424 130.883 1.45
    endloop
  endfacet
  facet normal 0.980875 0.194638 0
    outer loop
      vertex 194.424 130.883 0
      vertex 194.5 130.5 1.45
      vertex 194.5 130.5 0
    endloop
  endfacet
  facet normal 1 -0 0
    outer loop
      vertex 194.5 30.5 1.45
      vertex 194.5 130.5 0
      vertex 194.5 130.5 1.45
    endloop
  endfacet
  facet normal 1 0 0
    outer loop
      vertex 194.5 130.5 0
      vertex 194.5 30.5 1.45
      vertex 194.5 30.5 0
    endloop
  endfacet
  facet normal 0.980846 -0.194785 0
    outer loop
      vertex 194.424 30.1173 1.45
      vertex 194.5 30.5 0
      vertex 194.5 30.5 1.45
    endloop
  endfacet
  facet normal 0.980846 -0.194785 0
    outer loop
      vertex 194.5 30.5 0
      vertex 194.424 30.1173 1.45
      vertex 194.424 30.1173 0
    endloop
  endfacet
  facet normal 0.831182 -0.556 0
    outer loop
      vertex 194.207 29.7929 1.45
      vertex 194.424 30.1173 0
      vertex 194.424 30.1173 1.45
    endloop
  endfacet
  facet normal 0.831182 -0.556 0
    outer loop
      vertex 194.424 30.1173 0
      vertex 194.207 29.7929 1.45
      vertex 194.207 29.7929 0
    endloop
  endfacet
  facet normal 0.55612 -0.831102 0
    outer loop
      vertex 193.883 29.5761 0
      vertex 194.207 29.7929 1.45
      vertex 193.883 29.5761 1.45
    endloop
  endfacet
  facet normal 0.55612 -0.831102 0
    outer loop
      vertex 194.207 29.7929 1.45
      vertex 193.883 29.5761 0
      vertex 194.207 29.7929 0
    endloop
  endfacet
  facet normal 0.194885 -0.980826 0
    outer loop
      vertex 193.5 29.5 0
      vertex 193.883 29.5761 1.45
      vertex 193.5 29.5 1.45
    endloop
  endfacet
  facet normal 0.194885 -0.980826 0
    outer loop
      vertex 193.883 29.5761 1.45
      vertex 193.5 29.5 0
      vertex 193.883 29.5761 0
    endloop
  endfacet
  facet normal 0 -1 0
    outer loop
      vertex 93.5 29.5 0
      vertex 193.5 29.5 1.45
      vertex 93.5 29.5 1.45
    endloop
  endfacet
  facet normal 0 -1 -0
    outer loop
      vertex 193.5 29.5 1.45
      vertex 93.5 29.5 0
      vertex 193.5 29.5 0
    endloop
  endfacet
  facet normal -0.195032 -0.980797 0
    outer loop
      vertex 93.1173 29.5761 0
      vertex 93.5 29.5 1.45
      vertex 93.1173 29.5761 1.45
    endloop
  endfacet
  facet normal -0.195032 -0.980797 -0
    outer loop
      vertex 93.5 29.5 1.45
      vertex 93.1173 29.5761 0
      vertex 93.5 29.5 0
    endloop
  endfacet
  facet normal -0.555646 -0.831419 0
    outer loop
      vertex 92.7929 29.7929 0
      vertex 93.1173 29.5761 1.45
      vertex 92.7929 29.7929 1.45
    endloop
  endfacet
  facet normal -0.555646 -0.831419 -0
    outer loop
      vertex 93.1173 29.5761 1.45
      vertex 92.7929 29.7929 0
      vertex 93.1173 29.5761 0
    endloop
  endfacet
  facet normal -0.831419 -0.555646 0
    outer loop
      vertex 92.7929 29.7929 0
      vertex 92.5761 30.1173 1.45
      vertex 92.5761 30.1173 0
    endloop
  endfacet
  facet normal -0.831419 -0.555646 0
    outer loop
      vertex 92.5761 30.1173 1.45
      vertex 92.7929 29.7929 0
      vertex 92.7929 29.7929 1.45
    endloop
  endfacet
  facet normal -0.980797 -0.195032 0
    outer loop
      vertex 92.5761 30.1173 0
      vertex 92.5 30.5 1.45
      vertex 92.5 30.5 0
    endloop
  endfacet
  facet normal -0.980797 -0.195032 0
    outer loop
      vertex 92.5 30.5 1.45
      vertex 92.5761 30.1173 0
      vertex 92.5761 30.1173 1.45
    endloop
  endfacet
  facet normal -1 0 0
    outer loop
      vertex 92.5 30.5 0
      vertex 92.5 130.5 1.45
      vertex 92.5 130.5 0
    endloop
  endfacet
  facet normal -1 -0 0
    outer loop
      vertex 92.5 130.5 1.45
      vertex 92.5 30.5 0
      vertex 92.5 30.5 1.45
    endloop
  endfacet
  facet normal -0.980826 0.194885 0
    outer loop
      vertex 92.5 130.5 0
      vertex 92.5761 130.883 1.45
      vertex 92.5761 130.883 0
    endloop
  endfacet
  facet normal -0.980826 0.194885 0
    outer loop
      vertex 92.5761 130.883 1.45
      vertex 92.5 130.5 0
      vertex 92.5 130.5 1.45
    endloop
  endfacet
  facet normal -0.831102 0.55612 0
    outer loop
      vertex 92.5761 130.883 0
      vertex 92.7929 131.207 1.45
      vertex 92.7929 131.207 0
    endloop
  endfacet
  facet normal -0.831102 0.55612 0
    outer loop
      vertex 92.7929 131.207 1.45
      vertex 92.5761 130.883 0
      vertex 92.5761 130.883 1.45
    endloop
  endfacet
  facet normal -0.556 0.831182 0
    outer loop
      vertex 93.1173 131.424 0
      vertex 92.7929 131.207 1.45
      vertex 93.1173 131.424 1.45
    endloop
  endfacet
  facet normal -0.556 0.831182 0
    outer loop
      vertex 92.7929 131.207 1.45
      vertex 93.1173 131.424 0
      vertex 92.7929 131.207 0
    endloop
  endfacet
  facet normal -0.194785 0.980846 0
    outer loop
      vertex 93.5 131.5 0
      vertex 93.1173 131.424 1.45
      vertex 93.5 131.5 1.45
    endloop
  endfacet
  facet normal -0.194785 0.980846 0
    outer loop
      vertex 93.1173 131.424 1.45
      vertex 93.5 131.5 0
      vertex 93.1173 131.424 0
    endloop
  endfacet
  facet normal 0 1 -0
    outer loop
      vertex 193.5 131.5 0
      vertex 93.5 131.5 1.45
      vertex 193.5 131.5 1.45
    endloop
  endfacet
  facet normal 0 1 0
    outer loop
      vertex 93.5 131.5 1.45
      vertex 193.5 131.5 0
      vertex 93.5 131.5 0
    endloop
  endfacet
  facet normal 0.194638 0.980875 -0
    outer loop
      vertex 193.883 131.424 0
      vertex 193.5 131.5 1.45
      vertex 193.883 131.424 1.45
    endloop
  endfacet
  facet normal 0.194638 0.980875 0
    outer loop
      vertex 193.5 131.5 1.45
      vertex 193.883 131.424 0
      vertex 193.5 131.5 0
    endloop
  endfacet
  facet normal 0.196116 -0.980581 0
    outer loop
      vertex 107.983 44.4296 0
      vertex 108.24 44.481 1.45
      vertex 107.983 44.4296 1.45
    endloop
  endfacet
  facet normal 0.196116 -0.980581 0
    outer loop
      vertex 108.24 44.481 1.45
      vertex 107.983 44.4296 0
      vertex 108.24 44.481 0
    endloop
  endfacet
  facet normal 0.320807 -0.947145 0
    outer loop
      vertex 107.735 44.3456 0
      vertex 107.983 44.4296 1.45
      vertex 107.735 44.3456 1.45
    endloop
  endfacet
  facet normal 0.320807 -0.947145 0
    outer loop
      vertex 107.983 44.4296 1.45
      vertex 107.735 44.3456 0
      vertex 107.983 44.4296 0
    endloop
  endfacet
  facet normal 0.442917 -0.896563 0
    outer loop
      vertex 107.501 44.23 0
      vertex 107.735 44.3456 1.45
      vertex 107.501 44.23 1.45
    endloop
  endfacet
  facet normal 0.442917 -0.896563 0
    outer loop
      vertex 107.735 44.3456 1.45
      vertex 107.501 44.23 0
      vertex 107.735 44.3456 0
    endloop
  endfacet
  facet normal 0.556114 -0.831106 0
    outer loop
      vertex 107.284 44.0848 0
      vertex 107.501 44.23 1.45
      vertex 107.284 44.0848 1.45
    endloop
  endfacet
  facet normal 0.556114 -0.831106 0
    outer loop
      vertex 107.501 44.23 1.45
      vertex 107.284 44.0848 0
      vertex 107.501 44.23 0
    endloop
  endfacet
  facet normal 0.660239 -0.751055 0
    outer loop
      vertex 107.088 43.9125 0
      vertex 107.284 44.0848 1.45
      vertex 107.088 43.9125 1.45
    endloop
  endfacet
  facet normal 0.660239 -0.751055 0
    outer loop
      vertex 107.284 44.0848 1.45
      vertex 107.088 43.9125 0
      vertex 107.284 44.0848 0
    endloop
  endfacet
  facet normal 0.750395 -0.66099 0
    outer loop
      vertex 106.915 43.7161 1.45
      vertex 107.088 43.9125 0
      vertex 107.088 43.9125 1.45
    endloop
  endfacet
  facet normal 0.750395 -0.66099 0
    outer loop
      vertex 107.088 43.9125 0
      vertex 106.915 43.7161 1.45
      vertex 106.915 43.7161 0
    endloop
  endfacet
  facet normal 0.831933 -0.554877 0
    outer loop
      vertex 106.77 43.4987 1.45
      vertex 106.915 43.7161 0
      vertex 106.915 43.7161 1.45
    endloop
  endfacet
  facet normal 0.831933 -0.554877 0
    outer loop
      vertex 106.915 43.7161 0
      vertex 106.77 43.4987 1.45
      vertex 106.77 43.4987 0
    endloop
  endfacet
  facet normal 0.895878 -0.4443 0
    outer loop
      vertex 106.654 43.2648 1.45
      vertex 106.77 43.4987 0
      vertex 106.77 43.4987 1.45
    endloop
  endfacet
  facet normal 0.895878 -0.4443 0
    outer loop
      vertex 106.77 43.4987 0
      vertex 106.654 43.2648 1.45
      vertex 106.654 43.2648 0
    endloop
  endfacet
  facet normal 0.947184 -0.320691 0
    outer loop
      vertex 106.57 43.0167 1.45
      vertex 106.654 43.2648 0
      vertex 106.654 43.2648 1.45
    endloop
  endfacet
  facet normal 0.947184 -0.320691 0
    outer loop
      vertex 106.654 43.2648 0
      vertex 106.57 43.0167 1.45
      vertex 106.57 43.0167 0
    endloop
  endfacet
  facet normal 0.980772 -0.195159 0
    outer loop
      vertex 106.519 42.7604 1.45
      vertex 106.57 43.0167 0
      vertex 106.57 43.0167 1.45
    endloop
  endfacet
  facet normal 0.980772 -0.195159 0
    outer loop
      vertex 106.57 43.0167 0
      vertex 106.519 42.7604 1.45
      vertex 106.519 42.7604 0
    endloop
  endfacet
  facet normal 0.997876 -0.0651455 0
    outer loop
      vertex 106.502 42.5 1.45
      vertex 106.519 42.7604 0
      vertex 106.519 42.7604 1.45
    endloop
  endfacet
  facet normal 0.997876 -0.0651455 0
    outer loop
      vertex 106.519 42.7604 0
      vertex 106.502 42.5 1.45
      vertex 106.502 42.5 0
    endloop
  endfacet
  facet normal 0.997876 0.0651455 0
    outer loop
      vertex 106.519 42.2396 1.45
      vertex 106.502 42.5 0
      vertex 106.502 42.5 1.45
    endloop
  endfacet
  facet normal 0.997876 0.0651455 0
    outer loop
      vertex 106.502 42.5 0
      vertex 106.519 42.2396 1.45
      vertex 106.519 42.2396 0
    endloop
  endfacet
  facet normal 0.980772 0.195159 0
    outer loop
      vertex 106.57 41.9833 1.45
      vertex 106.519 42.2396 0
      vertex 106.519 42.2396 1.45
    endloop
  endfacet
  facet normal 0.980772 0.195159 0
    outer loop
      vertex 106.519 42.2396 0
      vertex 106.57 41.9833 1.45
      vertex 106.57 41.9833 0
    endloop
  endfacet
  facet normal 0.947184 0.320691 0
    outer loop
      vertex 106.654 41.7352 1.45
      vertex 106.57 41.9833 0
      vertex 106.57 41.9833 1.45
    endloop
  endfacet
  facet normal 0.947184 0.320691 0
    outer loop
      vertex 106.57 41.9833 0
      vertex 106.654 41.7352 1.45
      vertex 106.654 41.7352 0
    endloop
  endfacet
  facet normal 0.895878 0.4443 0
    outer loop
      vertex 106.77 41.5013 1.45
      vertex 106.654 41.7352 0
      vertex 106.654 41.7352 1.45
    endloop
  endfacet
  facet normal 0.895878 0.4443 0
    outer loop
      vertex 106.654 41.7352 0
      vertex 106.77 41.5013 1.45
      vertex 106.77 41.5013 0
    endloop
  endfacet
  facet normal 0.831933 0.554877 0
    outer loop
      vertex 106.915 41.2839 1.45
      vertex 106.77 41.5013 0
      vertex 106.77 41.5013 1.45
    endloop
  endfacet
  facet normal 0.831933 0.554877 0
    outer loop
      vertex 106.77 41.5013 0
      vertex 106.915 41.2839 1.45
      vertex 106.915 41.2839 0
    endloop
  endfacet
  facet normal 0.750395 0.66099 0
    outer loop
      vertex 107.088 41.0875 1.45
      vertex 106.915 41.2839 0
      vertex 106.915 41.2839 1.45
    endloop
  endfacet
  facet normal 0.750395 0.66099 0
    outer loop
      vertex 106.915 41.2839 0
      vertex 107.088 41.0875 1.45
      vertex 107.088 41.0875 0
    endloop
  endfacet
  facet normal 0.660239 0.751055 -0
    outer loop
      vertex 107.284 40.9152 0
      vertex 107.088 41.0875 1.45
      vertex 107.284 40.9152 1.45
    endloop
  endfacet
  facet normal 0.660239 0.751055 0
    outer loop
      vertex 107.088 41.0875 1.45
      vertex 107.284 40.9152 0
      vertex 107.088 41.0875 0
    endloop
  endfacet
  facet normal 0.556114 0.831106 -0
    outer loop
      vertex 107.501 40.77 0
      vertex 107.284 40.9152 1.45
      vertex 107.501 40.77 1.45
    endloop
  endfacet
  facet normal 0.556114 0.831106 0
    outer loop
      vertex 107.284 40.9152 1.45
      vertex 107.501 40.77 0
      vertex 107.284 40.9152 0
    endloop
  endfacet
  facet normal 0.442917 0.896563 -0
    outer loop
      vertex 107.735 40.6544 0
      vertex 107.501 40.77 1.45
      vertex 107.735 40.6544 1.45
    endloop
  endfacet
  facet normal 0.442917 0.896563 0
    outer loop
      vertex 107.501 40.77 1.45
      vertex 107.735 40.6544 0
      vertex 107.501 40.77 0
    endloop
  endfacet
  facet normal 0.320807 0.947145 -0
    outer loop
      vertex 107.983 40.5704 0
      vertex 107.735 40.6544 1.45
      vertex 107.983 40.5704 1.45
    endloop
  endfacet
  facet normal 0.320807 0.947145 0
    outer loop
      vertex 107.735 40.6544 1.45
      vertex 107.983 40.5704 0
      vertex 107.735 40.6544 0
    endloop
  endfacet
  facet normal 0.196116 0.980581 -0
    outer loop
      vertex 108.24 40.519 0
      vertex 107.983 40.5704 1.45
      vertex 108.24 40.519 1.45
    endloop
  endfacet
  facet normal 0.196116 0.980581 0
    outer loop
      vertex 107.983 40.5704 1.45
      vertex 108.24 40.519 0
      vertex 107.983 40.5704 0
    endloop
  endfacet
  facet normal 0.0648631 0.997894 -0
    outer loop
      vertex 108.5 40.5021 0
      vertex 108.24 40.519 1.45
      vertex 108.5 40.5021 1.45
    endloop
  endfacet
  facet normal 0.0648631 0.997894 0
    outer loop
      vertex 108.24 40.519 1.45
      vertex 108.5 40.5021 0
      vertex 108.24 40.519 0
    endloop
  endfacet
  facet normal -0.0648631 0.997894 0
    outer loop
      vertex 108.76 40.519 0
      vertex 108.5 40.5021 1.45
      vertex 108.76 40.519 1.45
    endloop
  endfacet
  facet normal -0.0648631 0.997894 0
    outer loop
      vertex 108.5 40.5021 1.45
      vertex 108.76 40.519 0
      vertex 108.5 40.5021 0
    endloop
  endfacet
  facet normal -0.196116 0.980581 0
    outer loop
      vertex 109.017 40.5704 0
      vertex 108.76 40.519 1.45
      vertex 109.017 40.5704 1.45
    endloop
  endfacet
  facet normal -0.196116 0.980581 0
    outer loop
      vertex 108.76 40.519 1.45
      vertex 109.017 40.5704 0
      vertex 108.76 40.519 0
    endloop
  endfacet
  facet normal -0.320807 0.947145 0
    outer loop
      vertex 109.265 40.6544 0
      vertex 109.017 40.5704 1.45
      vertex 109.265 40.6544 1.45
    endloop
  endfacet
  facet normal -0.320807 0.947145 0
    outer loop
      vertex 109.017 40.5704 1.45
      vertex 109.265 40.6544 0
      vertex 109.017 40.5704 0
    endloop
  endfacet
  facet normal -0.442917 0.896563 0
    outer loop
      vertex 109.499 40.77 0
      vertex 109.265 40.6544 1.45
      vertex 109.499 40.77 1.45
    endloop
  endfacet
  facet normal -0.442917 0.896563 0
    outer loop
      vertex 109.265 40.6544 1.45
      vertex 109.499 40.77 0
      vertex 109.265 40.6544 0
    endloop
  endfacet
  facet normal -0.556114 0.831106 0
    outer loop
      vertex 109.716 40.9152 0
      vertex 109.499 40.77 1.45
      vertex 109.716 40.9152 1.45
    endloop
  endfacet
  facet normal -0.556114 0.831106 0
    outer loop
      vertex 109.499 40.77 1.45
      vertex 109.716 40.9152 0
      vertex 109.499 40.77 0
    endloop
  endfacet
  facet normal -0.660239 0.751055 0
    outer loop
      vertex 109.912 41.0875 0
      vertex 109.716 40.9152 1.45
      vertex 109.912 41.0875 1.45
    endloop
  endfacet
  facet normal -0.660239 0.751055 0
    outer loop
      vertex 109.716 40.9152 1.45
      vertex 109.912 41.0875 0
      vertex 109.716 40.9152 0
    endloop
  endfacet
  facet normal -0.750395 0.66099 0
    outer loop
      vertex 109.912 41.0875 0
      vertex 110.085 41.2839 1.45
      vertex 110.085 41.2839 0
    endloop
  endfacet
  facet normal -0.750395 0.66099 0
    outer loop
      vertex 110.085 41.2839 1.45
      vertex 109.912 41.0875 0
      vertex 109.912 41.0875 1.45
    endloop
  endfacet
  facet normal -0.831933 0.554877 0
    outer loop
      vertex 110.085 41.2839 0
      vertex 110.23 41.5013 1.45
      vertex 110.23 41.5013 0
    endloop
  endfacet
  facet normal -0.831933 0.554877 0
    outer loop
      vertex 110.23 41.5013 1.45
      vertex 110.085 41.2839 0
      vertex 110.085 41.2839 1.45
    endloop
  endfacet
  facet normal -0.895878 0.4443 0
    outer loop
      vertex 110.23 41.5013 0
      vertex 110.346 41.7352 1.45
      vertex 110.346 41.7352 0
    endloop
  endfacet
  facet normal -0.895878 0.4443 0
    outer loop
      vertex 110.346 41.7352 1.45
      vertex 110.23 41.5013 0
      vertex 110.23 41.5013 1.45
    endloop
  endfacet
  facet normal -0.947184 0.320691 0
    outer loop
      vertex 110.346 41.7352 0
      vertex 110.43 41.9833 1.45
      vertex 110.43 41.9833 0
    endloop
  endfacet
  facet normal -0.947184 0.320691 0
    outer loop
      vertex 110.43 41.9833 1.45
      vertex 110.346 41.7352 0
      vertex 110.346 41.7352 1.45
    endloop
  endfacet
  facet normal -0.980772 0.195159 0
    outer loop
      vertex 110.43 41.9833 0
      vertex 110.481 42.2396 1.45
      vertex 110.481 42.2396 0
    endloop
  endfacet
  facet normal -0.980772 0.195159 0
    outer loop
      vertex 110.481 42.2396 1.45
      vertex 110.43 41.9833 0
      vertex 110.43 41.9833 1.45
    endloop
  endfacet
  facet normal -0.997876 0.0651455 0
    outer loop
      vertex 110.481 42.2396 0
      vertex 110.498 42.5 1.45
      vertex 110.498 42.5 0
    endloop
  endfacet
  facet normal -0.997876 0.0651455 0
    outer loop
      vertex 110.498 42.5 1.45
      vertex 110.481 42.2396 0
      vertex 110.481 42.2396 1.45
    endloop
  endfacet
  facet normal -0.997876 -0.0651455 0
    outer loop
      vertex 110.498 42.5 0
      vertex 110.481 42.7604 1.45
      vertex 110.481 42.7604 0
    endloop
  endfacet
  facet normal -0.997876 -0.0651455 0
    outer loop
      vertex 110.481 42.7604 1.45
      vertex 110.498 42.5 0
      vertex 110.498 42.5 1.45
    endloop
  endfacet
  facet normal -0.980772 -0.195159 0
    outer loop
      vertex 110.481 42.7604 0
      vertex 110.43 43.0167 1.45
      vertex 110.43 43.0167 0
    endloop
  endfacet
  facet normal -0.980772 -0.195159 0
    outer loop
      vertex 110.43 43.0167 1.45
      vertex 110.481 42.7604 0
      vertex 110.481 42.7604 1.45
    endloop
  endfacet
  facet normal -0.947184 -0.320691 0
    outer loop
      vertex 110.43 43.0167 0
      vertex 110.346 43.2648 1.45
      vertex 110.346 43.2648 0
    endloop
  endfacet
  facet normal -0.947184 -0.320691 0
    outer loop
      vertex 110.346 43.2648 1.45
      vertex 110.43 43.0167 0
      vertex 110.43 43.0167 1.45
    endloop
  endfacet
  facet normal -0.895878 -0.4443 0
    outer loop
      vertex 110.346 43.2648 0
      vertex 110.23 43.4987 1.45
      vertex 110.23 43.4987 0
    endloop
  endfacet
  facet normal -0.895878 -0.4443 0
    outer loop
      vertex 110.23 43.4987 1.45
      vertex 110.346 43.2648 0
      vertex 110.346 43.2648 1.45
    endloop
  endfacet
  facet normal -0.831933 -0.554877 0
    outer loop
      vertex 110.23 43.4987 0
      vertex 110.085 43.7161 1.45
      vertex 110.085 43.7161 0
    endloop
  endfacet
  facet normal -0.831933 -0.554877 0
    outer loop
      vertex 110.085 43.7161 1.45
      vertex 110.23 43.4987 0
      vertex 110.23 43.4987 1.45
    endloop
  endfacet
  facet normal -0.750395 -0.66099 0
    outer loop
      vertex 110.085 43.7161 0
      vertex 109.912 43.9125 1.45
      vertex 109.912 43.9125 0
    endloop
  endfacet
  facet normal -0.750395 -0.66099 0
    outer loop
      vertex 109.912 43.9125 1.45
      vertex 110.085 43.7161 0
      vertex 110.085 43.7161 1.45
    endloop
  endfacet
  facet normal -0.660239 -0.751055 0
    outer loop
      vertex 109.716 44.0848 0
      vertex 109.912 43.9125 1.45
      vertex 109.716 44.0848 1.45
    endloop
  endfacet
  facet normal -0.660239 -0.751055 -0
    outer loop
      vertex 109.912 43.9125 1.45
      vertex 109.716 44.0848 0
      vertex 109.912 43.9125 0
    endloop
  endfacet
  facet normal -0.556114 -0.831106 0
    outer loop
      vertex 109.499 44.23 0
      vertex 109.716 44.0848 1.45
      vertex 109.499 44.23 1.45
    endloop
  endfacet
  facet normal -0.556114 -0.831106 -0
    outer loop
      vertex 109.716 44.0848 1.45
      vertex 109.499 44.23 0
      vertex 109.716 44.0848 0
    endloop
  endfacet
  facet normal -0.442917 -0.896563 0
    outer loop
      vertex 109.265 44.3456 0
      vertex 109.499 44.23 1.45
      vertex 109.265 44.3456 1.45
    endloop
  endfacet
  facet normal -0.442917 -0.896563 -0
    outer loop
      vertex 109.499 44.23 1.45
      vertex 109.265 44.3456 0
      vertex 109.499 44.23 0
    endloop
  endfacet
  facet normal -0.320807 -0.947145 0
    outer loop
      vertex 109.017 44.4296 0
      vertex 109.265 44.3456 1.45
      vertex 109.017 44.4296 1.45
    endloop
  endfacet
  facet normal -0.320807 -0.947145 -0
    outer loop
      vertex 109.265 44.3456 1.45
      vertex 109.017 44.4296 0
      vertex 109.265 44.3456 0
    endloop
  endfacet
  facet normal -0.196116 -0.980581 0
    outer loop
      vertex 108.76 44.481 0
      vertex 109.017 44.4296 1.45
      vertex 108.76 44.481 1.45
    endloop
  endfacet
  facet normal -0.196116 -0.980581 -0
    outer loop
      vertex 109.017 44.4296 1.45
      vertex 108.76 44.481 0
      vertex 109.017 44.4296 0
    endloop
  endfacet
  facet normal -0.0648631 -0.997894 0
    outer loop
      vertex 108.5 44.4979 0
      vertex 108.76 44.481 1.45
      vertex 108.5 44.4979 1.45
    endloop
  endfacet
  facet normal -0.0648631 -0.997894 -0
    outer loop
      vertex 108.76 44.481 1.45
      vertex 108.5 44.4979 0
      vertex 108.76 44.481 0
    endloop
  endfacet
  facet normal 0.0648631 -0.997894 0
    outer loop
      vertex 108.24 44.481 0
      vertex 108.5 44.4979 1.45
      vertex 108.24 44.481 1.45
    endloop
  endfacet
  facet normal 0.0648631 -0.997894 0
    outer loop
      vertex 108.5 44.4979 1.45
      vertex 108.24 44.481 0
      vertex 108.5 44.4979 0
    endloop
  endfacet
  facet normal 0.196116 -0.980581 0
    outer loop
      vertex 175.983 44.4296 0
      vertex 176.24 44.481 1.45
      vertex 175.983 44.4296 1.45
    endloop
  endfacet
  facet normal 0.196116 -0.980581 0
    outer loop
      vertex 176.24 44.481 1.45
      vertex 175.983 44.4296 0
      vertex 176.24 44.481 0
    endloop
  endfacet
  facet normal 0.320807 -0.947145 0
    outer loop
      vertex 175.735 44.3456 0
      vertex 175.983 44.4296 1.45
      vertex 175.735 44.3456 1.45
    endloop
  endfacet
  facet normal 0.320807 -0.947145 0
    outer loop
      vertex 175.983 44.4296 1.45
      vertex 175.735 44.3456 0
      vertex 175.983 44.4296 0
    endloop
  endfacet
  facet normal 0.442917 -0.896563 0
    outer loop
      vertex 175.501 44.23 0
      vertex 175.735 44.3456 1.45
      vertex 175.501 44.23 1.45
    endloop
  endfacet
  facet normal 0.442917 -0.896563 0
    outer loop
      vertex 175.735 44.3456 1.45
      vertex 175.501 44.23 0
      vertex 175.735 44.3456 0
    endloop
  endfacet
  facet normal 0.556114 -0.831106 0
    outer loop
      vertex 175.284 44.0848 0
      vertex 175.501 44.23 1.45
      vertex 175.284 44.0848 1.45
    endloop
  endfacet
  facet normal 0.556114 -0.831106 0
    outer loop
      vertex 175.501 44.23 1.45
      vertex 175.284 44.0848 0
      vertex 175.501 44.23 0
    endloop
  endfacet
  facet normal 0.660239 -0.751055 0
    outer loop
      vertex 175.088 43.9125 0
      vertex 175.284 44.0848 1.45
      vertex 175.088 43.9125 1.45
    endloop
  endfacet
  facet normal 0.660239 -0.751055 0
    outer loop
      vertex 175.284 44.0848 1.45
      vertex 175.088 43.9125 0
      vertex 175.284 44.0848 0
    endloop
  endfacet
  facet normal 0.750395 -0.66099 0
    outer loop
      vertex 174.915 43.7161 1.45
      vertex 175.088 43.9125 0
      vertex 175.088 43.9125 1.45
    endloop
  endfacet
  facet normal 0.750395 -0.66099 0
    outer loop
      vertex 175.088 43.9125 0
      vertex 174.915 43.7161 1.45
      vertex 174.915 43.7161 0
    endloop
  endfacet
  facet normal 0.831933 -0.554877 0
    outer loop
      vertex 174.77 43.4987 1.45
      vertex 174.915 43.7161 0
      vertex 174.915 43.7161 1.45
    endloop
  endfacet
  facet normal 0.831933 -0.554877 0
    outer loop
      vertex 174.915 43.7161 0
      vertex 174.77 43.4987 1.45
      vertex 174.77 43.4987 0
    endloop
  endfacet
  facet normal 0.895878 -0.4443 0
    outer loop
      vertex 174.654 43.2648 1.45
      vertex 174.77 43.4987 0
      vertex 174.77 43.4987 1.45
    endloop
  endfacet
  facet normal 0.895878 -0.4443 0
    outer loop
      vertex 174.77 43.4987 0
      vertex 174.654 43.2648 1.45
      vertex 174.654 43.2648 0
    endloop
  endfacet
  facet normal 0.947184 -0.320691 0
    outer loop
      vertex 174.57 43.0167 1.45
      vertex 174.654 43.2648 0
      vertex 174.654 43.2648 1.45
    endloop
  endfacet
  facet normal 0.947184 -0.320691 0
    outer loop
      vertex 174.654 43.2648 0
      vertex 174.57 43.0167 1.45
      vertex 174.57 43.0167 0
    endloop
  endfacet
  facet normal 0.980772 -0.195159 0
    outer loop
      vertex 174.519 42.7604 1.45
      vertex 174.57 43.0167 0
      vertex 174.57 43.0167 1.45
    endloop
  endfacet
  facet normal 0.980772 -0.195159 0
    outer loop
      vertex 174.57 43.0167 0
      vertex 174.519 42.7604 1.45
      vertex 174.519 42.7604 0
    endloop
  endfacet
  facet normal 0.997876 -0.0651455 0
    outer loop
      vertex 174.502 42.5 1.45
      vertex 174.519 42.7604 0
      vertex 174.519 42.7604 1.45
    endloop
  endfacet
  facet normal 0.997876 -0.0651455 0
    outer loop
      vertex 174.519 42.7604 0
      vertex 174.502 42.5 1.45
      vertex 174.502 42.5 0
    endloop
  endfacet
  facet normal 0.997876 0.0651455 0
    outer loop
      vertex 174.519 42.2396 1.45
      vertex 174.502 42.5 0
      vertex 174.502 42.5 1.45
    endloop
  endfacet
  facet normal 0.997876 0.0651455 0
    outer loop
      vertex 174.502 42.5 0
      vertex 174.519 42.2396 1.45
      vertex 174.519 42.2396 0
    endloop
  endfacet
  facet normal 0.980772 0.195159 0
    outer loop
      vertex 174.57 41.9833 1.45
      vertex 174.519 42.2396 0
      vertex 174.519 42.2396 1.45
    endloop
  endfacet
  facet normal 0.980772 0.195159 0
    outer loop
      vertex 174.519 42.2396 0
      vertex 174.57 41.9833 1.45
      vertex 174.57 41.9833 0
    endloop
  endfacet
  facet normal 0.947184 0.320691 0
    outer loop
      vertex 174.654 41.7352 1.45
      vertex 174.57 41.9833 0
      vertex 174.57 41.9833 1.45
    endloop
  endfacet
  facet normal 0.947184 0.320691 0
    outer loop
      vertex 174.57 41.9833 0
      vertex 174.654 41.7352 1.45
      vertex 174.654 41.7352 0
    endloop
  endfacet
  facet normal 0.895878 0.4443 0
    outer loop
      vertex 174.77 41.5013 1.45
      vertex 174.654 41.7352 0
      vertex 174.654 41.7352 1.45
    endloop
  endfacet
  facet normal 0.895878 0.4443 0
    outer loop
      vertex 174.654 41.7352 0
      vertex 174.77 41.5013 1.45
      vertex 174.77 41.5013 0
    endloop
  endfacet
  facet normal 0.831933 0.554877 0
    outer loop
      vertex 174.915 41.2839 1.45
      vertex 174.77 41.5013 0
      vertex 174.77 41.5013 1.45
    endloop
  endfacet
  facet normal 0.831933 0.554877 0
    outer loop
      vertex 174.77 41.5013 0
      vertex 174.915 41.2839 1.45
      vertex 174.915 41.2839 0
    endloop
  endfacet
  facet normal 0.750395 0.66099 0
    outer loop
      vertex 175.088 41.0875 1.45
      vertex 174.915 41.2839 0
      vertex 174.915 41.2839 1.45
    endloop
  endfacet
  facet normal 0.750395 0.66099 0
    outer loop
      vertex 174.915 41.2839 0
      vertex 175.088 41.0875 1.45
      vertex 175.088 41.0875 0
    endloop
  endfacet
  facet normal 0.660239 0.751055 -0
    outer loop
      vertex 175.284 40.9152 0
      vertex 175.088 41.0875 1.45
      vertex 175.284 40.9152 1.45
    endloop
  endfacet
  facet normal 0.660239 0.751055 0
    outer loop
      vertex 175.088 41.0875 1.45
      vertex 175.284 40.9152 0
      vertex 175.088 41.0875 0
    endloop
  endfacet
  facet normal 0.556114 0.831106 -0
    outer loop
      vertex 175.501 40.77 0
      vertex 175.284 40.9152 1.45
      vertex 175.501 40.77 1.45
    endloop
  endfacet
  facet normal 0.556114 0.831106 0
    outer loop
      vertex 175.284 40.9152 1.45
      vertex 175.501 40.77 0
      vertex 175.284 40.9152 0
    endloop
  endfacet
  facet normal 0.442917 0.896563 -0
    outer loop
      vertex 175.735 40.6544 0
      vertex 175.501 40.77 1.45
      vertex 175.735 40.6544 1.45
    endloop
  endfacet
  facet normal 0.442917 0.896563 0
    outer loop
      vertex 175.501 40.77 1.45
      vertex 175.735 40.6544 0
      vertex 175.501 40.77 0
    endloop
  endfacet
  facet normal 0.320807 0.947145 -0
    outer loop
      vertex 175.983 40.5704 0
      vertex 175.735 40.6544 1.45
      vertex 175.983 40.5704 1.45
    endloop
  endfacet
  facet normal 0.320807 0.947145 0
    outer loop
      vertex 175.735 40.6544 1.45
      vertex 175.983 40.5704 0
      vertex 175.735 40.6544 0
    endloop
  endfacet
  facet normal 0.196116 0.980581 -0
    outer loop
      vertex 176.24 40.519 0
      vertex 175.983 40.5704 1.45
      vertex 176.24 40.519 1.45
    endloop
  endfacet
  facet normal 0.196116 0.980581 0
    outer loop
      vertex 175.983 40.5704 1.45
      vertex 176.24 40.519 0
      vertex 175.983 40.5704 0
    endloop
  endfacet
  facet normal 0.0648631 0.997894 -0
    outer loop
      vertex 176.5 40.5021 0
      vertex 176.24 40.519 1.45
      vertex 176.5 40.5021 1.45
    endloop
  endfacet
  facet normal 0.0648631 0.997894 0
    outer loop
      vertex 176.24 40.519 1.45
      vertex 176.5 40.5021 0
      vertex 176.24 40.519 0
    endloop
  endfacet
  facet normal -0.0648631 0.997894 0
    outer loop
      vertex 176.76 40.519 0
      vertex 176.5 40.5021 1.45
      vertex 176.76 40.519 1.45
    endloop
  endfacet
  facet normal -0.0648631 0.997894 0
    outer loop
      vertex 176.5 40.5021 1.45
      vertex 176.76 40.519 0
      vertex 176.5 40.5021 0
    endloop
  endfacet
  facet normal -0.196116 0.980581 0
    outer loop
      vertex 177.017 40.5704 0
      vertex 176.76 40.519 1.45
      vertex 177.017 40.5704 1.45
    endloop
  endfacet
  facet normal -0.196116 0.980581 0
    outer loop
      vertex 176.76 40.519 1.45
      vertex 177.017 40.5704 0
      vertex 176.76 40.519 0
    endloop
  endfacet
  facet normal -0.320807 0.947145 0
    outer loop
      vertex 177.265 40.6544 0
      vertex 177.017 40.5704 1.45
      vertex 177.265 40.6544 1.45
    endloop
  endfacet
  facet normal -0.320807 0.947145 0
    outer loop
      vertex 177.017 40.5704 1.45
      vertex 177.265 40.6544 0
      vertex 177.017 40.5704 0
    endloop
  endfacet
  facet normal -0.442917 0.896563 0
    outer loop
      vertex 177.499 40.77 0
      vertex 177.265 40.6544 1.45
      vertex 177.499 40.77 1.45
    endloop
  endfacet
  facet normal -0.442917 0.896563 0
    outer loop
      vertex 177.265 40.6544 1.45
      vertex 177.499 40.77 0
      vertex 177.265 40.6544 0
    endloop
  endfacet
  facet normal -0.556114 0.831106 0
    outer loop
      vertex 177.716 40.9152 0
      vertex 177.499 40.77 1.45
      vertex 177.716 40.9152 1.45
    endloop
  endfacet
  facet normal -0.556114 0.831106 0
    outer loop
      vertex 177.499 40.77 1.45
      vertex 177.716 40.9152 0
      vertex 177.499 40.77 0
    endloop
  endfacet
  facet normal -0.660239 0.751055 0
    outer loop
      vertex 177.912 41.0875 0
      vertex 177.716 40.9152 1.45
      vertex 177.912 41.0875 1.45
    endloop
  endfacet
  facet normal -0.660239 0.751055 0
    outer loop
      vertex 177.716 40.9152 1.45
      vertex 177.912 41.0875 0
      vertex 177.716 40.9152 0
    endloop
  endfacet
  facet normal -0.750395 0.66099 0
    outer loop
      vertex 177.912 41.0875 0
      vertex 178.085 41.2839 1.45
      vertex 178.085 41.2839 0
    endloop
  endfacet
  facet normal -0.750395 0.66099 0
    outer loop
      vertex 178.085 41.2839 1.45
      vertex 177.912 41.0875 0
      vertex 177.912 41.0875 1.45
    endloop
  endfacet
  facet normal -0.831933 0.554877 0
    outer loop
      vertex 178.085 41.2839 0
      vertex 178.23 41.5013 1.45
      vertex 178.23 41.5013 0
    endloop
  endfacet
  facet normal -0.831933 0.554877 0
    outer loop
      vertex 178.23 41.5013 1.45
      vertex 178.085 41.2839 0
      vertex 178.085 41.2839 1.45
    endloop
  endfacet
  facet normal -0.895878 0.4443 0
    outer loop
      vertex 178.23 41.5013 0
      vertex 178.346 41.7352 1.45
      vertex 178.346 41.7352 0
    endloop
  endfacet
  facet normal -0.895878 0.4443 0
    outer loop
      vertex 178.346 41.7352 1.45
      vertex 178.23 41.5013 0
      vertex 178.23 41.5013 1.45
    endloop
  endfacet
  facet normal -0.947184 0.320691 0
    outer loop
      vertex 178.346 41.7352 0
      vertex 178.43 41.9833 1.45
      vertex 178.43 41.9833 0
    endloop
  endfacet
  facet normal -0.947184 0.320691 0
    outer loop
      vertex 178.43 41.9833 1.45
      vertex 178.346 41.7352 0
      vertex 178.346 41.7352 1.45
    endloop
  endfacet
  facet normal -0.980772 0.195159 0
    outer loop
      vertex 178.43 41.9833 0
      vertex 178.481 42.2396 1.45
      vertex 178.481 42.2396 0
    endloop
  endfacet
  facet normal -0.980772 0.195159 0
    outer loop
      vertex 178.481 42.2396 1.45
      vertex 178.43 41.9833 0
      vertex 178.43 41.9833 1.45
    endloop
  endfacet
  facet normal -0.997876 0.0651455 0
    outer loop
      vertex 178.481 42.2396 0
      vertex 178.498 42.5 1.45
      vertex 178.498 42.5 0
    endloop
  endfacet
  facet normal -0.997876 0.0651455 0
    outer loop
      vertex 178.498 42.5 1.45
      vertex 178.481 42.2396 0
      vertex 178.481 42.2396 1.45
    endloop
  endfacet
  facet normal -0.997876 -0.0651455 0
    outer loop
      vertex 178.498 42.5 0
      vertex 178.481 42.7604 1.45
      vertex 178.481 42.7604 0
    endloop
  endfacet
  facet normal -0.997876 -0.0651455 0
    outer loop
      vertex 178.481 42.7604 1.45
      vertex 178.498 42.5 0
      vertex 178.498 42.5 1.45
    endloop
  endfacet
  facet normal -0.980772 -0.195159 0
    outer loop
      vertex 178.481 42.7604 0
      vertex 178.43 43.0167 1.45
      vertex 178.43 43.0167 0
    endloop
  endfacet
  facet normal -0.980772 -0.195159 0
    outer loop
      vertex 178.43 43.0167 1.45
      vertex 178.481 42.7604 0
      vertex 178.481 42.7604 1.45
    endloop
  endfacet
  facet normal -0.947184 -0.320691 0
    outer loop
      vertex 178.43 43.0167 0
      vertex 178.346 43.2648 1.45
      vertex 178.346 43.2648 0
    endloop
  endfacet
  facet normal -0.947184 -0.320691 0
    outer loop
      vertex 178.346 43.2648 1.45
      vertex 178.43 43.0167 0
      vertex 178.43 43.0167 1.45
    endloop
  endfacet
  facet normal -0.895878 -0.4443 0
    outer loop
      vertex 178.346 43.2648 0
      vertex 178.23 43.4987 1.45
      vertex 178.23 43.4987 0
    endloop
  endfacet
  facet normal -0.895878 -0.4443 0
    outer loop
      vertex 178.23 43.4987 1.45
      vertex 178.346 43.2648 0
      vertex 178.346 43.2648 1.45
    endloop
  endfacet
  facet normal -0.831933 -0.554877 0
    outer loop
      vertex 178.23 43.4987 0
      vertex 178.085 43.7161 1.45
      vertex 178.085 43.7161 0
    endloop
  endfacet
  facet normal -0.831933 -0.554877 0
    outer loop
      vertex 178.085 43.7161 1.45
      vertex 178.23 43.4987 0
      vertex 178.23 43.4987 1.45
    endloop
  endfacet
  facet normal -0.750395 -0.66099 0
    outer loop
      vertex 178.085 43.7161 0
      vertex 177.912 43.9125 1.45
      vertex 177.912 43.9125 0
    endloop
  endfacet
  facet normal -0.750395 -0.66099 0
    outer loop
      vertex 177.912 43.9125 1.45
      vertex 178.085 43.7161 0
      vertex 178.085 43.7161 1.45
    endloop
  endfacet
  facet normal -0.660239 -0.751055 0
    outer loop
      vertex 177.716 44.0848 0
      vertex 177.912 43.9125 1.45
      vertex 177.716 44.0848 1.45
    endloop
  endfacet
  facet normal -0.660239 -0.751055 -0
    outer loop
      vertex 177.912 43.9125 1.45
      vertex 177.716 44.0848 0
      vertex 177.912 43.9125 0
    endloop
  endfacet
  facet normal -0.556114 -0.831106 0
    outer loop
      vertex 177.499 44.23 0
      vertex 177.716 44.0848 1.45
      vertex 177.499 44.23 1.45
    endloop
  endfacet
  facet normal -0.556114 -0.831106 -0
    outer loop
      vertex 177.716 44.0848 1.45
      vertex 177.499 44.23 0
      vertex 177.716 44.0848 0
    endloop
  endfacet
  facet normal -0.442917 -0.896563 0
    outer loop
      vertex 177.265 44.3456 0
      vertex 177.499 44.23 1.45
      vertex 177.265 44.3456 1.45
    endloop
  endfacet
  facet normal -0.442917 -0.896563 -0
    outer loop
      vertex 177.499 44.23 1.45
      vertex 177.265 44.3456 0
      vertex 177.499 44.23 0
    endloop
  endfacet
  facet normal -0.320807 -0.947145 0
    outer loop
      vertex 177.017 44.4296 0
      vertex 177.265 44.3456 1.45
      vertex 177.017 44.4296 1.45
    endloop
  endfacet
  facet normal -0.320807 -0.947145 -0
    outer loop
      vertex 177.265 44.3456 1.45
      vertex 177.017 44.4296 0
      vertex 177.265 44.3456 0
    endloop
  endfacet
  facet normal -0.196116 -0.980581 0
    outer loop
      vertex 176.76 44.481 0
      vertex 177.017 44.4296 1.45
      vertex 176.76 44.481 1.45
    endloop
  endfacet
  facet normal -0.196116 -0.980581 -0
    outer loop
      vertex 177.017 44.4296 1.45
      vertex 176.76 44.481 0
      vertex 177.017 44.4296 0
    endloop
  endfacet
  facet normal -0.0648631 -0.997894 0
    outer loop
      vertex 176.5 44.4979 0
      vertex 176.76 44.481 1.45
      vertex 176.5 44.4979 1.45
    endloop
  endfacet
  facet normal -0.0648631 -0.997894 -0
    outer loop
      vertex 176.76 44.481 1.45
      vertex 176.5 44.4979 0
      vertex 176.76 44.481 0
    endloop
  endfacet
  facet normal 0.0648631 -0.997894 0
    outer loop
      vertex 176.24 44.481 0
      vertex 176.5 44.4979 1.45
      vertex 176.24 44.481 1.45
    endloop
  endfacet
  facet normal 0.0648631 -0.997894 0
    outer loop
      vertex 176.5 44.4979 1.45
      vertex 176.24 44.481 0
      vertex 176.5 44.4979 0
    endloop
  endfacet
  facet normal 0.194648 -0.980873 0
    outer loop
      vertex 107.983 117.43 0
      vertex 108.24 117.481 1.45
      vertex 107.983 117.43 1.45
    endloop
  endfacet
  facet normal 0.194648 -0.980873 0
    outer loop
      vertex 108.24 117.481 1.45
      vertex 107.983 117.43 0
      vertex 108.24 117.481 0
    endloop
  endfacet
  facet normal 0.320807 -0.947145 0
    outer loop
      vertex 107.735 117.346 0
      vertex 107.983 117.43 1.45
      vertex 107.735 117.346 1.45
    endloop
  endfacet
  facet normal 0.320807 -0.947145 0
    outer loop
      vertex 107.983 117.43 1.45
      vertex 107.735 117.346 0
      vertex 107.983 117.43 0
    endloop
  endfacet
  facet normal 0.444148 -0.895953 0
    outer loop
      vertex 107.501 117.23 0
      vertex 107.735 117.346 1.45
      vertex 107.501 117.23 1.45
    endloop
  endfacet
  facet normal 0.444148 -0.895953 0
    outer loop
      vertex 107.735 117.346 1.45
      vertex 107.501 117.23 0
      vertex 107.735 117.346 0
    endloop
  endfacet
  facet normal 0.555584 -0.83146 0
    outer loop
      vertex 107.284 117.085 0
      vertex 107.501 117.23 1.45
      vertex 107.284 117.085 1.45
    endloop
  endfacet
  facet normal 0.555584 -0.83146 0
    outer loop
      vertex 107.501 117.23 1.45
      vertex 107.284 117.085 0
      vertex 107.501 117.23 0
    endloop
  endfacet
  facet normal 0.661748 -0.749726 0
    outer loop
      vertex 107.088 116.912 0
      vertex 107.284 117.085 1.45
      vertex 107.088 116.912 1.45
    endloop
  endfacet
  facet normal 0.661748 -0.749726 0
    outer loop
      vertex 107.284 117.085 1.45
      vertex 107.088 116.912 0
      vertex 107.284 117.085 0
    endloop
  endfacet
  facet normal 0.749726 -0.661748 0
    outer loop
      vertex 106.915 116.716 1.45
      vertex 107.088 116.912 0
      vertex 107.088 116.912 1.45
    endloop
  endfacet
  facet normal 0.749726 -0.661748 0
    outer loop
      vertex 107.088 116.912 0
      vertex 106.915 116.716 1.45
      vertex 106.915 116.716 0
    endloop
  endfacet
  facet normal 0.83146 -0.555584 0
    outer loop
      vertex 106.77 116.499 1.45
      vertex 106.915 116.716 0
      vertex 106.915 116.716 1.45
    endloop
  endfacet
  facet normal 0.83146 -0.555584 0
    outer loop
      vertex 106.915 116.716 0
      vertex 106.77 116.499 1.45
      vertex 106.77 116.499 0
    endloop
  endfacet
  facet normal 0.895953 -0.444148 0
    outer loop
      vertex 106.654 116.265 1.45
      vertex 106.77 116.499 0
      vertex 106.77 116.499 1.45
    endloop
  endfacet
  facet normal 0.895953 -0.444148 0
    outer loop
      vertex 106.77 116.499 0
      vertex 106.654 116.265 1.45
      vertex 106.654 116.265 0
    endloop
  endfacet
  facet normal 0.947145 -0.320807 0
    outer loop
      vertex 106.57 116.017 1.45
      vertex 106.654 116.265 0
      vertex 106.654 116.265 1.45
    endloop
  endfacet
  facet normal 0.947145 -0.320807 0
    outer loop
      vertex 106.654 116.265 0
      vertex 106.57 116.017 1.45
      vertex 106.57 116.017 0
    endloop
  endfacet
  facet normal 0.980873 -0.194648 0
    outer loop
      vertex 106.519 115.76 1.45
      vertex 106.57 116.017 0
      vertex 106.57 116.017 1.45
    endloop
  endfacet
  facet normal 0.980873 -0.194648 0
    outer loop
      vertex 106.57 116.017 0
      vertex 106.519 115.76 1.45
      vertex 106.519 115.76 0
    endloop
  endfacet
  facet normal 0.997869 -0.0652453 0
    outer loop
      vertex 106.502 115.5 1.45
      vertex 106.519 115.76 0
      vertex 106.519 115.76 1.45
    endloop
  endfacet
  facet normal 0.997869 -0.0652453 0
    outer loop
      vertex 106.519 115.76 0
      vertex 106.502 115.5 1.45
      vertex 106.502 115.5 0
    endloop
  endfacet
  facet normal 0.997869 0.0652453 0
    outer loop
      vertex 106.519 115.24 1.45
      vertex 106.502 115.5 0
      vertex 106.502 115.5 1.45
    endloop
  endfacet
  facet normal 0.997869 0.0652453 0
    outer loop
      vertex 106.502 115.5 0
      vertex 106.519 115.24 1.45
      vertex 106.519 115.24 0
    endloop
  endfacet
  facet normal 0.980873 0.194648 0
    outer loop
      vertex 106.57 114.983 1.45
      vertex 106.519 115.24 0
      vertex 106.519 115.24 1.45
    endloop
  endfacet
  facet normal 0.980873 0.194648 0
    outer loop
      vertex 106.519 115.24 0
      vertex 106.57 114.983 1.45
      vertex 106.57 114.983 0
    endloop
  endfacet
  facet normal 0.947145 0.320807 0
    outer loop
      vertex 106.654 114.735 1.45
      vertex 106.57 114.983 0
      vertex 106.57 114.983 1.45
    endloop
  endfacet
  facet normal 0.947145 0.320807 0
    outer loop
      vertex 106.57 114.983 0
      vertex 106.654 114.735 1.45
      vertex 106.654 114.735 0
    endloop
  endfacet
  facet normal 0.895953 0.444148 0
    outer loop
      vertex 106.77 114.501 1.45
      vertex 106.654 114.735 0
      vertex 106.654 114.735 1.45
    endloop
  endfacet
  facet normal 0.895953 0.444148 0
    outer loop
      vertex 106.654 114.735 0
      vertex 106.77 114.501 1.45
      vertex 106.77 114.501 0
    endloop
  endfacet
  facet normal 0.83146 0.555584 0
    outer loop
      vertex 106.915 114.284 1.45
      vertex 106.77 114.501 0
      vertex 106.77 114.501 1.45
    endloop
  endfacet
  facet normal 0.83146 0.555584 0
    outer loop
      vertex 106.77 114.501 0
      vertex 106.915 114.284 1.45
      vertex 106.915 114.284 0
    endloop
  endfacet
  facet normal 0.749726 0.661748 0
    outer loop
      vertex 107.088 114.088 1.45
      vertex 106.915 114.284 0
      vertex 106.915 114.284 1.45
    endloop
  endfacet
  facet normal 0.749726 0.661748 0
    outer loop
      vertex 106.915 114.284 0
      vertex 107.088 114.088 1.45
      vertex 107.088 114.088 0
    endloop
  endfacet
  facet normal 0.661748 0.749726 -0
    outer loop
      vertex 107.284 113.915 0
      vertex 107.088 114.088 1.45
      vertex 107.284 113.915 1.45
    endloop
  endfacet
  facet normal 0.661748 0.749726 0
    outer loop
      vertex 107.088 114.088 1.45
      vertex 107.284 113.915 0
      vertex 107.088 114.088 0
    endloop
  endfacet
  facet normal 0.555584 0.83146 -0
    outer loop
      vertex 107.501 113.77 0
      vertex 107.284 113.915 1.45
      vertex 107.501 113.77 1.45
    endloop
  endfacet
  facet normal 0.555584 0.83146 0
    outer loop
      vertex 107.284 113.915 1.45
      vertex 107.501 113.77 0
      vertex 107.284 113.915 0
    endloop
  endfacet
  facet normal 0.444148 0.895953 -0
    outer loop
      vertex 107.735 113.654 0
      vertex 107.501 113.77 1.45
      vertex 107.735 113.654 1.45
    endloop
  endfacet
  facet normal 0.444148 0.895953 0
    outer loop
      vertex 107.501 113.77 1.45
      vertex 107.735 113.654 0
      vertex 107.501 113.77 0
    endloop
  endfacet
  facet normal 0.320807 0.947145 -0
    outer loop
      vertex 107.983 113.57 0
      vertex 107.735 113.654 1.45
      vertex 107.983 113.57 1.45
    endloop
  endfacet
  facet normal 0.320807 0.947145 0
    outer loop
      vertex 107.735 113.654 1.45
      vertex 107.983 113.57 0
      vertex 107.735 113.654 0
    endloop
  endfacet
  facet normal 0.194648 0.980873 -0
    outer loop
      vertex 108.24 113.519 0
      vertex 107.983 113.57 1.45
      vertex 108.24 113.519 1.45
    endloop
  endfacet
  facet normal 0.194648 0.980873 0
    outer loop
      vertex 107.983 113.57 1.45
      vertex 108.24 113.519 0
      vertex 107.983 113.57 0
    endloop
  endfacet
  facet normal 0.0652453 0.997869 -0
    outer loop
      vertex 108.5 113.502 0
      vertex 108.24 113.519 1.45
      vertex 108.5 113.502 1.45
    endloop
  endfacet
  facet normal 0.0652453 0.997869 0
    outer loop
      vertex 108.24 113.519 1.45
      vertex 108.5 113.502 0
      vertex 108.24 113.519 0
    endloop
  endfacet
  facet normal -0.0652453 0.997869 0
    outer loop
      vertex 108.76 113.519 0
      vertex 108.5 113.502 1.45
      vertex 108.76 113.519 1.45
    endloop
  endfacet
  facet normal -0.0652453 0.997869 0
    outer loop
      vertex 108.5 113.502 1.45
      vertex 108.76 113.519 0
      vertex 108.5 113.502 0
    endloop
  endfacet
  facet normal -0.194648 0.980873 0
    outer loop
      vertex 109.017 113.57 0
      vertex 108.76 113.519 1.45
      vertex 109.017 113.57 1.45
    endloop
  endfacet
  facet normal -0.194648 0.980873 0
    outer loop
      vertex 108.76 113.519 1.45
      vertex 109.017 113.57 0
      vertex 108.76 113.519 0
    endloop
  endfacet
  facet normal -0.320807 0.947145 0
    outer loop
      vertex 109.265 113.654 0
      vertex 109.017 113.57 1.45
      vertex 109.265 113.654 1.45
    endloop
  endfacet
  facet normal -0.320807 0.947145 0
    outer loop
      vertex 109.017 113.57 1.45
      vertex 109.265 113.654 0
      vertex 109.017 113.57 0
    endloop
  endfacet
  facet normal -0.444148 0.895953 0
    outer loop
      vertex 109.499 113.77 0
      vertex 109.265 113.654 1.45
      vertex 109.499 113.77 1.45
    endloop
  endfacet
  facet normal -0.444148 0.895953 0
    outer loop
      vertex 109.265 113.654 1.45
      vertex 109.499 113.77 0
      vertex 109.265 113.654 0
    endloop
  endfacet
  facet normal -0.555584 0.83146 0
    outer loop
      vertex 109.716 113.915 0
      vertex 109.499 113.77 1.45
      vertex 109.716 113.915 1.45
    endloop
  endfacet
  facet normal -0.555584 0.83146 0
    outer loop
      vertex 109.499 113.77 1.45
      vertex 109.716 113.915 0
      vertex 109.499 113.77 0
    endloop
  endfacet
  facet normal -0.661748 0.749726 0
    outer loop
      vertex 109.912 114.088 0
      vertex 109.716 113.915 1.45
      vertex 109.912 114.088 1.45
    endloop
  endfacet
  facet normal -0.661748 0.749726 0
    outer loop
      vertex 109.716 113.915 1.45
      vertex 109.912 114.088 0
      vertex 109.716 113.915 0
    endloop
  endfacet
  facet normal -0.749726 0.661748 0
    outer loop
      vertex 109.912 114.088 0
      vertex 110.085 114.284 1.45
      vertex 110.085 114.284 0
    endloop
  endfacet
  facet normal -0.749726 0.661748 0
    outer loop
      vertex 110.085 114.284 1.45
      vertex 109.912 114.088 0
      vertex 109.912 114.088 1.45
    endloop
  endfacet
  facet normal -0.83146 0.555584 0
    outer loop
      vertex 110.085 114.284 0
      vertex 110.23 114.501 1.45
      vertex 110.23 114.501 0
    endloop
  endfacet
  facet normal -0.83146 0.555584 0
    outer loop
      vertex 110.23 114.501 1.45
      vertex 110.085 114.284 0
      vertex 110.085 114.284 1.45
    endloop
  endfacet
  facet normal -0.895953 0.444148 0
    outer loop
      vertex 110.23 114.501 0
      vertex 110.346 114.735 1.45
      vertex 110.346 114.735 0
    endloop
  endfacet
  facet normal -0.895953 0.444148 0
    outer loop
      vertex 110.346 114.735 1.45
      vertex 110.23 114.501 0
      vertex 110.23 114.501 1.45
    endloop
  endfacet
  facet normal -0.947145 0.320807 0
    outer loop
      vertex 110.346 114.735 0
      vertex 110.43 114.983 1.45
      vertex 110.43 114.983 0
    endloop
  endfacet
  facet normal -0.947145 0.320807 0
    outer loop
      vertex 110.43 114.983 1.45
      vertex 110.346 114.735 0
      vertex 110.346 114.735 1.45
    endloop
  endfacet
  facet normal -0.980873 0.194648 0
    outer loop
      vertex 110.43 114.983 0
      vertex 110.481 115.24 1.45
      vertex 110.481 115.24 0
    endloop
  endfacet
  facet normal -0.980873 0.194648 0
    outer loop
      vertex 110.481 115.24 1.45
      vertex 110.43 114.983 0
      vertex 110.43 114.983 1.45
    endloop
  endfacet
  facet normal -0.997869 0.0652453 0
    outer loop
      vertex 110.481 115.24 0
      vertex 110.498 115.5 1.45
      vertex 110.498 115.5 0
    endloop
  endfacet
  facet normal -0.997869 0.0652453 0
    outer loop
      vertex 110.498 115.5 1.45
      vertex 110.481 115.24 0
      vertex 110.481 115.24 1.45
    endloop
  endfacet
  facet normal -0.997869 -0.0652453 0
    outer loop
      vertex 110.498 115.5 0
      vertex 110.481 115.76 1.45
      vertex 110.481 115.76 0
    endloop
  endfacet
  facet normal -0.997869 -0.0652453 0
    outer loop
      vertex 110.481 115.76 1.45
      vertex 110.498 115.5 0
      vertex 110.498 115.5 1.45
    endloop
  endfacet
  facet normal -0.980873 -0.194648 0
    outer loop
      vertex 110.481 115.76 0
      vertex 110.43 116.017 1.45
      vertex 110.43 116.017 0
    endloop
  endfacet
  facet normal -0.980873 -0.194648 0
    outer loop
      vertex 110.43 116.017 1.45
      vertex 110.481 115.76 0
      vertex 110.481 115.76 1.45
    endloop
  endfacet
  facet normal -0.947145 -0.320807 0
    outer loop
      vertex 110.43 116.017 0
      vertex 110.346 116.265 1.45
      vertex 110.346 116.265 0
    endloop
  endfacet
  facet normal -0.947145 -0.320807 0
    outer loop
      vertex 110.346 116.265 1.45
      vertex 110.43 116.017 0
      vertex 110.43 116.017 1.45
    endloop
  endfacet
  facet normal -0.895953 -0.444148 0
    outer loop
      vertex 110.346 116.265 0
      vertex 110.23 116.499 1.45
      vertex 110.23 116.499 0
    endloop
  endfacet
  facet normal -0.895953 -0.444148 0
    outer loop
      vertex 110.23 116.499 1.45
      vertex 110.346 116.265 0
      vertex 110.346 116.265 1.45
    endloop
  endfacet
  facet normal -0.83146 -0.555584 0
    outer loop
      vertex 110.23 116.499 0
      vertex 110.085 116.716 1.45
      vertex 110.085 116.716 0
    endloop
  endfacet
  facet normal -0.83146 -0.555584 0
    outer loop
      vertex 110.085 116.716 1.45
      vertex 110.23 116.499 0
      vertex 110.23 116.499 1.45
    endloop
  endfacet
  facet normal -0.749726 -0.661748 0
    outer loop
      vertex 110.085 116.716 0
      vertex 109.912 116.912 1.45
      vertex 109.912 116.912 0
    endloop
  endfacet
  facet normal -0.749726 -0.661748 0
    outer loop
      vertex 109.912 116.912 1.45
      vertex 110.085 116.716 0
      vertex 110.085 116.716 1.45
    endloop
  endfacet
  facet normal -0.661748 -0.749726 0
    outer loop
      vertex 109.716 117.085 0
      vertex 109.912 116.912 1.45
      vertex 109.716 117.085 1.45
    endloop
  endfacet
  facet normal -0.661748 -0.749726 -0
    outer loop
      vertex 109.912 116.912 1.45
      vertex 109.716 117.085 0
      vertex 109.912 116.912 0
    endloop
  endfacet
  facet normal -0.555584 -0.83146 0
    outer loop
      vertex 109.499 117.23 0
      vertex 109.716 117.085 1.45
      vertex 109.499 117.23 1.45
    endloop
  endfacet
  facet normal -0.555584 -0.83146 -0
    outer loop
      vertex 109.716 117.085 1.45
      vertex 109.499 117.23 0
      vertex 109.716 117.085 0
    endloop
  endfacet
  facet normal -0.444148 -0.895953 0
    outer loop
      vertex 109.265 117.346 0
      vertex 109.499 117.23 1.45
      vertex 109.265 117.346 1.45
    endloop
  endfacet
  facet normal -0.444148 -0.895953 -0
    outer loop
      vertex 109.499 117.23 1.45
      vertex 109.265 117.346 0
      vertex 109.499 117.23 0
    endloop
  endfacet
  facet normal -0.320807 -0.947145 0
    outer loop
      vertex 109.017 117.43 0
      vertex 109.265 117.346 1.45
      vertex 109.017 117.43 1.45
    endloop
  endfacet
  facet normal -0.320807 -0.947145 -0
    outer loop
      vertex 109.265 117.346 1.45
      vertex 109.017 117.43 0
      vertex 109.265 117.346 0
    endloop
  endfacet
  facet normal -0.194648 -0.980873 0
    outer loop
      vertex 108.76 117.481 0
      vertex 109.017 117.43 1.45
      vertex 108.76 117.481 1.45
    endloop
  endfacet
  facet normal -0.194648 -0.980873 -0
    outer loop
      vertex 109.017 117.43 1.45
      vertex 108.76 117.481 0
      vertex 109.017 117.43 0
    endloop
  endfacet
  facet normal -0.0652453 -0.997869 0
    outer loop
      vertex 108.5 117.498 0
      vertex 108.76 117.481 1.45
      vertex 108.5 117.498 1.45
    endloop
  endfacet
  facet normal -0.0652453 -0.997869 -0
    outer loop
      vertex 108.76 117.481 1.45
      vertex 108.5 117.498 0
      vertex 108.76 117.481 0
    endloop
  endfacet
  facet normal 0.0652453 -0.997869 0
    outer loop
      vertex 108.24 117.481 0
      vertex 108.5 117.498 1.45
      vertex 108.24 117.481 1.45
    endloop
  endfacet
  facet normal 0.0652453 -0.997869 0
    outer loop
      vertex 108.5 117.498 1.45
      vertex 108.24 117.481 0
      vertex 108.5 117.498 0
    endloop
  endfacet
  facet normal 0.194648 -0.980873 0
    outer loop
      vertex 175.983 117.43 0
      vertex 176.24 117.481 1.45
      vertex 175.983 117.43 1.45
    endloop
  endfacet
  facet normal 0.194648 -0.980873 0
    outer loop
      vertex 176.24 117.481 1.45
      vertex 175.983 117.43 0
      vertex 176.24 117.481 0
    endloop
  endfacet
  facet normal 0.320807 -0.947145 0
    outer loop
      vertex 175.735 117.346 0
      vertex 175.983 117.43 1.45
      vertex 175.735 117.346 1.45
    endloop
  endfacet
  facet normal 0.320807 -0.947145 0
    outer loop
      vertex 175.983 117.43 1.45
      vertex 175.735 117.346 0
      vertex 175.983 117.43 0
    endloop
  endfacet
  facet normal 0.444148 -0.895953 0
    outer loop
      vertex 175.501 117.23 0
      vertex 175.735 117.346 1.45
      vertex 175.501 117.23 1.45
    endloop
  endfacet
  facet normal 0.444148 -0.895953 0
    outer loop
      vertex 175.735 117.346 1.45
      vertex 175.501 117.23 0
      vertex 175.735 117.346 0
    endloop
  endfacet
  facet normal 0.555584 -0.83146 0
    outer loop
      vertex 175.284 117.085 0
      vertex 175.501 117.23 1.45
      vertex 175.284 117.085 1.45
    endloop
  endfacet
  facet normal 0.555584 -0.83146 0
    outer loop
      vertex 175.501 117.23 1.45
      vertex 175.284 117.085 0
      vertex 175.501 117.23 0
    endloop
  endfacet
  facet normal 0.661748 -0.749726 0
    outer loop
      vertex 175.088 116.912 0
      vertex 175.284 117.085 1.45
      vertex 175.088 116.912 1.45
    endloop
  endfacet
  facet normal 0.661748 -0.749726 0
    outer loop
      vertex 175.284 117.085 1.45
      vertex 175.088 116.912 0
      vertex 175.284 117.085 0
    endloop
  endfacet
  facet normal 0.749726 -0.661748 0
    outer loop
      vertex 174.915 116.716 1.45
      vertex 175.088 116.912 0
      vertex 175.088 116.912 1.45
    endloop
  endfacet
  facet normal 0.749726 -0.661748 0
    outer loop
      vertex 175.088 116.912 0
      vertex 174.915 116.716 1.45
      vertex 174.915 116.716 0
    endloop
  endfacet
  facet normal 0.83146 -0.555584 0
    outer loop
      vertex 174.77 116.499 1.45
      vertex 174.915 116.716 0
      vertex 174.915 116.716 1.45
    endloop
  endfacet
  facet normal 0.83146 -0.555584 0
    outer loop
      vertex 174.915 116.716 0
      vertex 174.77 116.499 1.45
      vertex 174.77 116.499 0
    endloop
  endfacet
  facet normal 0.895953 -0.444148 0
    outer loop
      vertex 174.654 116.265 1.45
      vertex 174.77 116.499 0
      vertex 174.77 116.499 1.45
    endloop
  endfacet
  facet normal 0.895953 -0.444148 0
    outer loop
      vertex 174.77 116.499 0
      vertex 174.654 116.265 1.45
      vertex 174.654 116.265 0
    endloop
  endfacet
  facet normal 0.947145 -0.320807 0
    outer loop
      vertex 174.57 116.017 1.45
      vertex 174.654 116.265 0
      vertex 174.654 116.265 1.45
    endloop
  endfacet
  facet normal 0.947145 -0.320807 0
    outer loop
      vertex 174.654 116.265 0
      vertex 174.57 116.017 1.45
      vertex 174.57 116.017 0
    endloop
  endfacet
  facet normal 0.980873 -0.194648 0
    outer loop
      vertex 174.519 115.76 1.45
      vertex 174.57 116.017 0
      vertex 174.57 116.017 1.45
    endloop
  endfacet
  facet normal 0.980873 -0.194648 0
    outer loop
      vertex 174.57 116.017 0
      vertex 174.519 115.76 1.45
      vertex 174.519 115.76 0
    endloop
  endfacet
  facet normal 0.997869 -0.0652453 0
    outer loop
      vertex 174.502 115.5 1.45
      vertex 174.519 115.76 0
      vertex 174.519 115.76 1.45
    endloop
  endfacet
  facet normal 0.997869 -0.0652453 0
    outer loop
      vertex 174.519 115.76 0
      vertex 174.502 115.5 1.45
      vertex 174.502 115.5 0
    endloop
  endfacet
  facet normal 0.997869 0.0652453 0
    outer loop
      vertex 174.519 115.24 1.45
      vertex 174.502 115.5 0
      vertex 174.502 115.5 1.45
    endloop
  endfacet
  facet normal 0.997869 0.0652453 0
    outer loop
      vertex 174.502 115.5 0
      vertex 174.519 115.24 1.45
      vertex 174.519 115.24 0
    endloop
  endfacet
  facet normal 0.980873 0.194648 0
    outer loop
      vertex 174.57 114.983 1.45
      vertex 174.519 115.24 0
      vertex 174.519 115.24 1.45
    endloop
  endfacet
  facet normal 0.980873 0.194648 0
    outer loop
      vertex 174.519 115.24 0
      vertex 174.57 114.983 1.45
      vertex 174.57 114.983 0
    endloop
  endfacet
  facet normal 0.947145 0.320807 0
    outer loop
      vertex 174.654 114.735 1.45
      vertex 174.57 114.983 0
      vertex 174.57 114.983 1.45
    endloop
  endfacet
  facet normal 0.947145 0.320807 0
    outer loop
      vertex 174.57 114.983 0
      vertex 174.654 114.735 1.45
      vertex 174.654 114.735 0
    endloop
  endfacet
  facet normal 0.895953 0.444148 0
    outer loop
      vertex 174.77 114.501 1.45
      vertex 174.654 114.735 0
      vertex 174.654 114.735 1.45
    endloop
  endfacet
  facet normal 0.895953 0.444148 0
    outer loop
      vertex 174.654 114.735 0
      vertex 174.77 114.501 1.45
      vertex 174.77 114.501 0
    endloop
  endfacet
  facet normal 0.83146 0.555584 0
    outer loop
      vertex 174.915 114.284 1.45
      vertex 174.77 114.501 0
      vertex 174.77 114.501 1.45
    endloop
  endfacet
  facet normal 0.83146 0.555584 0
    outer loop
      vertex 174.77 114.501 0
      vertex 174.915 114.284 1.45
      vertex 174.915 114.284 0
    endloop
  endfacet
  facet normal 0.749726 0.661748 0
    outer loop
      vertex 175.088 114.088 1.45
      vertex 174.915 114.284 0
      vertex 174.915 114.284 1.45
    endloop
  endfacet
  facet normal 0.749726 0.661748 0
    outer loop
      vertex 174.915 114.284 0
      vertex 175.088 114.088 1.45
      vertex 175.088 114.088 0
    endloop
  endfacet
  facet normal 0.661748 0.749726 -0
    outer loop
      vertex 175.284 113.915 0
      vertex 175.088 114.088 1.45
      vertex 175.284 113.915 1.45
    endloop
  endfacet
  facet normal 0.661748 0.749726 0
    outer loop
      vertex 175.088 114.088 1.45
      vertex 175.284 113.915 0
      vertex 175.088 114.088 0
    endloop
  endfacet
  facet normal 0.555584 0.83146 -0
    outer loop
      vertex 175.501 113.77 0
      vertex 175.284 113.915 1.45
      vertex 175.501 113.77 1.45
    endloop
  endfacet
  facet normal 0.555584 0.83146 0
    outer loop
      vertex 175.284 113.915 1.45
      vertex 175.501 113.77 0
      vertex 175.284 113.915 0
    endloop
  endfacet
  facet normal 0.444148 0.895953 -0
    outer loop
      vertex 175.735 113.654 0
      vertex 175.501 113.77 1.45
      vertex 175.735 113.654 1.45
    endloop
  endfacet
  facet normal 0.444148 0.895953 0
    outer loop
      vertex 175.501 113.77 1.45
      vertex 175.735 113.654 0
      vertex 175.501 113.77 0
    endloop
  endfacet
  facet normal 0.320807 0.947145 -0
    outer loop
      vertex 175.983 113.57 0
      vertex 175.735 113.654 1.45
      vertex 175.983 113.57 1.45
    endloop
  endfacet
  facet normal 0.320807 0.947145 0
    outer loop
      vertex 175.735 113.654 1.45
      vertex 175.983 113.57 0
      vertex 175.735 113.654 0
    endloop
  endfacet
  facet normal 0.194648 0.980873 -0
    outer loop
      vertex 176.24 113.519 0
      vertex 175.983 113.57 1.45
      vertex 176.24 113.519 1.45
    endloop
  endfacet
  facet normal 0.194648 0.980873 0
    outer loop
      vertex 175.983 113.57 1.45
      vertex 176.24 113.519 0
      vertex 175.983 113.57 0
    endloop
  endfacet
  facet normal 0.0652453 0.997869 -0
    outer loop
      vertex 176.5 113.502 0
      vertex 176.24 113.519 1.45
      vertex 176.5 113.502 1.45
    endloop
  endfacet
  facet normal 0.0652453 0.997869 0
    outer loop
      vertex 176.24 113.519 1.45
      vertex 176.5 113.502 0
      vertex 176.24 113.519 0
    endloop
  endfacet
  facet normal -0.0652453 0.997869 0
    outer loop
      vertex 176.76 113.519 0
      vertex 176.5 113.502 1.45
      vertex 176.76 113.519 1.45
    endloop
  endfacet
  facet normal -0.0652453 0.997869 0
    outer loop
      vertex 176.5 113.502 1.45
      vertex 176.76 113.519 0
      vertex 176.5 113.502 0
    endloop
  endfacet
  facet normal -0.194648 0.980873 0
    outer loop
      vertex 177.017 113.57 0
      vertex 176.76 113.519 1.45
      vertex 177.017 113.57 1.45
    endloop
  endfacet
  facet normal -0.194648 0.980873 0
    outer loop
      vertex 176.76 113.519 1.45
      vertex 177.017 113.57 0
      vertex 176.76 113.519 0
    endloop
  endfacet
  facet normal -0.320807 0.947145 0
    outer loop
      vertex 177.265 113.654 0
      vertex 177.017 113.57 1.45
      vertex 177.265 113.654 1.45
    endloop
  endfacet
  facet normal -0.320807 0.947145 0
    outer loop
      vertex 177.017 113.57 1.45
      vertex 177.265 113.654 0
      vertex 177.017 113.57 0
    endloop
  endfacet
  facet normal -0.444148 0.895953 0
    outer loop
      vertex 177.499 113.77 0
      vertex 177.265 113.654 1.45
      vertex 177.499 113.77 1.45
    endloop
  endfacet
  facet normal -0.444148 0.895953 0
    outer loop
      vertex 177.265 113.654 1.45
      vertex 177.499 113.77 0
      vertex 177.265 113.654 0
    endloop
  endfacet
  facet normal -0.555584 0.83146 0
    outer loop
      vertex 177.716 113.915 0
      vertex 177.499 113.77 1.45
      vertex 177.716 113.915 1.45
    endloop
  endfacet
  facet normal -0.555584 0.83146 0
    outer loop
      vertex 177.499 113.77 1.45
      vertex 177.716 113.915 0
      vertex 177.499 113.77 0
    endloop
  endfacet
  facet normal -0.661748 0.749726 0
    outer loop
      vertex 177.912 114.088 0
      vertex 177.716 113.915 1.45
      vertex 177.912 114.088 1.45
    endloop
  endfacet
  facet normal -0.661748 0.749726 0
    outer loop
      vertex 177.716 113.915 1.45
      vertex 177.912 114.088 0
      vertex 177.716 113.915 0
    endloop
  endfacet
  facet normal -0.749726 0.661748 0
    outer loop
      vertex 177.912 114.088 0
      vertex 178.085 114.284 1.45
      vertex 178.085 114.284 0
    endloop
  endfacet
  facet normal -0.749726 0.661748 0
    outer loop
      vertex 178.085 114.284 1.45
      vertex 177.912 114.088 0
      vertex 177.912 114.088 1.45
    endloop
  endfacet
  facet normal -0.83146 0.555584 0
    outer loop
      vertex 178.085 114.284 0
      vertex 178.23 114.501 1.45
      vertex 178.23 114.501 0
    endloop
  endfacet
  facet normal -0.83146 0.555584 0
    outer loop
      vertex 178.23 114.501 1.45
      vertex 178.085 114.284 0
      vertex 178.085 114.284 1.45
    endloop
  endfacet
  facet normal -0.895953 0.444148 0
    outer loop
      vertex 178.23 114.501 0
      vertex 178.346 114.735 1.45
      vertex 178.346 114.735 0
    endloop
  endfacet
  facet normal -0.895953 0.444148 0
    outer loop
      vertex 178.346 114.735 1.45
      vertex 178.23 114.501 0
      vertex 178.23 114.501 1.45
    endloop
  endfacet
  facet normal -0.947145 0.320807 0
    outer loop
      vertex 178.346 114.735 0
      vertex 178.43 114.983 1.45
      vertex 178.43 114.983 0
    endloop
  endfacet
  facet normal -0.947145 0.320807 0
    outer loop
      vertex 178.43 114.983 1.45
      vertex 178.346 114.735 0
      vertex 178.346 114.735 1.45
    endloop
  endfacet
  facet normal -0.980873 0.194648 0
    outer loop
      vertex 178.43 114.983 0
      vertex 178.481 115.24 1.45
      vertex 178.481 115.24 0
    endloop
  endfacet
  facet normal -0.980873 0.194648 0
    outer loop
      vertex 178.481 115.24 1.45
      vertex 178.43 114.983 0
      vertex 178.43 114.983 1.45
    endloop
  endfacet
  facet normal -0.997869 0.0652453 0
    outer loop
      vertex 178.481 115.24 0
      vertex 178.498 115.5 1.45
      vertex 178.498 115.5 0
    endloop
  endfacet
  facet normal -0.997869 0.0652453 0
    outer loop
      vertex 178.498 115.5 1.45
      vertex 178.481 115.24 0
      vertex 178.481 115.24 1.45
    endloop
  endfacet
  facet normal -0.997869 -0.0652453 0
    outer loop
      vertex 178.498 115.5 0
      vertex 178.481 115.76 1.45
      vertex 178.481 115.76 0
    endloop
  endfacet
  facet normal -0.997869 -0.0652453 0
    outer loop
      vertex 178.481 115.76 1.45
      vertex 178.498 115.5 0
      vertex 178.498 115.5 1.45
    endloop
  endfacet
  facet normal -0.980873 -0.194648 0
    outer loop
      vertex 178.481 115.76 0
      vertex 178.43 116.017 1.45
      vertex 178.43 116.017 0
    endloop
  endfacet
  facet normal -0.980873 -0.194648 0
    outer loop
      vertex 178.43 116.017 1.45
      vertex 178.481 115.76 0
      vertex 178.481 115.76 1.45
    endloop
  endfacet
  facet normal -0.947145 -0.320807 0
    outer loop
      vertex 178.43 116.017 0
      vertex 178.346 116.265 1.45
      vertex 178.346 116.265 0
    endloop
  endfacet
  facet normal -0.947145 -0.320807 0
    outer loop
      vertex 178.346 116.265 1.45
      vertex 178.43 116.017 0
      vertex 178.43 116.017 1.45
    endloop
  endfacet
  facet normal -0.895953 -0.444148 0
    outer loop
      vertex 178.346 116.265 0
      vertex 178.23 116.499 1.45
      vertex 178.23 116.499 0
    endloop
  endfacet
  facet normal -0.895953 -0.444148 0
    outer loop
      vertex 178.23 116.499 1.45
      vertex 178.346 116.265 0
      vertex 178.346 116.265 1.45
    endloop
  endfacet
  facet normal -0.83146 -0.555584 0
    outer loop
      vertex 178.23 116.499 0
      vertex 178.085 116.716 1.45
      vertex 178.085 116.716 0
    endloop
  endfacet
  facet normal -0.83146 -0.555584 0
    outer loop
      vertex 178.085 116.716 1.45
      vertex 178.23 116.499 0
      vertex 178.23 116.499 1.45
    endloop
  endfacet
  facet normal -0.749726 -0.661748 0
    outer loop
      vertex 178.085 116.716 0
      vertex 177.912 116.912 1.45
      vertex 177.912 116.912 0
    endloop
  endfacet
  facet normal -0.749726 -0.661748 0
    outer loop
      vertex 177.912 116.912 1.45
      vertex 178.085 116.716 0
      vertex 178.085 116.716 1.45
    endloop
  endfacet
  facet normal -0.661748 -0.749726 0
    outer loop
      vertex 177.716 117.085 0
      vertex 177.912 116.912 1.45
      vertex 177.716 117.085 1.45
    endloop
  endfacet
  facet normal -0.661748 -0.749726 -0
    outer loop
      vertex 177.912 116.912 1.45
      vertex 177.716 117.085 0
      vertex 177.912 116.912 0
    endloop
  endfacet
  facet normal -0.555584 -0.83146 0
    outer loop
      vertex 177.499 117.23 0
      vertex 177.716 117.085 1.45
      vertex 177.499 117.23 1.45
    endloop
  endfacet
  facet normal -0.555584 -0.83146 -0
    outer loop
      vertex 177.716 117.085 1.45
      vertex 177.499 117.23 0
      vertex 177.716 117.085 0
    endloop
  endfacet
  facet normal -0.444148 -0.895953 0
    outer loop
      vertex 177.265 117.346 0
      vertex 177.499 117.23 1.45
      vertex 177.265 117.346 1.45
    endloop
  endfacet
  facet normal -0.444148 -0.895953 -0
    outer loop
      vertex 177.499 117.23 1.45
      vertex 177.265 117.346 0
      vertex 177.499 117.23 0
    endloop
  endfacet
  facet normal -0.320807 -0.947145 0
    outer loop
      vertex 177.017 117.43 0
      vertex 177.265 117.346 1.45
      vertex 177.017 117.43 1.45
    endloop
  endfacet
  facet normal -0.320807 -0.947145 -0
    outer loop
      vertex 177.265 117.346 1.45
      vertex 177.017 117.43 0
      vertex 177.265 117.346 0
    endloop
  endfacet
  facet normal -0.194648 -0.980873 0
    outer loop
      vertex 176.76 117.481 0
      vertex 177.017 117.43 1.45
      vertex 176.76 117.481 1.45
    endloop
  endfacet
  facet normal -0.194648 -0.980873 -0
    outer loop
      vertex 177.017 117.43 1.45
      vertex 176.76 117.481 0
      vertex 177.017 117.43 0
    endloop
  endfacet
  facet normal -0.0652453 -0.997869 0
    outer loop
      vertex 176.5 117.498 0
      vertex 176.76 117.481 1.45
      vertex 176.5 117.498 1.45
    endloop
  endfacet
  facet normal -0.0652453 -0.997869 -0
    outer loop
      vertex 176.76 117.481 1.45
      vertex 176.5 117.498 0
      vertex 176.76 117.481 0
    endloop
  endfacet
  facet normal 0.0652453 -0.997869 0
    outer loop
      vertex 176.24 117.481 0
      vertex 176.5 117.498 1.45
      vertex 176.24 117.481 1.45
    endloop
  endfacet
  facet normal 0.0652453 -0.997869 0
    outer loop
      vertex 176.5 117.498 1.45
      vertex 176.24 117.481 0
      vertex 176.5 117.498 0
    endloop
  endfacet
  facet normal 0 0 1
    outer loop
      vertex 98.4453 57.2441 0.15
      vertex 100.555 57.2441 0.15
      vertex 98.5264 57.2979 0.15
    endloop
  endfacet
  facet normal 0 0 1
    outer loop
      vertex 101.4 50.9336 0.15
      vertex 98.5811 47.2207 0.15
      vertex 98.5996 47.125 0.15
    endloop
  endfacet
  facet normal 0 0 1
    outer loop
      vertex 100.555 57.2441 0.15
      vertex 98.4453 57.2441 0.15
      vertex 101.4 50.9336 0.15
    endloop
  endfacet
  facet normal 0 0 1
    outer loop
      vertex 101.4 50.9336 0.15
      vertex 98.5264 47.3018 0.15
      vertex 98.5811 47.2207 0.15
    endloop
  endfacet
  facet normal -0 0 1
    outer loop
      vertex 98.3496 57.2246 0.15
      vertex 101.4 50.9336 0.15
      vertex 98.4453 57.2441 0.15
    endloop
  endfacet
  facet normal 0 0 1
    outer loop
      vertex 101.4 50.9336 0.15
      vertex 98.4453 47.3564 0.15
      vertex 98.5264 47.3018 0.15
    endloop
  endfacet
  facet normal -0 0 1
    outer loop
      vertex 97.7246 57.2246 0.15
      vertex 101.4 50.9336 0.15
      vertex 98.3496 57.2246 0.15
    endloop
  endfacet
  facet normal 0 0 1
    outer loop
      vertex 101.4 50.9336 0.15
      vertex 98.3496 47.375 0.15
      vertex 98.4453 47.3564 0.15
    endloop
  endfacet
  facet normal 0 0 1
    outer loop
      vertex 97.6289 57.2441 0.15
      vertex 101.4 50.9336 0.15
      vertex 97.7246 57.2246 0.15
    endloop
  endfacet
  facet normal 0 0 1
    outer loop
      vertex 101.4 50.9336 0.15
      vertex 97.7246 47.375 0.15
      vertex 98.3496 47.375 0.15
    endloop
  endfacet
  facet normal 0 0 1
    outer loop
      vertex 97.6289 47.3564 0.15
      vertex 101.4 50.9336 0.15
      vertex 97.6289 57.2441 0.15
    endloop
  endfacet
  facet normal 0 0 1
    outer loop
      vertex 101.4 50.9336 0.15
      vertex 97.6289 47.3564 0.15
      vertex 97.7246 47.375 0.15
    endloop
  endfacet
  facet normal 0 0 1
    outer loop
      vertex 97.5479 57.2979 0.15
      vertex 97.6289 47.3564 0.15
      vertex 97.6289 57.2441 0.15
    endloop
  endfacet
  facet normal 0 0 1
    outer loop
      vertex 97.5479 57.2979 0.15
      vertex 97.5479 47.3018 0.15
      vertex 97.6289 47.3564 0.15
    endloop
  endfacet
  facet normal 0 0 1
    outer loop
      vertex 97.4941 57.3789 0.15
      vertex 97.5479 47.3018 0.15
      vertex 97.5479 57.2979 0.15
    endloop
  endfacet
  facet normal 0 0 1
    outer loop
      vertex 97.4941 57.3789 0.15
      vertex 97.4941 47.2207 0.15
      vertex 97.5479 47.3018 0.15
    endloop
  endfacet
  facet normal 0 0 1
    outer loop
      vertex 97.4746 57.4746 0.15
      vertex 97.4941 47.2207 0.15
      vertex 97.4941 57.3789 0.15
    endloop
  endfacet
  facet normal 0 0 1
    outer loop
      vertex 97.4941 47.2207 0.15
      vertex 97.4746 57.4746 0.15
      vertex 97.4746 47.125 0.15
    endloop
  endfacet
  facet normal 0 0 1
    outer loop
      vertex 100.555 68.8438 0.15
      vertex 98.4453 68.8438 0.15
      vertex 101.4 65.7666 0.15
    endloop
  endfacet
  facet normal 0 0 1
    outer loop
      vertex 101.4 63.5664 0.15
      vertex 98.5811 58.8203 0.15
      vertex 98.5996 58.7246 0.15
    endloop
  endfacet
  facet normal -0 0 1
    outer loop
      vertex 98.3496 68.8252 0.15
      vertex 101.4 65.7666 0.15
      vertex 98.4453 68.8438 0.15
    endloop
  endfacet
  facet normal 0 0 1
    outer loop
      vertex 101.4 63.5664 0.15
      vertex 98.5264 58.9014 0.15
      vertex 98.5811 58.8203 0.15
    endloop
  endfacet
  facet normal -0 0 1
    outer loop
      vertex 97.7246 68.8252 0.15
      vertex 101.4 65.7666 0.15
      vertex 98.3496 68.8252 0.15
    endloop
  endfacet
  facet normal 0 0 1
    outer loop
      vertex 101.4 63.5664 0.15
      vertex 98.4453 58.9561 0.15
      vertex 98.5264 58.9014 0.15
    endloop
  endfacet
  facet normal 0 0 1
    outer loop
      vertex 101.4 65.7666 0.15
      vertex 97.7246 68.8252 0.15
      vertex 101.4 63.5664 0.15
    endloop
  endfacet
  facet normal 0 0 1
    outer loop
      vertex 101.4 63.5664 0.15
      vertex 98.3496 58.9746 0.15
      vertex 98.4453 58.9561 0.15
    endloop
  endfacet
  facet normal 0 0 1
    outer loop
      vertex 97.6289 68.8438 0.15
      vertex 101.4 63.5664 0.15
      vertex 97.7246 68.8252 0.15
    endloop
  endfacet
  facet normal 0 0 1
    outer loop
      vertex 101.4 63.5664 0.15
      vertex 97.7246 58.9746 0.15
      vertex 98.3496 58.9746 0.15
    endloop
  endfacet
  facet normal 0 0 1
    outer loop
      vertex 97.6289 58.9561 0.15
      vertex 101.4 63.5664 0.15
      vertex 97.6289 68.8438 0.15
    endloop
  endfacet
  facet normal 0 0 1
    outer loop
      vertex 101.4 63.5664 0.15
      vertex 97.6289 58.9561 0.15
      vertex 97.7246 58.9746 0.15
    endloop
  endfacet
  facet normal 0 0 1
    outer loop
      vertex 97.5479 68.8984 0.15
      vertex 97.6289 58.9561 0.15
      vertex 97.6289 68.8438 0.15
    endloop
  endfacet
  facet normal 0 0 1
    outer loop
      vertex 97.5479 68.8984 0.15
      vertex 97.5479 58.9014 0.15
      vertex 97.6289 58.9561 0.15
    endloop
  endfacet
  facet normal 0 0 1
    outer loop
      vertex 97.4941 68.9795 0.15
      vertex 97.5479 58.9014 0.15
      vertex 97.5479 68.8984 0.15
    endloop
  endfacet
  facet normal 0 0 1
    outer loop
      vertex 97.4941 68.9795 0.15
      vertex 97.4941 58.8203 0.15
      vertex 97.5479 58.9014 0.15
    endloop
  endfacet
  facet normal 0 0 1
    outer loop
      vertex 97.4746 69.0752 0.15
      vertex 97.4941 58.8203 0.15
      vertex 97.4941 68.9795 0.15
    endloop
  endfacet
  facet normal 0 0 1
    outer loop
      vertex 97.4941 58.8203 0.15
      vertex 97.4746 69.0752 0.15
      vertex 97.4746 58.7246 0.15
    endloop
  endfacet
  facet normal 0 0 1
    outer loop
      vertex 100.555 82.6436 0.15
      vertex 98.4453 82.6436 0.15
      vertex 101.4 80.5996 0.15
    endloop
  endfacet
  facet normal 0 0 1
    outer loop
      vertex 101.4 78.4004 0.15
      vertex 98.5811 70.4209 0.15
      vertex 98.5996 70.3252 0.15
    endloop
  endfacet
  facet normal -0 0 1
    outer loop
      vertex 98.3496 82.625 0.15
      vertex 101.4 80.5996 0.15
      vertex 98.4453 82.6436 0.15
    endloop
  endfacet
  facet normal 0 0 1
    outer loop
      vertex 101.4 78.4004 0.15
      vertex 98.5264 70.502 0.15
      vertex 98.5811 70.4209 0.15
    endloop
  endfacet
  facet normal 0 0 1
    outer loop
      vertex 101.4 80.5996 0.15
      vertex 98.3496 82.625 0.15
      vertex 101.4 78.4004 0.15
    endloop
  endfacet
  facet normal 0 0 1
    outer loop
      vertex 101.4 78.4004 0.15
      vertex 98.4453 70.5557 0.15
      vertex 98.5264 70.502 0.15
    endloop
  endfacet
  facet normal -0 0 1
    outer loop
      vertex 97.7246 82.625 0.15
      vertex 101.4 78.4004 0.15
      vertex 98.3496 82.625 0.15
    endloop
  endfacet
  facet normal 0 0 1
    outer loop
      vertex 101.4 78.4004 0.15
      vertex 98.3496 70.5752 0.15
      vertex 98.4453 70.5557 0.15
    endloop
  endfacet
  facet normal 0 0 1
    outer loop
      vertex 97.6289 82.6436 0.15
      vertex 101.4 78.4004 0.15
      vertex 97.7246 82.625 0.15
    endloop
  endfacet
  facet normal 0 0 1
    outer loop
      vertex 101.4 78.4004 0.15
      vertex 97.7246 70.5752 0.15
      vertex 98.3496 70.5752 0.15
    endloop
  endfacet
  facet normal 0 0 1
    outer loop
      vertex 97.6289 70.5557 0.15
      vertex 101.4 78.4004 0.15
      vertex 97.6289 82.6436 0.15
    endloop
  endfacet
  facet normal 0 0 1
    outer loop
      vertex 101.4 78.4004 0.15
      vertex 97.6289 70.5557 0.15
      vertex 97.7246 70.5752 0.15
    endloop
  endfacet
  facet normal 0 0 1
    outer loop
      vertex 97.5479 82.6982 0.15
      vertex 97.6289 70.5557 0.15
      vertex 97.6289 82.6436 0.15
    endloop
  endfacet
  facet normal 0 0 1
    outer loop
      vertex 97.5479 82.6982 0.15
      vertex 97.5479 70.502 0.15
      vertex 97.6289 70.5557 0.15
    endloop
  endfacet
  facet normal 0 0 1
    outer loop
      vertex 97.4941 82.7793 0.15
      vertex 97.5479 70.502 0.15
      vertex 97.5479 82.6982 0.15
    endloop
  endfacet
  facet normal 0 0 1
    outer loop
      vertex 97.4941 82.7793 0.15
      vertex 97.4941 70.4209 0.15
      vertex 97.5479 70.502 0.15
    endloop
  endfacet
  facet normal 0 0 1
    outer loop
      vertex 97.4746 82.875 0.15
      vertex 97.4941 70.4209 0.15
      vertex 97.4941 82.7793 0.15
    endloop
  endfacet
  facet normal 0 0 1
    outer loop
      vertex 97.4941 70.4209 0.15
      vertex 97.4746 82.875 0.15
      vertex 97.4746 70.3252 0.15
    endloop
  endfacet
  facet normal 0 0 1
    outer loop
      vertex 98.4453 89.6436 0.15
      vertex 100.555 89.6436 0.15
      vertex 98.5264 89.6982 0.15
    endloop
  endfacet
  facet normal 0 0 1
    outer loop
      vertex 100.555 84.3564 0.15
      vertex 98.5811 84.2207 0.15
      vertex 98.5996 84.125 0.15
    endloop
  endfacet
  facet normal 0 0 1
    outer loop
      vertex 100.555 89.6436 0.15
      vertex 98.4453 89.6436 0.15
      vertex 100.555 84.3564 0.15
    endloop
  endfacet
  facet normal 0 0 1
    outer loop
      vertex 100.555 84.3564 0.15
      vertex 98.5264 84.3018 0.15
      vertex 98.5811 84.2207 0.15
    endloop
  endfacet
  facet normal 0 0 1
    outer loop
      vertex 98.4453 84.3564 0.15
      vertex 100.555 84.3564 0.15
      vertex 98.4453 89.6436 0.15
    endloop
  endfacet
  facet normal 0 0 1
    outer loop
      vertex 100.555 84.3564 0.15
      vertex 98.4453 84.3564 0.15
      vertex 98.5264 84.3018 0.15
    endloop
  endfacet
  facet normal -0 0 1
    outer loop
      vertex 98.3496 89.625 0.15
      vertex 98.4453 84.3564 0.15
      vertex 98.4453 89.6436 0.15
    endloop
  endfacet
  facet normal 0 0 1
    outer loop
      vertex 98.3496 89.625 0.15
      vertex 98.3496 84.375 0.15
      vertex 98.4453 84.3564 0.15
    endloop
  endfacet
  facet normal -0 0 1
    outer loop
      vertex 97.7246 89.625 0.15
      vertex 98.3496 84.375 0.15
      vertex 98.3496 89.625 0.15
    endloop
  endfacet
  facet normal 0 0 1
    outer loop
      vertex 97.7246 89.625 0.15
      vertex 97.7246 84.375 0.15
      vertex 98.3496 84.375 0.15
    endloop
  endfacet
  facet normal 0 0 1
    outer loop
      vertex 97.6289 89.6436 0.15
      vertex 97.7246 84.375 0.15
      vertex 97.7246 89.625 0.15
    endloop
  endfacet
  facet normal 0 0 1
    outer loop
      vertex 97.6289 89.6436 0.15
      vertex 97.6289 84.3564 0.15
      vertex 97.7246 84.375 0.15
    endloop
  endfacet
  facet normal 0 0 1
    outer loop
      vertex 97.5479 89.6982 0.15
      vertex 97.6289 84.3564 0.15
      vertex 97.6289 89.6436 0.15
    endloop
  endfacet
  facet normal 0 0 1
    outer loop
      vertex 97.5479 89.6982 0.15
      vertex 97.5479 84.3018 0.15
      vertex 97.6289 84.3564 0.15
    endloop
  endfacet
  facet normal 0 0 1
    outer loop
      vertex 97.4941 89.7793 0.15
      vertex 97.5479 84.3018 0.15
      vertex 97.5479 89.6982 0.15
    endloop
  endfacet
  facet normal 0 0 1
    outer loop
      vertex 97.4941 89.7793 0.15
      vertex 97.4941 84.2207 0.15
      vertex 97.5479 84.3018 0.15
    endloop
  endfacet
  facet normal 0 0 1
    outer loop
      vertex 97.4746 89.875 0.15
      vertex 97.4941 84.2207 0.15
      vertex 97.4941 89.7793 0.15
    endloop
  endfacet
  facet normal 0 0 1
    outer loop
      vertex 97.4941 84.2207 0.15
      vertex 97.4746 89.875 0.15
      vertex 97.4746 84.125 0.15
    endloop
  endfacet
  facet normal 0 0 1
    outer loop
      vertex 98.4453 103.644 0.15
      vertex 100.555 103.644 0.15
      vertex 98.5264 103.698 0.15
    endloop
  endfacet
  facet normal 0 0 1
    outer loop
      vertex 101.4 95.4336 0.15
      vertex 98.5811 91.2207 0.15
      vertex 98.5996 91.125 0.15
    endloop
  endfacet
  facet normal 0 0 1
    outer loop
      vertex 100.555 103.644 0.15
      vertex 98.4453 103.644 0.15
      vertex 101.4 95.4336 0.15
    endloop
  endfacet
  facet normal 0 0 1
    outer loop
      vertex 101.4 95.4336 0.15
      vertex 98.5264 91.3018 0.15
      vertex 98.5811 91.2207 0.15
    endloop
  endfacet
  facet normal -0 0 1
    outer loop
      vertex 98.3496 103.625 0.15
      vertex 101.4 95.4336 0.15
      vertex 98.4453 103.644 0.15
    endloop
  endfacet
  facet normal 0 0 1
    outer loop
      vertex 101.4 95.4336 0.15
      vertex 98.4453 91.3564 0.15
      vertex 98.5264 91.3018 0.15
    endloop
  endfacet
  facet normal -0 0 1
    outer loop
      vertex 97.7246 103.625 0.15
      vertex 101.4 95.4336 0.15
      vertex 98.3496 103.625 0.15
    endloop
  endfacet
  facet normal 0 0 1
    outer loop
      vertex 101.4 95.4336 0.15
      vertex 98.3496 91.375 0.15
      vertex 98.4453 91.3564 0.15
    endloop
  endfacet
  facet normal 0 0 1
    outer loop
      vertex 97.6289 103.644 0.15
      vertex 101.4 95.4336 0.15
      vertex 97.7246 103.625 0.15
    endloop
  endfacet
  facet normal 0 0 1
    outer loop
      vertex 101.4 95.4336 0.15
      vertex 97.7246 91.375 0.15
      vertex 98.3496 91.375 0.15
    endloop
  endfacet
  facet normal 0 0 1
    outer loop
      vertex 97.6289 91.3564 0.15
      vertex 101.4 95.4336 0.15
      vertex 97.6289 103.644 0.15
    endloop
  endfacet
  facet normal 0 0 1
    outer loop
      vertex 101.4 95.4336 0.15
      vertex 97.6289 91.3564 0.15
      vertex 97.7246 91.375 0.15
    endloop
  endfacet
  facet normal 0 0 1
    outer loop
      vertex 97.5479 103.698 0.15
      vertex 97.6289 91.3564 0.15
      vertex 97.6289 103.644 0.15
    endloop
  endfacet
  facet normal 0 0 1
    outer loop
      vertex 97.5479 103.698 0.15
      vertex 97.5479 91.3018 0.15
      vertex 97.6289 91.3564 0.15
    endloop
  endfacet
  facet normal 0 0 1
    outer loop
      vertex 97.4941 103.779 0.15
      vertex 97.5479 91.3018 0.15
      vertex 97.5479 103.698 0.15
    endloop
  endfacet
  facet normal 0 0 1
    outer loop
      vertex 97.4941 103.779 0.15
      vertex 97.4941 91.2207 0.15
      vertex 97.5479 91.3018 0.15
    endloop
  endfacet
  facet normal 0 0 1
    outer loop
      vertex 97.4746 103.875 0.15
      vertex 97.4941 91.2207 0.15
      vertex 97.4941 103.779 0.15
    endloop
  endfacet
  facet normal 0 0 1
    outer loop
      vertex 97.4941 91.2207 0.15
      vertex 97.4746 103.875 0.15
      vertex 97.4746 91.125 0.15
    endloop
  endfacet
  facet normal 0 0 1
    outer loop
      vertex 100.419 105.221 0.15
      vertex 98.5811 105.221 0.15
      vertex 98.5996 105.125 0.15
    endloop
  endfacet
  facet normal 0 0 1
    outer loop
      vertex 101.4 110.267 0.15
      vertex 98.5264 105.302 0.15
      vertex 98.5811 105.221 0.15
    endloop
  endfacet
  facet normal 0 0 1
    outer loop
      vertex 101.4 110.267 0.15
      vertex 98.4453 105.356 0.15
      vertex 98.5264 105.302 0.15
    endloop
  endfacet
  facet normal 0 0 1
    outer loop
      vertex 101.4 110.267 0.15
      vertex 98.3496 105.375 0.15
      vertex 98.4453 105.356 0.15
    endloop
  endfacet
  facet normal 0 0 1
    outer loop
      vertex 98.0918 115.644 0.15
      vertex 101.4 110.267 0.15
      vertex 98.1875 115.625 0.15
    endloop
  endfacet
  facet normal 0 0 1
    outer loop
      vertex 97.6289 105.356 0.15
      vertex 101.4 110.267 0.15
      vertex 98.0918 115.644 0.15
    endloop
  endfacet
  facet normal 0 0 1
    outer loop
      vertex 97.6289 105.356 0.15
      vertex 98.0918 115.644 0.15
      vertex 98.0107 115.698 0.15
    endloop
  endfacet
  facet normal 0 0 1
    outer loop
      vertex 97.5479 105.302 0.15
      vertex 98.0107 115.698 0.15
      vertex 97.9561 115.779 0.15
    endloop
  endfacet
  facet normal 0 0 1
    outer loop
      vertex 97.4941 105.221 0.15
      vertex 97.9561 115.779 0.15
      vertex 97.9375 115.875 0.15
    endloop
  endfacet
  facet normal 0 0 1
    outer loop
      vertex 101.4 110.267 0.15
      vertex 97.7246 105.375 0.15
      vertex 98.3496 105.375 0.15
    endloop
  endfacet
  facet normal 0 0 1
    outer loop
      vertex 101.506 84.2207 0.15
      vertex 112 85.5996 0.15
      vertex 101.506 89.7793 0.15
    endloop
  endfacet
  facet normal 0 0 1
    outer loop
      vertex 112 85.5996 0.15
      vertex 101.506 84.2207 0.15
      vertex 101.525 84.125 0.15
    endloop
  endfacet
  facet normal -0 0 1
    outer loop
      vertex 101.452 89.6982 0.15
      vertex 101.506 84.2207 0.15
      vertex 101.506 89.7793 0.15
    endloop
  endfacet
  facet normal 0 0 1
    outer loop
      vertex 101.452 89.6982 0.15
      vertex 101.452 84.3018 0.15
      vertex 101.506 84.2207 0.15
    endloop
  endfacet
  facet normal -0 0 1
    outer loop
      vertex 101.371 89.6436 0.15
      vertex 101.452 84.3018 0.15
      vertex 101.452 89.6982 0.15
    endloop
  endfacet
  facet normal 0 0 1
    outer loop
      vertex 101.371 89.6436 0.15
      vertex 101.371 84.3564 0.15
      vertex 101.452 84.3018 0.15
    endloop
  endfacet
  facet normal -0 0 1
    outer loop
      vertex 101.275 89.625 0.15
      vertex 101.371 84.3564 0.15
      vertex 101.371 89.6436 0.15
    endloop
  endfacet
  facet normal 0 0 1
    outer loop
      vertex 101.275 89.625 0.15
      vertex 101.275 84.375 0.15
      vertex 101.371 84.3564 0.15
    endloop
  endfacet
  facet normal -0 0 1
    outer loop
      vertex 100.65 89.625 0.15
      vertex 101.275 84.375 0.15
      vertex 101.275 89.625 0.15
    endloop
  endfacet
  facet normal 0 0 1
    outer loop
      vertex 100.65 89.625 0.15
      vertex 100.65 84.375 0.15
      vertex 101.275 84.375 0.15
    endloop
  endfacet
  facet normal 0 0 1
    outer loop
      vertex 100.555 89.6436 0.15
      vertex 100.65 84.375 0.15
      vertex 100.65 89.625 0.15
    endloop
  endfacet
  facet normal 0 0 1
    outer loop
      vertex 100.555 89.6436 0.15
      vertex 100.555 84.3564 0.15
      vertex 100.65 84.375 0.15
    endloop
  endfacet
  facet normal 0 0 1
    outer loop
      vertex 100.419 89.7793 0.15
      vertex 98.5811 89.7793 0.15
      vertex 100.474 89.6982 0.15
    endloop
  endfacet
  facet normal 0 0 1
    outer loop
      vertex 98.5264 89.6982 0.15
      vertex 100.474 89.6982 0.15
      vertex 98.5811 89.7793 0.15
    endloop
  endfacet
  facet normal 0 0 1
    outer loop
      vertex 98.5811 89.7793 0.15
      vertex 100.419 89.7793 0.15
      vertex 98.5996 89.875 0.15
    endloop
  endfacet
  facet normal 0 0 1
    outer loop
      vertex 100.474 89.6982 0.15
      vertex 98.5264 89.6982 0.15
      vertex 100.555 89.6436 0.15
    endloop
  endfacet
  facet normal -0 0 1
    outer loop
      vertex 98.5996 89.875 0.15
      vertex 100.419 89.7793 0.15
      vertex 100.4 89.875 0.15
    endloop
  endfacet
  facet normal 0 0 1
    outer loop
      vertex 100.555 84.3564 0.15
      vertex 98.5996 84.125 0.15
      vertex 100.474 84.3018 0.15
    endloop
  endfacet
  facet normal 0 0 1
    outer loop
      vertex 105.603 43.2764 0.15
      vertex 101.452 45.6982 0.15
      vertex 105.525 42.8916 0.15
    endloop
  endfacet
  facet normal 0 0 1
    outer loop
      vertex 103.6 48.7334 0.15
      vertex 101.506 47.2207 0.15
      vertex 101.525 47.125 0.15
    endloop
  endfacet
  facet normal 0 0 1
    outer loop
      vertex 103.6 48.7334 0.15
      vertex 101.452 47.3018 0.15
      vertex 101.506 47.2207 0.15
    endloop
  endfacet
  facet normal -0 0 1
    outer loop
      vertex 101.4 48.7334 0.15
      vertex 101.452 47.3018 0.15
      vertex 103.6 48.7334 0.15
    endloop
  endfacet
  facet normal 0 0 1
    outer loop
      vertex 101.4 48.7334 0.15
      vertex 101.371 47.3564 0.15
      vertex 101.452 47.3018 0.15
    endloop
  endfacet
  facet normal 0 0 1
    outer loop
      vertex 101.4 50.9336 0.15
      vertex 101.371 47.3564 0.15
      vertex 101.4 48.7334 0.15
    endloop
  endfacet
  facet normal -0 0 1
    outer loop
      vertex 100.65 57.2246 0.15
      vertex 101.4 50.9336 0.15
      vertex 101.275 57.2246 0.15
    endloop
  endfacet
  facet normal 0 0 1
    outer loop
      vertex 101.4 50.9336 0.15
      vertex 101.275 47.375 0.15
      vertex 101.371 47.3564 0.15
    endloop
  endfacet
  facet normal 0 0 1
    outer loop
      vertex 100.555 57.2441 0.15
      vertex 101.4 50.9336 0.15
      vertex 100.65 57.2246 0.15
    endloop
  endfacet
  facet normal 0 0 1
    outer loop
      vertex 101.4 50.9336 0.15
      vertex 100.65 47.375 0.15
      vertex 101.275 47.375 0.15
    endloop
  endfacet
  facet normal 0 0 1
    outer loop
      vertex 98.5264 57.2979 0.15
      vertex 100.474 57.2979 0.15
      vertex 98.5811 57.3789 0.15
    endloop
  endfacet
  facet normal 0 0 1
    outer loop
      vertex 101.4 50.9336 0.15
      vertex 100.555 47.3564 0.15
      vertex 100.65 47.375 0.15
    endloop
  endfacet
  facet normal 0 0 1
    outer loop
      vertex 100.419 57.3789 0.15
      vertex 98.5811 57.3789 0.15
      vertex 100.474 57.2979 0.15
    endloop
  endfacet
  facet normal 0 0 1
    outer loop
      vertex 100.474 57.2979 0.15
      vertex 98.5264 57.2979 0.15
      vertex 100.555 57.2441 0.15
    endloop
  endfacet
  facet normal 0 0 1
    outer loop
      vertex 98.5811 57.3789 0.15
      vertex 100.419 57.3789 0.15
      vertex 98.5996 57.4746 0.15
    endloop
  endfacet
  facet normal 0 0 1
    outer loop
      vertex 101.4 50.9336 0.15
      vertex 98.5996 47.125 0.15
      vertex 100.555 47.3564 0.15
    endloop
  endfacet
  facet normal -0 0 1
    outer loop
      vertex 98.5996 57.4746 0.15
      vertex 100.419 57.3789 0.15
      vertex 100.4 57.4746 0.15
    endloop
  endfacet
  facet normal 0 0 1
    outer loop
      vertex 100.555 47.3564 0.15
      vertex 98.5996 47.125 0.15
      vertex 100.474 47.3018 0.15
    endloop
  endfacet
  facet normal -0 0 1
    outer loop
      vertex 101.506 57.3789 0.15
      vertex 105.4 50.9336 0.15
      vertex 101.525 57.4746 0.15
    endloop
  endfacet
  facet normal 0 0 1
    outer loop
      vertex 104.15 63.5664 0.15
      vertex 101.506 58.8203 0.15
      vertex 101.525 58.7246 0.15
    endloop
  endfacet
  facet normal 0 0 1
    outer loop
      vertex 104.15 63.5664 0.15
      vertex 101.452 58.9014 0.15
      vertex 101.506 58.8203 0.15
    endloop
  endfacet
  facet normal 0 0 1
    outer loop
      vertex 101.371 58.9561 0.15
      vertex 103.6 63.5664 0.15
      vertex 101.4 63.5664 0.15
    endloop
  endfacet
  facet normal 0 0 1
    outer loop
      vertex 103.6 63.5664 0.15
      vertex 101.371 58.9561 0.15
      vertex 101.452 58.9014 0.15
    endloop
  endfacet
  facet normal -0 0 1
    outer loop
      vertex 100.65 68.8252 0.15
      vertex 101.4 65.7666 0.15
      vertex 101.275 68.8252 0.15
    endloop
  endfacet
  facet normal 0 0 1
    outer loop
      vertex 100.555 68.8438 0.15
      vertex 101.4 65.7666 0.15
      vertex 100.65 68.8252 0.15
    endloop
  endfacet
  facet normal 0 0 1
    outer loop
      vertex 101.4 63.5664 0.15
      vertex 101.275 58.9746 0.15
      vertex 101.371 58.9561 0.15
    endloop
  endfacet
  facet normal 0 0 1
    outer loop
      vertex 98.5264 68.8984 0.15
      vertex 100.474 68.8984 0.15
      vertex 98.5811 68.9795 0.15
    endloop
  endfacet
  facet normal 0 0 1
    outer loop
      vertex 101.4 63.5664 0.15
      vertex 100.65 58.9746 0.15
      vertex 101.275 58.9746 0.15
    endloop
  endfacet
  facet normal 0 0 1
    outer loop
      vertex 100.474 68.8984 0.15
      vertex 98.5264 68.8984 0.15
      vertex 100.555 68.8438 0.15
    endloop
  endfacet
  facet normal 0 0 1
    outer loop
      vertex 101.4 63.5664 0.15
      vertex 100.555 58.9561 0.15
      vertex 100.65 58.9746 0.15
    endloop
  endfacet
  facet normal 0 0 1
    outer loop
      vertex 100.419 68.9795 0.15
      vertex 98.5811 68.9795 0.15
      vertex 100.474 68.8984 0.15
    endloop
  endfacet
  facet normal 0 0 1
    outer loop
      vertex 98.4453 68.8438 0.15
      vertex 100.555 68.8438 0.15
      vertex 98.5264 68.8984 0.15
    endloop
  endfacet
  facet normal 0 0 1
    outer loop
      vertex 98.5811 68.9795 0.15
      vertex 100.419 68.9795 0.15
      vertex 98.5996 69.0752 0.15
    endloop
  endfacet
  facet normal 0 0 1
    outer loop
      vertex 101.4 63.5664 0.15
      vertex 98.5996 58.7246 0.15
      vertex 100.555 58.9561 0.15
    endloop
  endfacet
  facet normal -0 0 1
    outer loop
      vertex 98.5996 69.0752 0.15
      vertex 100.419 68.9795 0.15
      vertex 100.4 69.0752 0.15
    endloop
  endfacet
  facet normal 0 0 1
    outer loop
      vertex 100.555 58.9561 0.15
      vertex 98.5996 58.7246 0.15
      vertex 100.474 58.9014 0.15
    endloop
  endfacet
  facet normal 0 0 1
    outer loop
      vertex 105.4 65.7666 0.15
      vertex 101.525 69.0752 0.15
      vertex 104.15 65.7666 0.15
    endloop
  endfacet
  facet normal 0 0 1
    outer loop
      vertex 104.15 78.4004 0.15
      vertex 101.506 70.4209 0.15
      vertex 101.525 70.3252 0.15
    endloop
  endfacet
  facet normal 0 0 1
    outer loop
      vertex 104.15 78.4004 0.15
      vertex 101.452 70.502 0.15
      vertex 101.506 70.4209 0.15
    endloop
  endfacet
  facet normal 0 0 1
    outer loop
      vertex 101.371 70.5557 0.15
      vertex 103.6 78.4004 0.15
      vertex 101.4 78.4004 0.15
    endloop
  endfacet
  facet normal -0 0 1
    outer loop
      vertex 100.65 82.625 0.15
      vertex 101.4 80.5996 0.15
      vertex 101.275 82.625 0.15
    endloop
  endfacet
  facet normal 0 0 1
    outer loop
      vertex 103.6 78.4004 0.15
      vertex 101.371 70.5557 0.15
      vertex 101.452 70.502 0.15
    endloop
  endfacet
  facet normal 0 0 1
    outer loop
      vertex 100.555 82.6436 0.15
      vertex 101.4 80.5996 0.15
      vertex 100.65 82.625 0.15
    endloop
  endfacet
  facet normal 0 0 1
    outer loop
      vertex 101.4 78.4004 0.15
      vertex 101.275 70.5752 0.15
      vertex 101.371 70.5557 0.15
    endloop
  endfacet
  facet normal 0 0 1
    outer loop
      vertex 98.5264 82.6982 0.15
      vertex 100.474 82.6982 0.15
      vertex 98.5811 82.7793 0.15
    endloop
  endfacet
  facet normal 0 0 1
    outer loop
      vertex 101.4 78.4004 0.15
      vertex 100.65 70.5752 0.15
      vertex 101.275 70.5752 0.15
    endloop
  endfacet
  facet normal 0 0 1
    outer loop
      vertex 100.474 82.6982 0.15
      vertex 98.5264 82.6982 0.15
      vertex 100.555 82.6436 0.15
    endloop
  endfacet
  facet normal 0 0 1
    outer loop
      vertex 101.4 78.4004 0.15
      vertex 100.555 70.5557 0.15
      vertex 100.65 70.5752 0.15
    endloop
  endfacet
  facet normal 0 0 1
    outer loop
      vertex 100.419 82.7793 0.15
      vertex 98.5811 82.7793 0.15
      vertex 100.474 82.6982 0.15
    endloop
  endfacet
  facet normal 0 0 1
    outer loop
      vertex 98.4453 82.6436 0.15
      vertex 100.555 82.6436 0.15
      vertex 98.5264 82.6982 0.15
    endloop
  endfacet
  facet normal 0 0 1
    outer loop
      vertex 98.5811 82.7793 0.15
      vertex 100.419 82.7793 0.15
      vertex 98.5996 82.875 0.15
    endloop
  endfacet
  facet normal 0 0 1
    outer loop
      vertex 101.4 78.4004 0.15
      vertex 98.5996 70.3252 0.15
      vertex 100.555 70.5557 0.15
    endloop
  endfacet
  facet normal -0 0 1
    outer loop
      vertex 98.5996 82.875 0.15
      vertex 100.419 82.7793 0.15
      vertex 100.4 82.875 0.15
    endloop
  endfacet
  facet normal 0 0 1
    outer loop
      vertex 100.555 70.5557 0.15
      vertex 98.5996 70.3252 0.15
      vertex 100.474 70.502 0.15
    endloop
  endfacet
  facet normal 0 0 1
    outer loop
      vertex 112 85.5996 0.15
      vertex 101.525 84.125 0.15
      vertex 105.4 80.5996 0.15
    endloop
  endfacet
  facet normal 0 0 1
    outer loop
      vertex 103.6 93.2334 0.15
      vertex 101.506 91.2207 0.15
      vertex 101.525 91.125 0.15
    endloop
  endfacet
  facet normal 0 0 1
    outer loop
      vertex 103.6 93.2334 0.15
      vertex 101.452 91.3018 0.15
      vertex 101.506 91.2207 0.15
    endloop
  endfacet
  facet normal -0 0 1
    outer loop
      vertex 101.4 93.2334 0.15
      vertex 101.452 91.3018 0.15
      vertex 103.6 93.2334 0.15
    endloop
  endfacet
  facet normal 0 0 1
    outer loop
      vertex 101.4 93.2334 0.15
      vertex 101.371 91.3564 0.15
      vertex 101.452 91.3018 0.15
    endloop
  endfacet
  facet normal 0 0 1
    outer loop
      vertex 101.4 95.4336 0.15
      vertex 101.371 91.3564 0.15
      vertex 101.4 93.2334 0.15
    endloop
  endfacet
  facet normal -0 0 1
    outer loop
      vertex 100.65 103.625 0.15
      vertex 101.4 95.4336 0.15
      vertex 101.275 103.625 0.15
    endloop
  endfacet
  facet normal 0 0 1
    outer loop
      vertex 101.4 95.4336 0.15
      vertex 101.275 91.375 0.15
      vertex 101.371 91.3564 0.15
    endloop
  endfacet
  facet normal 0 0 1
    outer loop
      vertex 100.555 103.644 0.15
      vertex 101.4 95.4336 0.15
      vertex 100.65 103.625 0.15
    endloop
  endfacet
  facet normal 0 0 1
    outer loop
      vertex 101.4 95.4336 0.15
      vertex 100.65 91.375 0.15
      vertex 101.275 91.375 0.15
    endloop
  endfacet
  facet normal 0 0 1
    outer loop
      vertex 98.5264 103.698 0.15
      vertex 100.474 103.698 0.15
      vertex 98.5811 103.779 0.15
    endloop
  endfacet
  facet normal 0 0 1
    outer loop
      vertex 101.4 95.4336 0.15
      vertex 100.555 91.3564 0.15
      vertex 100.65 91.375 0.15
    endloop
  endfacet
  facet normal 0 0 1
    outer loop
      vertex 100.419 103.779 0.15
      vertex 98.5811 103.779 0.15
      vertex 100.474 103.698 0.15
    endloop
  endfacet
  facet normal 0 0 1
    outer loop
      vertex 100.474 103.698 0.15
      vertex 98.5264 103.698 0.15
      vertex 100.555 103.644 0.15
    endloop
  endfacet
  facet normal 0 0 1
    outer loop
      vertex 98.5811 103.779 0.15
      vertex 100.419 103.779 0.15
      vertex 98.5996 103.875 0.15
    endloop
  endfacet
  facet normal 0 0 1
    outer loop
      vertex 101.4 95.4336 0.15
      vertex 98.5996 91.125 0.15
      vertex 100.555 91.3564 0.15
    endloop
  endfacet
  facet normal -0 0 1
    outer loop
      vertex 98.5996 103.875 0.15
      vertex 100.419 103.779 0.15
      vertex 100.4 103.875 0.15
    endloop
  endfacet
  facet normal 0 0 1
    outer loop
      vertex 100.555 91.3564 0.15
      vertex 98.5996 91.125 0.15
      vertex 100.474 91.3018 0.15
    endloop
  endfacet
  facet normal 0 0 1
    outer loop
      vertex 105.4 108.066 0.15
      vertex 101.506 103.779 0.15
      vertex 105.4 95.4336 0.15
    endloop
  endfacet
  facet normal 0 0 1
    outer loop
      vertex 103.6 108.066 0.15
      vertex 101.506 105.221 0.15
      vertex 101.525 105.125 0.15
    endloop
  endfacet
  facet normal 0 0 1
    outer loop
      vertex 103.6 108.066 0.15
      vertex 101.452 105.302 0.15
      vertex 101.506 105.221 0.15
    endloop
  endfacet
  facet normal -0 0 1
    outer loop
      vertex 101.4 108.066 0.15
      vertex 101.452 105.302 0.15
      vertex 103.6 108.066 0.15
    endloop
  endfacet
  facet normal 0 0 1
    outer loop
      vertex 101.452 105.302 0.15
      vertex 101.4 108.066 0.15
      vertex 101.371 105.356 0.15
    endloop
  endfacet
  facet normal 0 0 1
    outer loop
      vertex 105.525 115.892 0.15
      vertex 101.987 115.875 0.15
      vertex 105.5 115.5 0.15
    endloop
  endfacet
  facet normal 0 0 1
    outer loop
      vertex 104.15 122.9 0.15
      vertex 101.969 117.221 0.15
      vertex 101.987 117.125 0.15
    endloop
  endfacet
  facet normal 0 0 1
    outer loop
      vertex 104.15 122.9 0.15
      vertex 101.914 117.302 0.15
      vertex 101.969 117.221 0.15
    endloop
  endfacet
  facet normal 0 0 1
    outer loop
      vertex 103.6 122.9 0.15
      vertex 101.833 117.356 0.15
      vertex 101.914 117.302 0.15
    endloop
  endfacet
  facet normal -0 0 1
    outer loop
      vertex 101.4 122.9 0.15
      vertex 101.833 117.356 0.15
      vertex 103.6 122.9 0.15
    endloop
  endfacet
  facet normal 0 0 1
    outer loop
      vertex 101.833 117.356 0.15
      vertex 101.4 122.9 0.15
      vertex 101.737 117.375 0.15
    endloop
  endfacet
  facet normal 0 0 1
    outer loop
      vertex 101.737 117.375 0.15
      vertex 101.4 122.9 0.15
      vertex 101.112 117.375 0.15
    endloop
  endfacet
  facet normal -0 0 1
    outer loop
      vertex 101.452 45.6982 0.15
      vertex 105.729 43.6484 0.15
      vertex 101.506 45.7793 0.15
    endloop
  endfacet
  facet normal 0 0 1
    outer loop
      vertex 105.525 42.1084 0.15
      vertex 104.15 36.0996 0.15
      vertex 105.4 36.0996 0.15
    endloop
  endfacet
  facet normal 0 0 1
    outer loop
      vertex 101.525 58.7246 0.15
      vertex 105.4 63.5664 0.15
      vertex 104.15 63.5664 0.15
    endloop
  endfacet
  facet normal 0 0 1
    outer loop
      vertex 101.525 57.4746 0.15
      vertex 105.4 63.5664 0.15
      vertex 101.525 58.7246 0.15
    endloop
  endfacet
  facet normal 0 0 1
    outer loop
      vertex 101.525 70.3252 0.15
      vertex 105.4 78.4004 0.15
      vertex 104.15 78.4004 0.15
    endloop
  endfacet
  facet normal 0 0 1
    outer loop
      vertex 111.9 71.2002 0.15
      vertex 101.525 70.3252 0.15
      vertex 105.4 65.7666 0.15
    endloop
  endfacet
  facet normal 0 0 1
    outer loop
      vertex 101.525 89.875 0.15
      vertex 104.15 93.2334 0.15
      vertex 101.525 91.125 0.15
    endloop
  endfacet
  facet normal 0 0 1
    outer loop
      vertex 101.506 89.7793 0.15
      vertex 105.4 93.2334 0.15
      vertex 101.525 89.875 0.15
    endloop
  endfacet
  facet normal 0 0 1
    outer loop
      vertex 101.525 105.125 0.15
      vertex 105.4 108.066 0.15
      vertex 104.15 108.066 0.15
    endloop
  endfacet
  facet normal 0 0 1
    outer loop
      vertex 101.525 103.875 0.15
      vertex 105.4 108.066 0.15
      vertex 101.525 105.125 0.15
    endloop
  endfacet
  facet normal 0 0 1
    outer loop
      vertex 101.987 115.875 0.15
      vertex 105.603 116.276 0.15
      vertex 101.987 117.125 0.15
    endloop
  endfacet
  facet normal 0 0 1
    outer loop
      vertex 105.5 115.5 0.15
      vertex 104.15 110.267 0.15
      vertex 105.4 110.267 0.15
    endloop
  endfacet
  facet normal -0 0 1
    outer loop
      vertex 101.969 115.779 0.15
      vertex 105.5 115.5 0.15
      vertex 101.987 115.875 0.15
    endloop
  endfacet
  facet normal -0 0 1
    outer loop
      vertex 101.914 115.698 0.15
      vertex 105.5 115.5 0.15
      vertex 101.969 115.779 0.15
    endloop
  endfacet
  facet normal 0 0 1
    outer loop
      vertex 105.5 115.5 0.15
      vertex 101.914 115.698 0.15
      vertex 103.6 110.267 0.15
    endloop
  endfacet
  facet normal -0 0 1
    outer loop
      vertex 101.833 115.644 0.15
      vertex 103.6 110.267 0.15
      vertex 101.914 115.698 0.15
    endloop
  endfacet
  facet normal 0 0 1
    outer loop
      vertex 101.4 110.267 0.15
      vertex 101.833 115.644 0.15
      vertex 101.737 115.625 0.15
    endloop
  endfacet
  facet normal 0 0 1
    outer loop
      vertex 101.833 115.644 0.15
      vertex 101.4 110.267 0.15
      vertex 103.6 110.267 0.15
    endloop
  endfacet
  facet normal 0 0 1
    outer loop
      vertex 98.5811 105.221 0.15
      vertex 101.4 108.066 0.15
      vertex 101.4 110.267 0.15
    endloop
  endfacet
  facet normal 0 0 1
    outer loop
      vertex 101.4 108.066 0.15
      vertex 101.275 105.375 0.15
      vertex 101.371 105.356 0.15
    endloop
  endfacet
  facet normal -0 0 1
    outer loop
      vertex 101.112 115.625 0.15
      vertex 101.4 110.267 0.15
      vertex 101.737 115.625 0.15
    endloop
  endfacet
  facet normal 0 0 1
    outer loop
      vertex 101.017 115.644 0.15
      vertex 101.4 110.267 0.15
      vertex 101.112 115.625 0.15
    endloop
  endfacet
  facet normal -0 0 1
    outer loop
      vertex 98.9082 115.644 0.15
      vertex 101.4 110.267 0.15
      vertex 101.017 115.644 0.15
    endloop
  endfacet
  facet normal 0 0 1
    outer loop
      vertex 98.9082 115.644 0.15
      vertex 101.017 115.644 0.15
      vertex 100.936 115.698 0.15
    endloop
  endfacet
  facet normal 0 0 1
    outer loop
      vertex 98.9893 115.698 0.15
      vertex 100.936 115.698 0.15
      vertex 100.882 115.779 0.15
    endloop
  endfacet
  facet normal 0 0 1
    outer loop
      vertex 99.0439 115.779 0.15
      vertex 100.882 115.779 0.15
      vertex 100.862 115.875 0.15
    endloop
  endfacet
  facet normal 0 0 1
    outer loop
      vertex 101.4 108.066 0.15
      vertex 100.65 105.375 0.15
      vertex 101.275 105.375 0.15
    endloop
  endfacet
  facet normal -0 0 1
    outer loop
      vertex 101.452 103.698 0.15
      vertex 105.4 95.4336 0.15
      vertex 101.506 103.779 0.15
    endloop
  endfacet
  facet normal 0 0 1
    outer loop
      vertex 105.4 95.4336 0.15
      vertex 101.452 103.698 0.15
      vertex 104.15 95.4336 0.15
    endloop
  endfacet
  facet normal -0 0 1
    outer loop
      vertex 101.371 103.644 0.15
      vertex 104.15 95.4336 0.15
      vertex 101.452 103.698 0.15
    endloop
  endfacet
  facet normal 0 0 1
    outer loop
      vertex 104.15 95.4336 0.15
      vertex 101.371 103.644 0.15
      vertex 103.6 95.4336 0.15
    endloop
  endfacet
  facet normal -0 0 1
    outer loop
      vertex 101.275 103.625 0.15
      vertex 101.4 95.4336 0.15
      vertex 101.371 103.644 0.15
    endloop
  endfacet
  facet normal 0 0 1
    outer loop
      vertex 103.6 95.4336 0.15
      vertex 101.371 103.644 0.15
      vertex 101.4 95.4336 0.15
    endloop
  endfacet
  facet normal 0 0 1
    outer loop
      vertex 105.4 80.5996 0.15
      vertex 101.525 84.125 0.15
      vertex 104.15 80.5996 0.15
    endloop
  endfacet
  facet normal -0 0 1
    outer loop
      vertex 101.525 82.875 0.15
      vertex 104.15 80.5996 0.15
      vertex 101.525 84.125 0.15
    endloop
  endfacet
  facet normal 0 0 1
    outer loop
      vertex 104.15 80.5996 0.15
      vertex 101.525 82.875 0.15
      vertex 103.6 80.5996 0.15
    endloop
  endfacet
  facet normal -0 0 1
    outer loop
      vertex 101.506 82.7793 0.15
      vertex 103.6 80.5996 0.15
      vertex 101.525 82.875 0.15
    endloop
  endfacet
  facet normal -0 0 1
    outer loop
      vertex 101.452 82.6982 0.15
      vertex 103.6 80.5996 0.15
      vertex 101.506 82.7793 0.15
    endloop
  endfacet
  facet normal 0 0 1
    outer loop
      vertex 101.452 82.6982 0.15
      vertex 101.4 80.5996 0.15
      vertex 103.6 80.5996 0.15
    endloop
  endfacet
  facet normal -0 0 1
    outer loop
      vertex 101.275 82.625 0.15
      vertex 101.4 80.5996 0.15
      vertex 101.371 82.6436 0.15
    endloop
  endfacet
  facet normal -0 0 1
    outer loop
      vertex 101.371 82.6436 0.15
      vertex 101.4 80.5996 0.15
      vertex 101.452 82.6982 0.15
    endloop
  endfacet
  facet normal -0 0 1
    outer loop
      vertex 101.506 68.9795 0.15
      vertex 104.15 65.7666 0.15
      vertex 101.525 69.0752 0.15
    endloop
  endfacet
  facet normal 0 0 1
    outer loop
      vertex 104.15 65.7666 0.15
      vertex 101.506 68.9795 0.15
      vertex 103.6 65.7666 0.15
    endloop
  endfacet
  facet normal -0 0 1
    outer loop
      vertex 101.452 68.8984 0.15
      vertex 103.6 65.7666 0.15
      vertex 101.506 68.9795 0.15
    endloop
  endfacet
  facet normal 0 0 1
    outer loop
      vertex 101.452 68.8984 0.15
      vertex 101.4 65.7666 0.15
      vertex 103.6 65.7666 0.15
    endloop
  endfacet
  facet normal -0 0 1
    outer loop
      vertex 101.275 68.8252 0.15
      vertex 101.4 65.7666 0.15
      vertex 101.371 68.8438 0.15
    endloop
  endfacet
  facet normal -0 0 1
    outer loop
      vertex 101.371 68.8438 0.15
      vertex 101.4 65.7666 0.15
      vertex 101.452 68.8984 0.15
    endloop
  endfacet
  facet normal -0 0 1
    outer loop
      vertex 101.452 57.2979 0.15
      vertex 105.4 50.9336 0.15
      vertex 101.506 57.3789 0.15
    endloop
  endfacet
  facet normal 0 0 1
    outer loop
      vertex 105.4 50.9336 0.15
      vertex 101.452 57.2979 0.15
      vertex 104.15 50.9336 0.15
    endloop
  endfacet
  facet normal 0 0 1
    outer loop
      vertex 104.15 50.9336 0.15
      vertex 101.452 57.2979 0.15
      vertex 103.6 50.9336 0.15
    endloop
  endfacet
  facet normal -0 0 1
    outer loop
      vertex 101.371 57.2441 0.15
      vertex 103.6 50.9336 0.15
      vertex 101.452 57.2979 0.15
    endloop
  endfacet
  facet normal -0 0 1
    outer loop
      vertex 101.275 57.2246 0.15
      vertex 101.4 50.9336 0.15
      vertex 101.371 57.2441 0.15
    endloop
  endfacet
  facet normal 0 0 1
    outer loop
      vertex 103.6 50.9336 0.15
      vertex 101.371 57.2441 0.15
      vertex 101.4 50.9336 0.15
    endloop
  endfacet
  facet normal -0 0 1
    outer loop
      vertex 101.371 45.6436 0.15
      vertex 105.525 42.8916 0.15
      vertex 101.452 45.6982 0.15
    endloop
  endfacet
  facet normal 0 0 1
    outer loop
      vertex 105.525 42.8916 0.15
      vertex 101.371 45.6436 0.15
      vertex 105.5 42.5 0.15
    endloop
  endfacet
  facet normal -0 0 1
    outer loop
      vertex 101.275 45.625 0.15
      vertex 105.5 42.5 0.15
      vertex 101.371 45.6436 0.15
    endloop
  endfacet
  facet normal 0 0 1
    outer loop
      vertex 105.5 42.5 0.15
      vertex 101.275 45.625 0.15
      vertex 105.525 42.1084 0.15
    endloop
  endfacet
  facet normal -0 0 1
    outer loop
      vertex 100.65 45.625 0.15
      vertex 105.525 42.1084 0.15
      vertex 101.275 45.625 0.15
    endloop
  endfacet
  facet normal 0 0 1
    outer loop
      vertex 105.525 42.1084 0.15
      vertex 101.4 36.0996 0.15
      vertex 103.6 36.0996 0.15
    endloop
  endfacet
  facet normal -0 0 1
    outer loop
      vertex 112 83.4004 0.15
      vertex 114.1 71.2002 0.15
      vertex 114.2 83.4004 0.15
    endloop
  endfacet
  facet normal 0 0 1
    outer loop
      vertex 112 83.4004 0.15
      vertex 111.9 71.2002 0.15
      vertex 114.1 71.2002 0.15
    endloop
  endfacet
  facet normal -0 0 1
    outer loop
      vertex 111.098 114 0.15
      vertex 114.7 110.1 0.15
      vertex 111.271 114.352 0.15
    endloop
  endfacet
  facet normal 0 0 1
    outer loop
      vertex 115 46.9004 0.15
      vertex 126 46.9004 0.15
      vertex 115 49.0996 0.15
    endloop
  endfacet
  facet normal -0 0 1
    outer loop
      vertex 114.1 69 0.15
      vertex 117.75 58.8496 0.15
      vertex 114.65 69 0.15
    endloop
  endfacet
  facet normal 0 0 1
    outer loop
      vertex 114.1 71.2002 0.15
      vertex 114.65 71.2002 0.15
      vertex 114.2 83.4004 0.15
    endloop
  endfacet
  facet normal 0 0 1
    outer loop
      vertex 114.65 71.2002 0.15
      vertex 114.1 71.2002 0.15
      vertex 114.65 69 0.15
    endloop
  endfacet
  facet normal 0 0 1
    outer loop
      vertex 114.1 69 0.15
      vertex 114.65 69 0.15
      vertex 114.1 71.2002 0.15
    endloop
  endfacet
  facet normal -0 0 1
    outer loop
      vertex 111.9 69 0.15
      vertex 117.75 58.8496 0.15
      vertex 114.1 69 0.15
    endloop
  endfacet
  facet normal 0 0 1
    outer loop
      vertex 117.75 58.8496 0.15
      vertex 113.75 49.0996 0.15
      vertex 115 49.0996 0.15
    endloop
  endfacet
  facet normal 0 0 1
    outer loop
      vertex 113.75 49.0996 0.15
      vertex 113.2 49.0996 0.15
      vertex 113.75 46.9004 0.15
    endloop
  endfacet
  facet normal 0 0 1
    outer loop
      vertex 105.4 50.9336 0.15
      vertex 117.75 58.8496 0.15
      vertex 105.4 63.5664 0.15
    endloop
  endfacet
  facet normal 0 0 1
    outer loop
      vertex 117.75 58.8496 0.15
      vertex 111.9 69 0.15
      vertex 105.4 63.5664 0.15
    endloop
  endfacet
  facet normal -0 0 1
    outer loop
      vertex 110.621 113.379 0.15
      vertex 112.5 110.1 0.15
      vertex 110.88 113.674 0.15
    endloop
  endfacet
  facet normal -0 0 1
    outer loop
      vertex 110.326 113.12 0.15
      vertex 112.5 110.1 0.15
      vertex 110.621 113.379 0.15
    endloop
  endfacet
  facet normal -0 0 1
    outer loop
      vertex 110 112.902 0.15
      vertex 112.5 110.1 0.15
      vertex 110.326 113.12 0.15
    endloop
  endfacet
  facet normal 0 0 1
    outer loop
      vertex 112 85.5996 0.15
      vertex 105.4 80.5996 0.15
      vertex 112 83.4004 0.15
    endloop
  endfacet
  facet normal 0 0 1
    outer loop
      vertex 117.75 58.8496 0.15
      vertex 113.2 49.0996 0.15
      vertex 113.75 49.0996 0.15
    endloop
  endfacet
  facet normal 0 0 1
    outer loop
      vertex 112.5 107.9 0.15
      vertex 105.4 95.4336 0.15
      vertex 112 85.5996 0.15
    endloop
  endfacet
  facet normal 0 0 1
    outer loop
      vertex 101.525 70.3252 0.15
      vertex 111.9 71.2002 0.15
      vertex 105.4 78.4004 0.15
    endloop
  endfacet
  facet normal 0 0 1
    outer loop
      vertex 105.4 78.4004 0.15
      vertex 112 83.4004 0.15
      vertex 105.4 80.5996 0.15
    endloop
  endfacet
  facet normal -0 0 1
    outer loop
      vertex 114.75 83.4004 0.15
      vertex 115.9 71.2002 0.15
      vertex 116 83.4004 0.15
    endloop
  endfacet
  facet normal 0 0 1
    outer loop
      vertex 118.5 97.0996 0.15
      vertex 114.2 85.5996 0.15
      vertex 114.75 85.5996 0.15
    endloop
  endfacet
  facet normal 0 0 1
    outer loop
      vertex 114.75 83.4004 0.15
      vertex 114.65 71.2002 0.15
      vertex 115.9 71.2002 0.15
    endloop
  endfacet
  facet normal 0 0 1
    outer loop
      vertex 114.75 85.5996 0.15
      vertex 114.2 85.5996 0.15
      vertex 114.75 83.4004 0.15
    endloop
  endfacet
  facet normal 0 0 1
    outer loop
      vertex 114.75 83.4004 0.15
      vertex 114.2 83.4004 0.15
      vertex 114.65 71.2002 0.15
    endloop
  endfacet
  facet normal 0 0 1
    outer loop
      vertex 114.2 83.4004 0.15
      vertex 114.75 83.4004 0.15
      vertex 114.2 85.5996 0.15
    endloop
  endfacet
  facet normal -0 0 1
    outer loop
      vertex 112.5 107.9 0.15
      vertex 114.2 85.5996 0.15
      vertex 114.7 107.9 0.15
    endloop
  endfacet
  facet normal 0 0 1
    outer loop
      vertex 114.2 85.5996 0.15
      vertex 112.5 107.9 0.15
      vertex 112 85.5996 0.15
    endloop
  endfacet
  facet normal -0 0 1
    outer loop
      vertex 114.7 107.9 0.15
      vertex 118.5 97.0996 0.15
      vertex 115.25 107.9 0.15
    endloop
  endfacet
  facet normal 0 0 1
    outer loop
      vertex 118.5 97.0996 0.15
      vertex 114.75 85.5996 0.15
      vertex 116 85.5996 0.15
    endloop
  endfacet
  facet normal 0 0 1
    outer loop
      vertex 126.4 83.5 0.15
      vertex 116 83.4004 0.15
      vertex 126.4 71.0996 0.15
    endloop
  endfacet
  facet normal 0 0 1
    outer loop
      vertex 120.7 94.9004 0.15
      vertex 121.25 94.9004 0.15
      vertex 120.7 97.0996 0.15
    endloop
  endfacet
  facet normal 0 0 1
    outer loop
      vertex 116 85.5996 0.15
      vertex 121.25 94.9004 0.15
      vertex 120.7 94.9004 0.15
    endloop
  endfacet
  facet normal -0 0 1
    outer loop
      vertex 115.9 71.2002 0.15
      vertex 126.4 71.0996 0.15
      vertex 116 83.4004 0.15
    endloop
  endfacet
  facet normal 0 0 1
    outer loop
      vertex 120.5 58.8496 0.15
      vertex 119.95 58.8496 0.15
      vertex 120.5 56.6504 0.15
    endloop
  endfacet
  facet normal 0 0 1
    outer loop
      vertex 126.4 71.0996 0.15
      vertex 115.9 69 0.15
      vertex 121.75 58.8496 0.15
    endloop
  endfacet
  facet normal 0 0 1
    outer loop
      vertex 116 85.5996 0.15
      vertex 120.7 94.9004 0.15
      vertex 118.5 94.9004 0.15
    endloop
  endfacet
  facet normal 0 0 1
    outer loop
      vertex 115.9 69 0.15
      vertex 126.4 71.0996 0.15
      vertex 115.9 71.2002 0.15
    endloop
  endfacet
  facet normal 0 0 1
    outer loop
      vertex 126.3 122.4 0.15
      vertex 115.9 122.9 0.15
      vertex 116.5 110.1 0.15
    endloop
  endfacet
  facet normal -0 0 1
    outer loop
      vertex 111.5 115.5 0.15
      vertex 116.5 110.1 0.15
      vertex 115.9 122.9 0.15
    endloop
  endfacet
  facet normal -0 0 1
    outer loop
      vertex 114.7 110.1 0.15
      vertex 115.25 107.9 0.15
      vertex 115.25 110.1 0.15
    endloop
  endfacet
  facet normal 0 0 1
    outer loop
      vertex 114.2 85.5996 0.15
      vertex 118.5 97.0996 0.15
      vertex 114.7 107.9 0.15
    endloop
  endfacet
  facet normal 0 0 1
    outer loop
      vertex 114.7 107.9 0.15
      vertex 115.25 107.9 0.15
      vertex 114.7 110.1 0.15
    endloop
  endfacet
  facet normal 0 0 1
    outer loop
      vertex 111.5 115.5 0.15
      vertex 115.9 122.9 0.15
      vertex 114.65 122.9 0.15
    endloop
  endfacet
  facet normal -0 0 1
    outer loop
      vertex 111.475 115.108 0.15
      vertex 116.5 110.1 0.15
      vertex 111.5 115.5 0.15
    endloop
  endfacet
  facet normal 0 0 1
    outer loop
      vertex 114.1 122.9 0.15
      vertex 114.65 122.9 0.15
      vertex 114.1 125.1 0.15
    endloop
  endfacet
  facet normal 0 0 1
    outer loop
      vertex 111.5 115.5 0.15
      vertex 114.65 122.9 0.15
      vertex 114.1 122.9 0.15
    endloop
  endfacet
  facet normal 0 0 1
    outer loop
      vertex 116.5 110.1 0.15
      vertex 111.475 115.108 0.15
      vertex 115.25 110.1 0.15
    endloop
  endfacet
  facet normal -0 0 1
    outer loop
      vertex 111.397 114.724 0.15
      vertex 115.25 110.1 0.15
      vertex 111.475 115.108 0.15
    endloop
  endfacet
  facet normal -0 0 1
    outer loop
      vertex 111.271 114.352 0.15
      vertex 114.7 110.1 0.15
      vertex 111.397 114.724 0.15
    endloop
  endfacet
  facet normal 0 0 1
    outer loop
      vertex 115.25 110.1 0.15
      vertex 111.397 114.724 0.15
      vertex 114.7 110.1 0.15
    endloop
  endfacet
  facet normal 0 0 1
    outer loop
      vertex 111.5 115.5 0.15
      vertex 114.1 122.9 0.15
      vertex 111.9 122.9 0.15
    endloop
  endfacet
  facet normal 0 0 1
    outer loop
      vertex 126 46.9004 0.15
      vertex 115 46.9004 0.15
      vertex 115.9 36.0996 0.15
    endloop
  endfacet
  facet normal -0 0 1
    outer loop
      vertex 111.475 42.1084 0.15
      vertex 115.9 36.0996 0.15
      vertex 115 46.9004 0.15
    endloop
  endfacet
  facet normal 0 0 1
    outer loop
      vertex 114.65 36.0996 0.15
      vertex 114.1 36.0996 0.15
      vertex 114.65 33.9004 0.15
    endloop
  endfacet
  facet normal -0 0 1
    outer loop
      vertex 111.397 41.7236 0.15
      vertex 115.9 36.0996 0.15
      vertex 111.475 42.1084 0.15
    endloop
  endfacet
  facet normal 0 0 1
    outer loop
      vertex 111.397 43.2764 0.15
      vertex 115 46.9004 0.15
      vertex 113.75 46.9004 0.15
    endloop
  endfacet
  facet normal 0 0 1
    outer loop
      vertex 113.2 46.9004 0.15
      vertex 113.75 46.9004 0.15
      vertex 113.2 49.0996 0.15
    endloop
  endfacet
  facet normal 0 0 1
    outer loop
      vertex 111.271 43.6484 0.15
      vertex 113.75 46.9004 0.15
      vertex 113.2 46.9004 0.15
    endloop
  endfacet
  facet normal 0 0 1
    outer loop
      vertex 115 46.9004 0.15
      vertex 111.5 42.5 0.15
      vertex 111.475 42.1084 0.15
    endloop
  endfacet
  facet normal -0 0 1
    outer loop
      vertex 111.271 41.3516 0.15
      vertex 114.65 36.0996 0.15
      vertex 111.397 41.7236 0.15
    endloop
  endfacet
  facet normal 0 0 1
    outer loop
      vertex 115.9 36.0996 0.15
      vertex 111.397 41.7236 0.15
      vertex 114.65 36.0996 0.15
    endloop
  endfacet
  facet normal 0 0 1
    outer loop
      vertex 115 46.9004 0.15
      vertex 111.475 42.8916 0.15
      vertex 111.5 42.5 0.15
    endloop
  endfacet
  facet normal 0 0 1
    outer loop
      vertex 115 46.9004 0.15
      vertex 111.397 43.2764 0.15
      vertex 111.475 42.8916 0.15
    endloop
  endfacet
  facet normal 0 0 1
    outer loop
      vertex 113.75 46.9004 0.15
      vertex 111.271 43.6484 0.15
      vertex 111.397 43.2764 0.15
    endloop
  endfacet
  facet normal 0 0 1
    outer loop
      vertex 113.2 46.9004 0.15
      vertex 111.098 44 0.15
      vertex 111.271 43.6484 0.15
    endloop
  endfacet
  facet normal 0 0 1
    outer loop
      vertex 110.88 44.3262 0.15
      vertex 113.2 46.9004 0.15
      vertex 111 46.9004 0.15
    endloop
  endfacet
  facet normal 0 0 1
    outer loop
      vertex 113.2 46.9004 0.15
      vertex 110.88 44.3262 0.15
      vertex 111.098 44 0.15
    endloop
  endfacet
  facet normal 0 0 1
    outer loop
      vertex 111.9 71.2002 0.15
      vertex 105.4 65.7666 0.15
      vertex 111.9 69 0.15
    endloop
  endfacet
  facet normal -0 0 1
    outer loop
      vertex 105.4 93.2334 0.15
      vertex 112 85.5996 0.15
      vertex 105.4 95.4336 0.15
    endloop
  endfacet
  facet normal 0 0 1
    outer loop
      vertex 105.4 63.5664 0.15
      vertex 111.9 69 0.15
      vertex 105.4 65.7666 0.15
    endloop
  endfacet
  facet normal -0 0 1
    outer loop
      vertex 109.648 112.729 0.15
      vertex 112.5 110.1 0.15
      vertex 110 112.902 0.15
    endloop
  endfacet
  facet normal 0 0 1
    outer loop
      vertex 117.75 58.8496 0.15
      vertex 111 49.0996 0.15
      vertex 113.2 49.0996 0.15
    endloop
  endfacet
  facet normal -0 0 1
    outer loop
      vertex 109.276 112.603 0.15
      vertex 112.5 110.1 0.15
      vertex 109.648 112.729 0.15
    endloop
  endfacet
  facet normal 0 0 1
    outer loop
      vertex 117.75 58.8496 0.15
      vertex 105.4 50.9336 0.15
      vertex 111 49.0996 0.15
    endloop
  endfacet
  facet normal -0 0 1
    outer loop
      vertex 108.892 112.525 0.15
      vertex 112.5 110.1 0.15
      vertex 109.276 112.603 0.15
    endloop
  endfacet
  facet normal 0 0 1
    outer loop
      vertex 105.4 48.7334 0.15
      vertex 111 49.0996 0.15
      vertex 105.4 50.9336 0.15
    endloop
  endfacet
  facet normal 0 0 1
    outer loop
      vertex 112.5 110.1 0.15
      vertex 108.892 112.525 0.15
      vertex 112.5 107.9 0.15
    endloop
  endfacet
  facet normal 0 0 1
    outer loop
      vertex 111 46.9004 0.15
      vertex 110.621 44.6211 0.15
      vertex 110.88 44.3262 0.15
    endloop
  endfacet
  facet normal 0 0 1
    outer loop
      vertex 112.5 107.9 0.15
      vertex 108.892 112.525 0.15
      vertex 105.4 108.066 0.15
    endloop
  endfacet
  facet normal 0 0 1
    outer loop
      vertex 111 46.9004 0.15
      vertex 110.326 44.8799 0.15
      vertex 110.621 44.6211 0.15
    endloop
  endfacet
  facet normal 0 0 1
    outer loop
      vertex 105.4 108.066 0.15
      vertex 108.892 112.525 0.15
      vertex 108.5 112.5 0.15
    endloop
  endfacet
  facet normal 0 -0 1
    outer loop
      vertex 108.5 45.5 0.15
      vertex 111 49.0996 0.15
      vertex 105.4 48.7334 0.15
    endloop
  endfacet
  facet normal 0 0 1
    outer loop
      vertex 105.4 110.267 0.15
      vertex 108.5 112.5 0.15
      vertex 108.108 112.525 0.15
    endloop
  endfacet
  facet normal 0 0 1
    outer loop
      vertex 111 46.9004 0.15
      vertex 110 45.0977 0.15
      vertex 110.326 44.8799 0.15
    endloop
  endfacet
  facet normal 0 0 1
    outer loop
      vertex 105.4 110.267 0.15
      vertex 108.108 112.525 0.15
      vertex 107.724 112.603 0.15
    endloop
  endfacet
  facet normal 0 0 1
    outer loop
      vertex 111 46.9004 0.15
      vertex 109.648 45.2715 0.15
      vertex 110 45.0977 0.15
    endloop
  endfacet
  facet normal 0 0 1
    outer loop
      vertex 105.4 110.267 0.15
      vertex 107.724 112.603 0.15
      vertex 107.352 112.729 0.15
    endloop
  endfacet
  facet normal 0 0 1
    outer loop
      vertex 111 46.9004 0.15
      vertex 109.276 45.3975 0.15
      vertex 109.648 45.2715 0.15
    endloop
  endfacet
  facet normal 0 0 1
    outer loop
      vertex 105.4 110.267 0.15
      vertex 107.352 112.729 0.15
      vertex 107 112.902 0.15
    endloop
  endfacet
  facet normal 0 0 1
    outer loop
      vertex 111 46.9004 0.15
      vertex 108.892 45.4746 0.15
      vertex 109.276 45.3975 0.15
    endloop
  endfacet
  facet normal 0 0 1
    outer loop
      vertex 105.4 110.267 0.15
      vertex 107 112.902 0.15
      vertex 106.674 113.12 0.15
    endloop
  endfacet
  facet normal 0 0 1
    outer loop
      vertex 111 49.0996 0.15
      vertex 108.5 45.5 0.15
      vertex 111 46.9004 0.15
    endloop
  endfacet
  facet normal 0 0 1
    outer loop
      vertex 105.4 110.267 0.15
      vertex 106.674 113.12 0.15
      vertex 106.379 113.379 0.15
    endloop
  endfacet
  facet normal 0 0 1
    outer loop
      vertex 111 46.9004 0.15
      vertex 108.5 45.5 0.15
      vertex 108.892 45.4746 0.15
    endloop
  endfacet
  facet normal 0 0 1
    outer loop
      vertex 105.4 110.267 0.15
      vertex 106.379 113.379 0.15
      vertex 106.12 113.674 0.15
    endloop
  endfacet
  facet normal 0 0 1
    outer loop
      vertex 108.5 45.5 0.15
      vertex 105.4 48.7334 0.15
      vertex 108.108 45.4746 0.15
    endloop
  endfacet
  facet normal 0 0 1
    outer loop
      vertex 105.4 110.267 0.15
      vertex 106.12 113.674 0.15
      vertex 105.902 114 0.15
    endloop
  endfacet
  facet normal 0 0 1
    outer loop
      vertex 108.108 45.4746 0.15
      vertex 105.4 48.7334 0.15
      vertex 107.724 45.3975 0.15
    endloop
  endfacet
  facet normal 0 0 1
    outer loop
      vertex 105.4 110.267 0.15
      vertex 105.902 114 0.15
      vertex 105.729 114.352 0.15
    endloop
  endfacet
  facet normal 0 0 1
    outer loop
      vertex 112 83.4004 0.15
      vertex 105.4 78.4004 0.15
      vertex 111.9 71.2002 0.15
    endloop
  endfacet
  facet normal 0 0 1
    outer loop
      vertex 105.4 110.267 0.15
      vertex 105.729 114.352 0.15
      vertex 105.603 114.724 0.15
    endloop
  endfacet
  facet normal -0 0 1
    outer loop
      vertex 104.15 93.2334 0.15
      vertex 101.525 89.875 0.15
      vertex 105.4 93.2334 0.15
    endloop
  endfacet
  facet normal 0 0 1
    outer loop
      vertex 105.4 110.267 0.15
      vertex 105.603 114.724 0.15
      vertex 105.525 115.108 0.15
    endloop
  endfacet
  facet normal 0 0 1
    outer loop
      vertex 107.724 45.3975 0.15
      vertex 105.4 48.7334 0.15
      vertex 107.352 45.2715 0.15
    endloop
  endfacet
  facet normal 0 0 1
    outer loop
      vertex 105.4 110.267 0.15
      vertex 105.525 115.108 0.15
      vertex 105.5 115.5 0.15
    endloop
  endfacet
  facet normal 0 0 1
    outer loop
      vertex 107.352 45.2715 0.15
      vertex 105.4 48.7334 0.15
      vertex 107 45.0977 0.15
    endloop
  endfacet
  facet normal 0 0 1
    outer loop
      vertex 128.6 68.9004 0.15
      vertex 121.75 58.8496 0.15
      vertex 134.25 58.8496 0.15
    endloop
  endfacet
  facet normal 0 0 1
    outer loop
      vertex 121.75 56.6504 0.15
      vertex 134.25 58.8496 0.15
      vertex 121.75 58.8496 0.15
    endloop
  endfacet
  facet normal 0 0 1
    outer loop
      vertex 126.4 85.7002 0.15
      vertex 116 83.4004 0.15
      vertex 126.4 83.5 0.15
    endloop
  endfacet
  facet normal -0 0 1
    outer loop
      vertex 126.4 83.5 0.15
      vertex 128.6 71.0996 0.15
      vertex 128.6 83.5 0.15
    endloop
  endfacet
  facet normal 0 0 1
    outer loop
      vertex 128.6 71.0996 0.15
      vertex 126.4 83.5 0.15
      vertex 126.4 71.0996 0.15
    endloop
  endfacet
  facet normal 0 0 1
    outer loop
      vertex 122.5 94.9004 0.15
      vertex 128.6 108.2 0.15
      vertex 126.4 108.2 0.15
    endloop
  endfacet
  facet normal 0 0 1
    outer loop
      vertex 128.6 108.2 0.15
      vertex 122.5 94.9004 0.15
      vertex 128.6 85.7002 0.15
    endloop
  endfacet
  facet normal -0 0 1
    outer loop
      vertex 128.6 68.9004 0.15
      vertex 134.25 58.8496 0.15
      vertex 129.15 68.9004 0.15
    endloop
  endfacet
  facet normal 0 0 1
    outer loop
      vertex 134.25 58.8496 0.15
      vertex 128.75 49.0996 0.15
      vertex 130 49.0996 0.15
    endloop
  endfacet
  facet normal 0 0 1
    outer loop
      vertex 129.15 83.5 0.15
      vertex 128.6 83.5 0.15
      vertex 129.15 71.0996 0.15
    endloop
  endfacet
  facet normal -0 0 1
    outer loop
      vertex 129.15 83.5 0.15
      vertex 130.4 71.0996 0.15
      vertex 130.4 83.5 0.15
    endloop
  endfacet
  facet normal 0 0 1
    outer loop
      vertex 130.4 71.0996 0.15
      vertex 129.15 83.5 0.15
      vertex 129.15 71.0996 0.15
    endloop
  endfacet
  facet normal 0 0 1
    outer loop
      vertex 128.6 85.7002 0.15
      vertex 134.25 97.0996 0.15
      vertex 129.15 108.2 0.15
    endloop
  endfacet
  facet normal 0 0 1
    outer loop
      vertex 134.25 97.0996 0.15
      vertex 129.15 85.7002 0.15
      vertex 130.4 85.7002 0.15
    endloop
  endfacet
  facet normal 0 0 1
    outer loop
      vertex 130.4 83.5 0.15
      vertex 140.3 83.5 0.15
      vertex 130.4 85.7002 0.15
    endloop
  endfacet
  facet normal 0 0 1
    outer loop
      vertex 130.4 71.0996 0.15
      vertex 140.125 71.0996 0.15
      vertex 130.4 83.5 0.15
    endloop
  endfacet
  facet normal 0 0 1
    outer loop
      vertex 130.4 85.7002 0.15
      vertex 140.3 85.7002 0.15
      vertex 134.25 94.9004 0.15
    endloop
  endfacet
  facet normal 0 0 1
    outer loop
      vertex 140.125 71.0996 0.15
      vertex 137 58.8496 0.15
      vertex 138.25 58.8496 0.15
    endloop
  endfacet
  facet normal 0 0 1
    outer loop
      vertex 140.3 83.5 0.15
      vertex 130.4 83.5 0.15
      vertex 140.125 71.0996 0.15
    endloop
  endfacet
  facet normal 0 0 1
    outer loop
      vertex 130.4 68.9004 0.15
      vertex 140.125 71.0996 0.15
      vertex 130.4 71.0996 0.15
    endloop
  endfacet
  facet normal 0 0 1
    outer loop
      vertex 140.125 71.0996 0.15
      vertex 130.4 68.9004 0.15
      vertex 136.45 58.8496 0.15
    endloop
  endfacet
  facet normal 0 0 1
    outer loop
      vertex 136.45 58.8496 0.15
      vertex 130.4 68.9004 0.15
      vertex 134.25 58.8496 0.15
    endloop
  endfacet
  facet normal -0 0 1
    outer loop
      vertex 129.15 68.9004 0.15
      vertex 134.25 58.8496 0.15
      vertex 130.4 68.9004 0.15
    endloop
  endfacet
  facet normal 0 0 1
    outer loop
      vertex 130 46.9004 0.15
      vertex 134.25 58.8496 0.15
      vertex 130 49.0996 0.15
    endloop
  endfacet
  facet normal 0 0 1
    outer loop
      vertex 134.25 58.8496 0.15
      vertex 130 46.9004 0.15
      vertex 130.9 36.0996 0.15
    endloop
  endfacet
  facet normal 0 0 1
    outer loop
      vertex 130 46.9004 0.15
      vertex 129.65 36.0996 0.15
      vertex 130.9 36.0996 0.15
    endloop
  endfacet
  facet normal 0 0 1
    outer loop
      vertex 129.65 36.0996 0.15
      vertex 129.1 36.0996 0.15
      vertex 129.65 33.9004 0.15
    endloop
  endfacet
  facet normal 0 0 1
    outer loop
      vertex 130 46.9004 0.15
      vertex 129.1 36.0996 0.15
      vertex 129.65 36.0996 0.15
    endloop
  endfacet
  facet normal -0 0 1
    outer loop
      vertex 128.75 46.9004 0.15
      vertex 129.1 36.0996 0.15
      vertex 130 46.9004 0.15
    endloop
  endfacet
  facet normal 0 0 1
    outer loop
      vertex 128.6 71.0996 0.15
      vertex 129.15 71.0996 0.15
      vertex 128.6 83.5 0.15
    endloop
  endfacet
  facet normal 0 0 1
    outer loop
      vertex 129.15 71.0996 0.15
      vertex 128.6 71.0996 0.15
      vertex 129.15 68.9004 0.15
    endloop
  endfacet
  facet normal 0 0 1
    outer loop
      vertex 128.6 68.9004 0.15
      vertex 129.15 68.9004 0.15
      vertex 128.6 71.0996 0.15
    endloop
  endfacet
  facet normal 0 0 1
    outer loop
      vertex 121.75 58.8496 0.15
      vertex 128.6 68.9004 0.15
      vertex 126.4 68.9004 0.15
    endloop
  endfacet
  facet normal 0 0 1
    outer loop
      vertex 134.25 58.8496 0.15
      vertex 128.2 49.0996 0.15
      vertex 128.75 49.0996 0.15
    endloop
  endfacet
  facet normal 0 0 1
    outer loop
      vertex 128.75 49.0996 0.15
      vertex 128.2 49.0996 0.15
      vertex 128.75 46.9004 0.15
    endloop
  endfacet
  facet normal 0 0 1
    outer loop
      vertex 128.2 46.9004 0.15
      vertex 128.75 46.9004 0.15
      vertex 128.2 49.0996 0.15
    endloop
  endfacet
  facet normal 0 0 1
    outer loop
      vertex 128.75 46.9004 0.15
      vertex 128.2 46.9004 0.15
      vertex 129.1 36.0996 0.15
    endloop
  endfacet
  facet normal 0 0 1
    outer loop
      vertex 128.2 46.9004 0.15
      vertex 126.9 36.0996 0.15
      vertex 129.1 36.0996 0.15
    endloop
  endfacet
  facet normal 0 0 1
    outer loop
      vertex 115.9 36.0996 0.15
      vertex 126.9 36.0996 0.15
      vertex 126 46.9004 0.15
    endloop
  endfacet
  facet normal -0 0 1
    outer loop
      vertex 126 46.9004 0.15
      vertex 126.9 36.0996 0.15
      vertex 128.2 46.9004 0.15
    endloop
  endfacet
  facet normal 0 0 1
    outer loop
      vertex 140.1 122.4 0.15
      vertex 130.3 122.4 0.15
      vertex 130.4 110.4 0.15
    endloop
  endfacet
  facet normal 0 0 1
    outer loop
      vertex 130.3 122.4 0.15
      vertex 129.15 110.4 0.15
      vertex 130.4 110.4 0.15
    endloop
  endfacet
  facet normal 0 0 1
    outer loop
      vertex 128.6 85.7002 0.15
      vertex 129.15 108.2 0.15
      vertex 129.15 110.4 0.15
    endloop
  endfacet
  facet normal 0 0 1
    outer loop
      vertex 134.25 97.0996 0.15
      vertex 128.6 85.7002 0.15
      vertex 129.15 85.7002 0.15
    endloop
  endfacet
  facet normal 0 0 1
    outer loop
      vertex 129.15 85.7002 0.15
      vertex 128.6 85.7002 0.15
      vertex 129.15 83.5 0.15
    endloop
  endfacet
  facet normal 0 0 1
    outer loop
      vertex 128.6 83.5 0.15
      vertex 129.15 83.5 0.15
      vertex 128.6 85.7002 0.15
    endloop
  endfacet
  facet normal 0 0 1
    outer loop
      vertex 128.6 85.7002 0.15
      vertex 129.15 110.4 0.15
      vertex 129.05 122.4 0.15
    endloop
  endfacet
  facet normal -0 0 1
    outer loop
      vertex 129.05 122.4 0.15
      vertex 129.15 110.4 0.15
      vertex 130.3 122.4 0.15
    endloop
  endfacet
  facet normal 0 0 1
    outer loop
      vertex 129.05 122.4 0.15
      vertex 128.5 122.4 0.15
      vertex 128.6 110.4 0.15
    endloop
  endfacet
  facet normal 0 0 1
    outer loop
      vertex 128.5 122.4 0.15
      vertex 126.4 110.4 0.15
      vertex 128.6 110.4 0.15
    endloop
  endfacet
  facet normal 0 0 1
    outer loop
      vertex 122.5 94.9004 0.15
      vertex 126.4 108.2 0.15
      vertex 126.4 110.4 0.15
    endloop
  endfacet
  facet normal 0 0 1
    outer loop
      vertex 128.6 85.7002 0.15
      vertex 122.5 94.9004 0.15
      vertex 126.4 85.7002 0.15
    endloop
  endfacet
  facet normal -0 0 1
    outer loop
      vertex 121.25 94.9004 0.15
      vertex 126.4 85.7002 0.15
      vertex 122.5 94.9004 0.15
    endloop
  endfacet
  facet normal 0 0 1
    outer loop
      vertex 116 83.4004 0.15
      vertex 126.4 85.7002 0.15
      vertex 121.25 94.9004 0.15
    endloop
  endfacet
  facet normal 0 0 1
    outer loop
      vertex 122.5 94.9004 0.15
      vertex 126.4 110.4 0.15
      vertex 126.3 122.4 0.15
    endloop
  endfacet
  facet normal -0 0 1
    outer loop
      vertex 126.3 122.4 0.15
      vertex 126.4 110.4 0.15
      vertex 128.5 122.4 0.15
    endloop
  endfacet
  facet normal 0 0 1
    outer loop
      vertex 138.25 58.8496 0.15
      vertex 142.325 68.9004 0.15
      vertex 140.125 68.9004 0.15
    endloop
  endfacet
  facet normal 0 0 1
    outer loop
      vertex 142.325 68.9004 0.15
      vertex 138.25 58.8496 0.15
      vertex 141.825 49.0996 0.15
    endloop
  endfacet
  facet normal -0 0 1
    outer loop
      vertex 134.25 94.9004 0.15
      vertex 140.3 85.7002 0.15
      vertex 136.45 94.9004 0.15
    endloop
  endfacet
  facet normal 0 0 1
    outer loop
      vertex 138.25 94.9004 0.15
      vertex 142.5 108.2 0.15
      vertex 140.3 108.2 0.15
    endloop
  endfacet
  facet normal 0 0 1
    outer loop
      vertex 143.05 85.7002 0.15
      vertex 138.25 94.9004 0.15
      vertex 142.5 85.7002 0.15
    endloop
  endfacet
  facet normal -0 0 1
    outer loop
      vertex 142.875 68.9004 0.15
      vertex 143.625 49.0996 0.15
      vertex 144.125 68.9004 0.15
    endloop
  endfacet
  facet normal 0 0 1
    outer loop
      vertex 143.05 85.7002 0.15
      vertex 142.5 85.7002 0.15
      vertex 143.05 83.5 0.15
    endloop
  endfacet
  facet normal 0 0 1
    outer loop
      vertex 142.5 83.5 0.15
      vertex 143.05 83.5 0.15
      vertex 142.5 85.7002 0.15
    endloop
  endfacet
  facet normal 0 0 1
    outer loop
      vertex 143.05 83.5 0.15
      vertex 142.5 83.5 0.15
      vertex 142.875 71.0996 0.15
    endloop
  endfacet
  facet normal 0 0 1
    outer loop
      vertex 142.325 71.0996 0.15
      vertex 142.875 71.0996 0.15
      vertex 142.5 83.5 0.15
    endloop
  endfacet
  facet normal 0 0 1
    outer loop
      vertex 142.875 68.9004 0.15
      vertex 142.375 49.0996 0.15
      vertex 143.625 49.0996 0.15
    endloop
  endfacet
  facet normal 0 0 1
    outer loop
      vertex 142.875 71.0996 0.15
      vertex 142.325 71.0996 0.15
      vertex 142.875 68.9004 0.15
    endloop
  endfacet
  facet normal 0 0 1
    outer loop
      vertex 142.875 68.9004 0.15
      vertex 142.325 68.9004 0.15
      vertex 142.375 49.0996 0.15
    endloop
  endfacet
  facet normal 0 0 1
    outer loop
      vertex 142.325 68.9004 0.15
      vertex 142.875 68.9004 0.15
      vertex 142.325 71.0996 0.15
    endloop
  endfacet
  facet normal -0 0 1
    outer loop
      vertex 140.3 83.5 0.15
      vertex 142.325 71.0996 0.15
      vertex 142.5 83.5 0.15
    endloop
  endfacet
  facet normal 0 0 1
    outer loop
      vertex 142.325 71.0996 0.15
      vertex 140.3 83.5 0.15
      vertex 140.125 71.0996 0.15
    endloop
  endfacet
  facet normal -0 0 1
    outer loop
      vertex 143.05 83.5 0.15
      vertex 144.125 71.0996 0.15
      vertex 144.3 83.5 0.15
    endloop
  endfacet
  facet normal 0 0 1
    outer loop
      vertex 144.125 71.0996 0.15
      vertex 143.05 83.5 0.15
      vertex 142.875 71.0996 0.15
    endloop
  endfacet
  facet normal 0 0 1
    outer loop
      vertex 138.25 94.9004 0.15
      vertex 144.3 108.2 0.15
      vertex 143.05 108.2 0.15
    endloop
  endfacet
  facet normal 0 0 1
    outer loop
      vertex 159.25 95.4004 0.15
      vertex 138.25 94.9004 0.15
      vertex 144.3 85.7002 0.15
    endloop
  endfacet
  facet normal 0 0 1
    outer loop
      vertex 144.3 83.5 0.15
      vertex 154.2 83.5 0.15
      vertex 144.3 85.7002 0.15
    endloop
  endfacet
  facet normal 0 0 1
    outer loop
      vertex 154.2 83.5 0.15
      vertex 144.3 83.5 0.15
      vertex 153.5 71.5996 0.15
    endloop
  endfacet
  facet normal 0 0 1
    outer loop
      vertex 144.125 71.0996 0.15
      vertex 153.5 71.5996 0.15
      vertex 144.3 83.5 0.15
    endloop
  endfacet
  facet normal 0 0 1
    outer loop
      vertex 144.125 68.9004 0.15
      vertex 153.5 71.5996 0.15
      vertex 144.125 71.0996 0.15
    endloop
  endfacet
  facet normal 0 0 1
    outer loop
      vertex 143.625 49.0996 0.15
      vertex 153.5 71.5996 0.15
      vertex 144.125 68.9004 0.15
    endloop
  endfacet
  facet normal 0 0 1
    outer loop
      vertex 143.625 46.9004 0.15
      vertex 153.5 71.5996 0.15
      vertex 143.625 49.0996 0.15
    endloop
  endfacet
  facet normal 0 0 1
    outer loop
      vertex 153.5 71.5996 0.15
      vertex 143.625 46.9004 0.15
      vertex 144.5 36.0996 0.15
    endloop
  endfacet
  facet normal 0 0 1
    outer loop
      vertex 143.625 46.9004 0.15
      vertex 143.25 36.0996 0.15
      vertex 144.5 36.0996 0.15
    endloop
  endfacet
  facet normal 0 0 1
    outer loop
      vertex 143.25 36.0996 0.15
      vertex 142.7 36.0996 0.15
      vertex 143.25 33.9004 0.15
    endloop
  endfacet
  facet normal 0 0 1
    outer loop
      vertex 143.625 46.9004 0.15
      vertex 142.7 36.0996 0.15
      vertex 143.25 36.0996 0.15
    endloop
  endfacet
  facet normal -0 0 1
    outer loop
      vertex 142.375 46.9004 0.15
      vertex 142.7 36.0996 0.15
      vertex 143.625 46.9004 0.15
    endloop
  endfacet
  facet normal 0 0 1
    outer loop
      vertex 141.825 49.0996 0.15
      vertex 142.375 49.0996 0.15
      vertex 142.325 68.9004 0.15
    endloop
  endfacet
  facet normal 0 0 1
    outer loop
      vertex 142.375 49.0996 0.15
      vertex 141.825 49.0996 0.15
      vertex 142.375 46.9004 0.15
    endloop
  endfacet
  facet normal 0 0 1
    outer loop
      vertex 141.825 46.9004 0.15
      vertex 142.375 46.9004 0.15
      vertex 141.825 49.0996 0.15
    endloop
  endfacet
  facet normal 0 0 1
    outer loop
      vertex 142.375 46.9004 0.15
      vertex 141.825 46.9004 0.15
      vertex 142.7 36.0996 0.15
    endloop
  endfacet
  facet normal 0 0 1
    outer loop
      vertex 141.825 46.9004 0.15
      vertex 140.5 36.0996 0.15
      vertex 142.7 36.0996 0.15
    endloop
  endfacet
  facet normal 0 0 1
    outer loop
      vertex 130.9 36.0996 0.15
      vertex 140.5 36.0996 0.15
      vertex 139.625 46.9004 0.15
    endloop
  endfacet
  facet normal -0 0 1
    outer loop
      vertex 139.625 46.9004 0.15
      vertex 140.5 36.0996 0.15
      vertex 141.825 46.9004 0.15
    endloop
  endfacet
  facet normal 0 0 1
    outer loop
      vertex 152 122.4 0.15
      vertex 144.1 122.4 0.15
      vertex 144.3 110.4 0.15
    endloop
  endfacet
  facet normal 0 0 1
    outer loop
      vertex 144.1 122.4 0.15
      vertex 143.05 110.4 0.15
      vertex 144.3 110.4 0.15
    endloop
  endfacet
  facet normal -0 0 1
    outer loop
      vertex 142.5 110.4 0.15
      vertex 143.05 108.2 0.15
      vertex 143.05 110.4 0.15
    endloop
  endfacet
  facet normal 0 0 1
    outer loop
      vertex 142.5 108.2 0.15
      vertex 143.05 108.2 0.15
      vertex 142.5 110.4 0.15
    endloop
  endfacet
  facet normal 0 0 1
    outer loop
      vertex 138.25 94.9004 0.15
      vertex 143.05 108.2 0.15
      vertex 142.5 108.2 0.15
    endloop
  endfacet
  facet normal 0 0 1
    outer loop
      vertex 144.3 85.7002 0.15
      vertex 138.25 94.9004 0.15
      vertex 143.05 85.7002 0.15
    endloop
  endfacet
  facet normal 0 0 1
    outer loop
      vertex 142.5 110.4 0.15
      vertex 143.05 110.4 0.15
      vertex 142.85 122.4 0.15
    endloop
  endfacet
  facet normal -0 0 1
    outer loop
      vertex 142.85 122.4 0.15
      vertex 143.05 110.4 0.15
      vertex 144.1 122.4 0.15
    endloop
  endfacet
  facet normal 0 0 1
    outer loop
      vertex 142.85 122.4 0.15
      vertex 142.3 122.4 0.15
      vertex 142.5 110.4 0.15
    endloop
  endfacet
  facet normal 0 0 1
    outer loop
      vertex 142.3 122.4 0.15
      vertex 140.3 110.4 0.15
      vertex 142.5 110.4 0.15
    endloop
  endfacet
  facet normal 0 0 1
    outer loop
      vertex 138.25 94.9004 0.15
      vertex 140.3 108.2 0.15
      vertex 140.3 110.4 0.15
    endloop
  endfacet
  facet normal 0 0 1
    outer loop
      vertex 142.5 85.7002 0.15
      vertex 138.25 94.9004 0.15
      vertex 140.3 85.7002 0.15
    endloop
  endfacet
  facet normal -0 0 1
    outer loop
      vertex 137 94.9004 0.15
      vertex 140.3 85.7002 0.15
      vertex 138.25 94.9004 0.15
    endloop
  endfacet
  facet normal -0 0 1
    outer loop
      vertex 136.45 94.9004 0.15
      vertex 140.3 85.7002 0.15
      vertex 137 94.9004 0.15
    endloop
  endfacet
  facet normal 0 0 1
    outer loop
      vertex 138.25 94.9004 0.15
      vertex 140.3 110.4 0.15
      vertex 140.1 122.4 0.15
    endloop
  endfacet
  facet normal -0 0 1
    outer loop
      vertex 140.1 122.4 0.15
      vertex 140.3 110.4 0.15
      vertex 142.3 122.4 0.15
    endloop
  endfacet
  facet normal -0 0 1
    outer loop
      vertex 155.25 46.9004 0.15
      vertex 156.3 36.0996 0.15
      vertex 156.5 46.9004 0.15
    endloop
  endfacet
  facet normal 0 0 1
    outer loop
      vertex 154.7 46.9004 0.15
      vertex 155.25 46.9004 0.15
      vertex 154.7 49.0996 0.15
    endloop
  endfacet
  facet normal 0 0 1
    outer loop
      vertex 154.1 36.0996 0.15
      vertex 155.25 46.9004 0.15
      vertex 154.7 46.9004 0.15
    endloop
  endfacet
  facet normal 0 0 1
    outer loop
      vertex 155.25 46.9004 0.15
      vertex 154.1 36.0996 0.15
      vertex 156.3 36.0996 0.15
    endloop
  endfacet
  facet normal 0 0 1
    outer loop
      vertex 144.5 36.0996 0.15
      vertex 154.1 36.0996 0.15
      vertex 152.5 46.9004 0.15
    endloop
  endfacet
  facet normal -0 0 1
    outer loop
      vertex 152.5 46.9004 0.15
      vertex 154.1 36.0996 0.15
      vertex 154.7 46.9004 0.15
    endloop
  endfacet
  facet normal 0 0 1
    outer loop
      vertex 154.2 107.9 0.15
      vertex 144.3 108.2 0.15
      vertex 159.25 97.5996 0.15
    endloop
  endfacet
  facet normal 0 0 1
    outer loop
      vertex 159.25 95.4004 0.15
      vertex 154.2 85.7002 0.15
      vertex 156.4 85.7002 0.15
    endloop
  endfacet
  facet normal -0 0 1
    outer loop
      vertex 156.25 69.4004 0.15
      vertex 159.25 59.0996 0.15
      vertex 157.5 69.4004 0.15
    endloop
  endfacet
  facet normal -0 0 1
    outer loop
      vertex 156.95 83.5 0.15
      vertex 157.5 71.5996 0.15
      vertex 158.2 83.5 0.15
    endloop
  endfacet
  facet normal 0 0 1
    outer loop
      vertex 159.25 95.4004 0.15
      vertex 156.4 85.7002 0.15
      vertex 156.95 85.7002 0.15
    endloop
  endfacet
  facet normal 0 0 1
    outer loop
      vertex 156.95 85.7002 0.15
      vertex 156.4 85.7002 0.15
      vertex 156.95 83.5 0.15
    endloop
  endfacet
  facet normal 0 0 1
    outer loop
      vertex 156.4 83.5 0.15
      vertex 156.95 83.5 0.15
      vertex 156.4 85.7002 0.15
    endloop
  endfacet
  facet normal 0 0 1
    outer loop
      vertex 156.25 71.5996 0.15
      vertex 156.95 83.5 0.15
      vertex 156.4 83.5 0.15
    endloop
  endfacet
  facet normal 0 0 1
    outer loop
      vertex 156.95 83.5 0.15
      vertex 156.25 71.5996 0.15
      vertex 157.5 71.5996 0.15
    endloop
  endfacet
  facet normal 0 0 1
    outer loop
      vertex 156.25 71.5996 0.15
      vertex 155.7 71.5996 0.15
      vertex 156.25 69.4004 0.15
    endloop
  endfacet
  facet normal 0 0 1
    outer loop
      vertex 156.4 83.5 0.15
      vertex 155.7 71.5996 0.15
      vertex 156.25 71.5996 0.15
    endloop
  endfacet
  facet normal -0 0 1
    outer loop
      vertex 154.2 83.5 0.15
      vertex 155.7 71.5996 0.15
      vertex 156.4 83.5 0.15
    endloop
  endfacet
  facet normal 0 0 1
    outer loop
      vertex 155.7 71.5996 0.15
      vertex 154.2 83.5 0.15
      vertex 153.5 71.5996 0.15
    endloop
  endfacet
  facet normal -0 0 1
    outer loop
      vertex 154.2 107.9 0.15
      vertex 159.25 97.5996 0.15
      vertex 156.4 107.9 0.15
    endloop
  endfacet
  facet normal 0 0 1
    outer loop
      vertex 159.25 95.4004 0.15
      vertex 156.95 85.7002 0.15
      vertex 158.2 85.7002 0.15
    endloop
  endfacet
  facet normal -0 0 1
    outer loop
      vertex 155.7 69.4004 0.15
      vertex 159.25 59.0996 0.15
      vertex 156.25 69.4004 0.15
    endloop
  endfacet
  facet normal 0 0 1
    outer loop
      vertex 156.5 46.9004 0.15
      vertex 159.25 56.9004 0.15
      vertex 156.5 49.0996 0.15
    endloop
  endfacet
  facet normal 0 0 1
    outer loop
      vertex 158.1 36.0996 0.15
      vertex 156.5 46.9004 0.15
      vertex 156.85 36.0996 0.15
    endloop
  endfacet
  facet normal 0 0 1
    outer loop
      vertex 159.25 56.9004 0.15
      vertex 156.5 46.9004 0.15
      vertex 158.1 36.0996 0.15
    endloop
  endfacet
  facet normal -0 0 1
    outer loop
      vertex 153.5 69.4004 0.15
      vertex 159.25 59.0996 0.15
      vertex 155.7 69.4004 0.15
    endloop
  endfacet
  facet normal 0 0 1
    outer loop
      vertex 155.7 69.4004 0.15
      vertex 156.25 69.4004 0.15
      vertex 155.7 71.5996 0.15
    endloop
  endfacet
  facet normal 0 0 1
    outer loop
      vertex 152.5 49.0996 0.15
      vertex 159.25 59.0996 0.15
      vertex 153.5 69.4004 0.15
    endloop
  endfacet
  facet normal 0 0 1
    outer loop
      vertex 159.25 56.9004 0.15
      vertex 155.25 49.0996 0.15
      vertex 156.5 49.0996 0.15
    endloop
  endfacet
  facet normal 0 0 1
    outer loop
      vertex 155.25 49.0996 0.15
      vertex 154.7 49.0996 0.15
      vertex 155.25 46.9004 0.15
    endloop
  endfacet
  facet normal 0 0 1
    outer loop
      vertex 159.25 56.9004 0.15
      vertex 154.7 49.0996 0.15
      vertex 155.25 49.0996 0.15
    endloop
  endfacet
  facet normal 0 0 1
    outer loop
      vertex 159.25 59.0996 0.15
      vertex 152.5 49.0996 0.15
      vertex 159.25 56.9004 0.15
    endloop
  endfacet
  facet normal 0 0 1
    outer loop
      vertex 159.25 56.9004 0.15
      vertex 152.5 49.0996 0.15
      vertex 154.7 49.0996 0.15
    endloop
  endfacet
  facet normal 0 0 1
    outer loop
      vertex 161.1 118.75 0.15
      vertex 156 122.4 0.15
      vertex 156.4 110.1 0.15
    endloop
  endfacet
  facet normal -0 0 1
    outer loop
      vertex 154.75 122.4 0.15
      vertex 156.4 110.1 0.15
      vertex 156 122.4 0.15
    endloop
  endfacet
  facet normal 0 0 1
    outer loop
      vertex 154.2 122.4 0.15
      vertex 154.75 122.4 0.15
      vertex 154.2 124.6 0.15
    endloop
  endfacet
  facet normal 0 0 1
    outer loop
      vertex 154.2 110.1 0.15
      vertex 154.75 122.4 0.15
      vertex 154.2 122.4 0.15
    endloop
  endfacet
  facet normal 0 0 1
    outer loop
      vertex 154.75 122.4 0.15
      vertex 154.2 110.1 0.15
      vertex 156.4 110.1 0.15
    endloop
  endfacet
  facet normal -0 0 1
    outer loop
      vertex 152 122.4 0.15
      vertex 154.2 110.1 0.15
      vertex 154.2 122.4 0.15
    endloop
  endfacet
  facet normal -0 0 1
    outer loop
      vertex 144.3 110.4 0.15
      vertex 154.2 110.1 0.15
      vertex 152 122.4 0.15
    endloop
  endfacet
  facet normal 0 0 1
    outer loop
      vertex 138.25 94.9004 0.15
      vertex 159.25 97.5996 0.15
      vertex 144.3 108.2 0.15
    endloop
  endfacet
  facet normal 0 0 1
    outer loop
      vertex 138.25 94.9004 0.15
      vertex 159.25 95.4004 0.15
      vertex 159.25 97.5996 0.15
    endloop
  endfacet
  facet normal 0 0 1
    outer loop
      vertex 144.5 36.0996 0.15
      vertex 153.5 69.4004 0.15
      vertex 153.5 71.5996 0.15
    endloop
  endfacet
  facet normal 0 0 1
    outer loop
      vertex 159.25 95.4004 0.15
      vertex 144.3 85.7002 0.15
      vertex 154.2 85.7002 0.15
    endloop
  endfacet
  facet normal 0 0 1
    outer loop
      vertex 154.2 85.7002 0.15
      vertex 144.3 85.7002 0.15
      vertex 154.2 83.5 0.15
    endloop
  endfacet
  facet normal 0 0 1
    outer loop
      vertex 144.3 108.2 0.15
      vertex 154.2 110.1 0.15
      vertex 144.3 110.4 0.15
    endloop
  endfacet
  facet normal 0 0 1
    outer loop
      vertex 158.2 83.5 0.15
      vertex 168.1 83.5 0.15
      vertex 158.2 85.7002 0.15
    endloop
  endfacet
  facet normal -0 0 1
    outer loop
      vertex 157.5 71.5996 0.15
      vertex 167.575 71.0996 0.15
      vertex 158.2 83.5 0.15
    endloop
  endfacet
  facet normal 0 0 1
    outer loop
      vertex 163.25 95.4004 0.15
      vertex 158.2 85.7002 0.15
      vertex 168.1 85.7002 0.15
    endloop
  endfacet
  facet normal 0 -0 1
    outer loop
      vertex 162 59.0996 0.15
      vertex 167.575 68.9004 0.15
      vertex 157.5 69.4004 0.15
    endloop
  endfacet
  facet normal 0 0 1
    outer loop
      vertex 158.2 110.1 0.15
      vertex 164.1 118.75 0.15
      vertex 163.1 118.75 0.15
    endloop
  endfacet
  facet normal 0 0 1
    outer loop
      vertex 162.1 118.75 0.15
      vertex 163.1 118.75 0.15
      vertex 162.1 122.25 0.15
    endloop
  endfacet
  facet normal 0 0 1
    outer loop
      vertex 158.2 110.1 0.15
      vertex 163.1 118.75 0.15
      vertex 162.1 118.75 0.15
    endloop
  endfacet
  facet normal 0 0 1
    outer loop
      vertex 164.1 118.75 0.15
      vertex 158.2 107.9 0.15
      vertex 163.25 97.5996 0.15
    endloop
  endfacet
  facet normal 0 0 1
    outer loop
      vertex 161.45 95.4004 0.15
      vertex 162 95.4004 0.15
      vertex 162 97.5996 0.15
    endloop
  endfacet
  facet normal 0 0 1
    outer loop
      vertex 168.1 85.7002 0.15
      vertex 158.2 85.7002 0.15
      vertex 168.1 83.5 0.15
    endloop
  endfacet
  facet normal 0 0 1
    outer loop
      vertex 161.45 95.4004 0.15
      vertex 162 97.5996 0.15
      vertex 161.45 97.5996 0.15
    endloop
  endfacet
  facet normal 0 0 1
    outer loop
      vertex 163.25 97.5996 0.15
      vertex 158.2 107.9 0.15
      vertex 162 97.5996 0.15
    endloop
  endfacet
  facet normal 0 0 1
    outer loop
      vertex 158.2 110.1 0.15
      vertex 162.1 118.75 0.15
      vertex 161.1 118.75 0.15
    endloop
  endfacet
  facet normal -0 0 1
    outer loop
      vertex 158.5 124.55 0.15
      vertex 161.1 122.25 0.15
      vertex 160 124.55 0.15
    endloop
  endfacet
  facet normal -0 0 1
    outer loop
      vertex 156 122.4 0.15
      vertex 161.1 122.25 0.15
      vertex 158.5 124.55 0.15
    endloop
  endfacet
  facet normal 0 0 1
    outer loop
      vertex 164.1 118.75 0.15
      vertex 158.2 110.1 0.15
      vertex 158.2 107.9 0.15
    endloop
  endfacet
  facet normal -0 0 1
    outer loop
      vertex 156.4 107.9 0.15
      vertex 159.25 97.5996 0.15
      vertex 156.95 107.9 0.15
    endloop
  endfacet
  facet normal 0 0 1
    outer loop
      vertex 167.575 68.9004 0.15
      vertex 162 59.0996 0.15
      vertex 163.25 59.0996 0.15
    endloop
  endfacet
  facet normal 0 0 1
    outer loop
      vertex 162 97.5996 0.15
      vertex 158.2 107.9 0.15
      vertex 161.45 97.5996 0.15
    endloop
  endfacet
  facet normal 0 0 1
    outer loop
      vertex 156 122.4 0.15
      vertex 158.5 124.55 0.15
      vertex 156 124.6 0.15
    endloop
  endfacet
  facet normal -0 0 1
    outer loop
      vertex 168.475 46.9004 0.15
      vertex 173.5 42.5 0.15
      vertex 169.025 46.9004 0.15
    endloop
  endfacet
  facet normal 0 0 1
    outer loop
      vertex 168.475 46.9004 0.15
      vertex 169.025 46.9004 0.15
      vertex 168.475 49.0996 0.15
    endloop
  endfacet
  facet normal 0 0 1
    outer loop
      vertex 167.7 36.0996 0.15
      vertex 173.5 42.5 0.15
      vertex 168.475 46.9004 0.15
    endloop
  endfacet
  facet normal 0 0 1
    outer loop
      vertex 173.5 42.5 0.15
      vertex 167.7 36.0996 0.15
      vertex 169.9 36.0996 0.15
    endloop
  endfacet
  facet normal 0 0 1
    outer loop
      vertex 158.1 36.0996 0.15
      vertex 167.7 36.0996 0.15
      vertex 166.275 46.9004 0.15
    endloop
  endfacet
  facet normal -0 0 1
    outer loop
      vertex 166.275 46.9004 0.15
      vertex 167.7 36.0996 0.15
      vertex 168.475 46.9004 0.15
    endloop
  endfacet
  facet normal 0 0 1
    outer loop
      vertex 169.775 68.9004 0.15
      vertex 170.325 68.9004 0.15
      vertex 169.775 71.0996 0.15
    endloop
  endfacet
  facet normal -0 0 1
    outer loop
      vertex 168.1 83.5 0.15
      vertex 169.775 71.0996 0.15
      vertex 170.3 83.5 0.15
    endloop
  endfacet
  facet normal 0 0 1
    outer loop
      vertex 169.775 71.0996 0.15
      vertex 168.1 83.5 0.15
      vertex 167.575 71.0996 0.15
    endloop
  endfacet
  facet normal 0 0 1
    outer loop
      vertex 163.25 95.4004 0.15
      vertex 170.3 108.2 0.15
      vertex 168.1 108.2 0.15
    endloop
  endfacet
  facet normal 0 0 1
    outer loop
      vertex 170.3 108.2 0.15
      vertex 163.25 95.4004 0.15
      vertex 170.3 85.7002 0.15
    endloop
  endfacet
  facet normal 0 0 1
    outer loop
      vertex 163.25 59.0996 0.15
      vertex 170.325 68.9004 0.15
      vertex 169.775 68.9004 0.15
    endloop
  endfacet
  facet normal 0 0 1
    outer loop
      vertex 170.325 68.9004 0.15
      vertex 163.25 59.0996 0.15
      vertex 170.275 49.0996 0.15
    endloop
  endfacet
  facet normal 0 0 1
    outer loop
      vertex 169.025 49.0996 0.15
      vertex 168.475 49.0996 0.15
      vertex 169.025 46.9004 0.15
    endloop
  endfacet
  facet normal -0 0 1
    outer loop
      vertex 163.25 56.9004 0.15
      vertex 170.275 49.0996 0.15
      vertex 163.25 59.0996 0.15
    endloop
  endfacet
  facet normal 0 0 1
    outer loop
      vertex 163.25 59.0996 0.15
      vertex 169.775 68.9004 0.15
      vertex 167.575 68.9004 0.15
    endloop
  endfacet
  facet normal 0 0 1
    outer loop
      vertex 158.2 85.7002 0.15
      vertex 162 95.4004 0.15
      vertex 161.45 95.4004 0.15
    endloop
  endfacet
  facet normal 0 0 1
    outer loop
      vertex 170.275 49.0996 0.15
      vertex 163.25 56.9004 0.15
      vertex 169.025 49.0996 0.15
    endloop
  endfacet
  facet normal 0 0 1
    outer loop
      vertex 158.2 85.7002 0.15
      vertex 161.45 95.4004 0.15
      vertex 159.25 95.4004 0.15
    endloop
  endfacet
  facet normal -0 0 1
    outer loop
      vertex 157.5 69.4004 0.15
      vertex 167.575 68.9004 0.15
      vertex 167.575 71.0996 0.15
    endloop
  endfacet
  facet normal 0 0 1
    outer loop
      vertex 163.25 95.4004 0.15
      vertex 166.7 124.55 0.15
      vertex 165.2 124.55 0.15
    endloop
  endfacet
  facet normal -0 0 1
    outer loop
      vertex 171.575 68.9004 0.15
      vertex 173.5 42.5 0.15
      vertex 171.575 71.0996 0.15
    endloop
  endfacet
  facet normal -0 0 1
    outer loop
      vertex 170.85 83.5 0.15
      vertex 171.575 71.0996 0.15
      vertex 172.1 83.5 0.15
    endloop
  endfacet
  facet normal 0 0 1
    outer loop
      vertex 170.85 83.5 0.15
      vertex 170.325 71.0996 0.15
      vertex 171.575 71.0996 0.15
    endloop
  endfacet
  facet normal 0 0 1
    outer loop
      vertex 170.3 85.7002 0.15
      vertex 170.85 85.7002 0.15
      vertex 170.3 108.2 0.15
    endloop
  endfacet
  facet normal -0 0 1
    outer loop
      vertex 170.85 108.2 0.15
      vertex 172.1 85.7002 0.15
      vertex 172.1 108.2 0.15
    endloop
  endfacet
  facet normal 0 0 1
    outer loop
      vertex 172.1 85.7002 0.15
      vertex 170.85 108.2 0.15
      vertex 170.85 85.7002 0.15
    endloop
  endfacet
  facet normal 0 0 1
    outer loop
      vertex 173.5 115.5 0.15
      vertex 170.85 110.4 0.15
      vertex 172.1 110.4 0.15
    endloop
  endfacet
  facet normal 0 0 1
    outer loop
      vertex 170.3 108.2 0.15
      vertex 170.85 110.4 0.15
      vertex 170.5 122.15 0.15
    endloop
  endfacet
  facet normal 0 0 1
    outer loop
      vertex 170.85 110.4 0.15
      vertex 170.3 108.2 0.15
      vertex 170.85 108.2 0.15
    endloop
  endfacet
  facet normal 0 0 1
    outer loop
      vertex 170.85 108.2 0.15
      vertex 170.3 108.2 0.15
      vertex 170.85 85.7002 0.15
    endloop
  endfacet
  facet normal 0 0 1
    outer loop
      vertex 173.525 115.892 0.15
      vertex 170.5 122.15 0.15
      vertex 170.85 110.4 0.15
    endloop
  endfacet
  facet normal -0 0 1
    outer loop
      vertex 170.275 49.0996 0.15
      vertex 173.5 42.5 0.15
      vertex 171.575 68.9004 0.15
    endloop
  endfacet
  facet normal -0 0 1
    outer loop
      vertex 170.275 46.9004 0.15
      vertex 173.5 42.5 0.15
      vertex 170.275 49.0996 0.15
    endloop
  endfacet
  facet normal -0 0 1
    outer loop
      vertex 169.025 46.9004 0.15
      vertex 173.5 42.5 0.15
      vertex 170.275 46.9004 0.15
    endloop
  endfacet
  facet normal 0 0 1
    outer loop
      vertex 170.275 49.0996 0.15
      vertex 171.575 68.9004 0.15
      vertex 170.325 68.9004 0.15
    endloop
  endfacet
  facet normal -0 0 1
    outer loop
      vertex 173.25 122.15 0.15
      vertex 175 118.098 0.15
      vertex 174.5 122.15 0.15
    endloop
  endfacet
  facet normal 0 0 1
    outer loop
      vertex 175 118.098 0.15
      vertex 173.25 122.15 0.15
      vertex 174.674 117.88 0.15
    endloop
  endfacet
  facet normal -0 0 1
    outer loop
      vertex 172.7 122.15 0.15
      vertex 174.674 117.88 0.15
      vertex 173.25 122.15 0.15
    endloop
  endfacet
  facet normal 0 0 1
    outer loop
      vertex 174.674 117.88 0.15
      vertex 172.7 122.15 0.15
      vertex 174.379 117.621 0.15
    endloop
  endfacet
  facet normal 0 0 1
    outer loop
      vertex 174.379 117.621 0.15
      vertex 172.7 122.15 0.15
      vertex 174.12 117.326 0.15
    endloop
  endfacet
  facet normal -0 0 1
    outer loop
      vertex 170.5 122.15 0.15
      vertex 174.12 117.326 0.15
      vertex 172.7 122.15 0.15
    endloop
  endfacet
  facet normal 0 0 1
    outer loop
      vertex 174.12 117.326 0.15
      vertex 170.5 122.15 0.15
      vertex 173.902 117 0.15
    endloop
  endfacet
  facet normal 0 0 1
    outer loop
      vertex 173.603 116.276 0.15
      vertex 170.5 122.15 0.15
      vertex 173.525 115.892 0.15
    endloop
  endfacet
  facet normal 0 0 1
    outer loop
      vertex 173.729 116.648 0.15
      vertex 170.5 122.15 0.15
      vertex 173.603 116.276 0.15
    endloop
  endfacet
  facet normal 0 0 1
    outer loop
      vertex 173.902 117 0.15
      vertex 170.5 122.15 0.15
      vertex 173.729 116.648 0.15
    endloop
  endfacet
  facet normal 0 0 1
    outer loop
      vertex 176.75 59.0996 0.15
      vertex 182.9 71.0996 0.15
      vertex 176.75 95.4004 0.15
    endloop
  endfacet
  facet normal 0 0 1
    outer loop
      vertex 182.9 71.0996 0.15
      vertex 176.75 59.0996 0.15
      vertex 178.95 59.0996 0.15
    endloop
  endfacet
  facet normal 0 0 1
    outer loop
      vertex 182.9 71.0996 0.15
      vertex 178.95 59.0996 0.15
      vertex 179.5 59.0996 0.15
    endloop
  endfacet
  facet normal 0 0 1
    outer loop
      vertex 178.95 56.9004 0.15
      vertex 179.5 59.0996 0.15
      vertex 178.95 59.0996 0.15
    endloop
  endfacet
  facet normal 0 0 1
    outer loop
      vertex 179.5 59.0996 0.15
      vertex 178.95 56.9004 0.15
      vertex 179.098 44 0.15
    endloop
  endfacet
  facet normal 0 0 1
    outer loop
      vertex 178.95 56.9004 0.15
      vertex 178.88 44.3262 0.15
      vertex 179.098 44 0.15
    endloop
  endfacet
  facet normal 0 0 1
    outer loop
      vertex 178.95 56.9004 0.15
      vertex 178.621 44.6211 0.15
      vertex 178.88 44.3262 0.15
    endloop
  endfacet
  facet normal 0 0 1
    outer loop
      vertex 178.95 56.9004 0.15
      vertex 178.326 44.8799 0.15
      vertex 178.621 44.6211 0.15
    endloop
  endfacet
  facet normal 0 0 1
    outer loop
      vertex 178.95 56.9004 0.15
      vertex 178 45.0977 0.15
      vertex 178.326 44.8799 0.15
    endloop
  endfacet
  facet normal 0 0 1
    outer loop
      vertex 178.95 56.9004 0.15
      vertex 177.648 45.2715 0.15
      vertex 178 45.0977 0.15
    endloop
  endfacet
  facet normal 0 0 1
    outer loop
      vertex 178.95 56.9004 0.15
      vertex 177.276 45.3975 0.15
      vertex 177.648 45.2715 0.15
    endloop
  endfacet
  facet normal 0 0 1
    outer loop
      vertex 178.95 56.9004 0.15
      vertex 176.892 45.4746 0.15
      vertex 177.276 45.3975 0.15
    endloop
  endfacet
  facet normal -0 0 1
    outer loop
      vertex 176.75 56.9004 0.15
      vertex 176.892 45.4746 0.15
      vertex 178.95 56.9004 0.15
    endloop
  endfacet
  facet normal 0 0 1
    outer loop
      vertex 176.75 56.9004 0.15
      vertex 176.5 45.5 0.15
      vertex 176.892 45.4746 0.15
    endloop
  endfacet
  facet normal 0 0 1
    outer loop
      vertex 176.75 59.0996 0.15
      vertex 176.5 45.5 0.15
      vertex 176.75 56.9004 0.15
    endloop
  endfacet
  facet normal 0 0 1
    outer loop
      vertex 175 112.902 0.15
      vertex 176.75 97.5996 0.15
      vertex 175.352 112.729 0.15
    endloop
  endfacet
  facet normal 0 0 1
    outer loop
      vertex 176.75 59.0996 0.15
      vertex 176.108 45.4746 0.15
      vertex 176.5 45.5 0.15
    endloop
  endfacet
  facet normal 0 0 1
    outer loop
      vertex 174.674 113.12 0.15
      vertex 176.75 97.5996 0.15
      vertex 175 112.902 0.15
    endloop
  endfacet
  facet normal 0 0 1
    outer loop
      vertex 176.75 59.0996 0.15
      vertex 175.724 45.3975 0.15
      vertex 176.108 45.4746 0.15
    endloop
  endfacet
  facet normal 0 0 1
    outer loop
      vertex 174.379 113.379 0.15
      vertex 176.75 97.5996 0.15
      vertex 174.674 113.12 0.15
    endloop
  endfacet
  facet normal 0 0 1
    outer loop
      vertex 176.75 59.0996 0.15
      vertex 175.352 45.2715 0.15
      vertex 175.724 45.3975 0.15
    endloop
  endfacet
  facet normal 0 0 1
    outer loop
      vertex 174.12 113.674 0.15
      vertex 176.75 97.5996 0.15
      vertex 174.379 113.379 0.15
    endloop
  endfacet
  facet normal 0 0 1
    outer loop
      vertex 176.75 59.0996 0.15
      vertex 175 45.0977 0.15
      vertex 175.352 45.2715 0.15
    endloop
  endfacet
  facet normal 0 0 1
    outer loop
      vertex 173.902 114 0.15
      vertex 176.75 97.5996 0.15
      vertex 174.12 113.674 0.15
    endloop
  endfacet
  facet normal 0 0 1
    outer loop
      vertex 176.75 59.0996 0.15
      vertex 174.674 44.8799 0.15
      vertex 175 45.0977 0.15
    endloop
  endfacet
  facet normal 0 0 1
    outer loop
      vertex 173.729 114.352 0.15
      vertex 176.75 97.5996 0.15
      vertex 173.902 114 0.15
    endloop
  endfacet
  facet normal 0 0 1
    outer loop
      vertex 176.75 59.0996 0.15
      vertex 174.379 44.6211 0.15
      vertex 174.674 44.8799 0.15
    endloop
  endfacet
  facet normal 0 0 1
    outer loop
      vertex 176.75 97.5996 0.15
      vertex 173.729 114.352 0.15
      vertex 176.75 95.4004 0.15
    endloop
  endfacet
  facet normal 0 0 1
    outer loop
      vertex 176.75 59.0996 0.15
      vertex 174.12 44.3262 0.15
      vertex 174.379 44.6211 0.15
    endloop
  endfacet
  facet normal 0 0 1
    outer loop
      vertex 173.603 114.724 0.15
      vertex 176.75 95.4004 0.15
      vertex 173.729 114.352 0.15
    endloop
  endfacet
  facet normal 0 0 1
    outer loop
      vertex 176.75 59.0996 0.15
      vertex 173.902 44 0.15
      vertex 174.12 44.3262 0.15
    endloop
  endfacet
  facet normal 0 0 1
    outer loop
      vertex 173.603 43.2764 0.15
      vertex 176.75 95.4004 0.15
      vertex 173.603 114.724 0.15
    endloop
  endfacet
  facet normal 0 0 1
    outer loop
      vertex 176.75 59.0996 0.15
      vertex 173.729 43.6484 0.15
      vertex 173.902 44 0.15
    endloop
  endfacet
  facet normal 0 0 1
    outer loop
      vertex 176.75 95.4004 0.15
      vertex 173.603 43.2764 0.15
      vertex 176.75 59.0996 0.15
    endloop
  endfacet
  facet normal 0 0 1
    outer loop
      vertex 176.75 59.0996 0.15
      vertex 173.603 43.2764 0.15
      vertex 173.729 43.6484 0.15
    endloop
  endfacet
  facet normal 0 0 1
    outer loop
      vertex 173.525 115.108 0.15
      vertex 173.603 43.2764 0.15
      vertex 173.603 114.724 0.15
    endloop
  endfacet
  facet normal 0 0 1
    outer loop
      vertex 173.525 115.108 0.15
      vertex 173.525 42.8916 0.15
      vertex 173.603 43.2764 0.15
    endloop
  endfacet
  facet normal 0 0 1
    outer loop
      vertex 173.5 115.5 0.15
      vertex 173.525 42.8916 0.15
      vertex 173.525 115.108 0.15
    endloop
  endfacet
  facet normal 0 0 1
    outer loop
      vertex 173.525 42.8916 0.15
      vertex 173.5 115.5 0.15
      vertex 173.5 42.5 0.15
    endloop
  endfacet
  facet normal 0 0 1
    outer loop
      vertex 183.1 85.7002 0.15
      vertex 176.75 95.4004 0.15
      vertex 183.1 83.5 0.15
    endloop
  endfacet
  facet normal 0 0 1
    outer loop
      vertex 182.9 71.0996 0.15
      vertex 179.5 59.0996 0.15
      vertex 180.75 59.0996 0.15
    endloop
  endfacet
  facet normal -0 0 1
    outer loop
      vertex 179.271 114.352 0.15
      vertex 183.1 110.4 0.15
      vertex 179.397 114.724 0.15
    endloop
  endfacet
  facet normal -0 0 1
    outer loop
      vertex 179.098 114 0.15
      vertex 183.1 110.4 0.15
      vertex 179.271 114.352 0.15
    endloop
  endfacet
  facet normal -0 0 1
    outer loop
      vertex 178.88 113.674 0.15
      vertex 183.1 110.4 0.15
      vertex 179.098 114 0.15
    endloop
  endfacet
  facet normal 0 0 1
    outer loop
      vertex 178.95 95.4004 0.15
      vertex 179.5 95.4004 0.15
      vertex 178.95 97.5996 0.15
    endloop
  endfacet
  facet normal 0 0 1
    outer loop
      vertex 183.1 83.5 0.15
      vertex 176.75 95.4004 0.15
      vertex 182.9 71.0996 0.15
    endloop
  endfacet
  facet normal -0 0 1
    outer loop
      vertex 178.621 113.379 0.15
      vertex 183.1 110.4 0.15
      vertex 178.88 113.674 0.15
    endloop
  endfacet
  facet normal 0 0 1
    outer loop
      vertex 179.5 59.0996 0.15
      vertex 179.098 44 0.15
      vertex 179.5 56.9004 0.15
    endloop
  endfacet
  facet normal 0 0 1
    outer loop
      vertex 179.5 97.5996 0.15
      vertex 178.95 97.5996 0.15
      vertex 179.5 95.4004 0.15
    endloop
  endfacet
  facet normal 0 0 1
    outer loop
      vertex 179.5 56.9004 0.15
      vertex 179.475 42.8916 0.15
      vertex 179.5 42.5 0.15
    endloop
  endfacet
  facet normal -0 0 1
    outer loop
      vertex 178.326 113.12 0.15
      vertex 183.1 110.4 0.15
      vertex 178.621 113.379 0.15
    endloop
  endfacet
  facet normal 0 0 1
    outer loop
      vertex 179.5 56.9004 0.15
      vertex 179.397 43.2764 0.15
      vertex 179.475 42.8916 0.15
    endloop
  endfacet
  facet normal -0 0 1
    outer loop
      vertex 178 112.902 0.15
      vertex 183.1 110.4 0.15
      vertex 178.326 113.12 0.15
    endloop
  endfacet
  facet normal 0 0 1
    outer loop
      vertex 179.5 56.9004 0.15
      vertex 179.271 43.6484 0.15
      vertex 179.397 43.2764 0.15
    endloop
  endfacet
  facet normal 0 0 1
    outer loop
      vertex 179.5 56.9004 0.15
      vertex 179.098 44 0.15
      vertex 179.271 43.6484 0.15
    endloop
  endfacet
  facet normal -0 0 1
    outer loop
      vertex 177.648 112.729 0.15
      vertex 183.1 110.4 0.15
      vertex 178 112.902 0.15
    endloop
  endfacet
  facet normal 0 0 1
    outer loop
      vertex 183.1 110.4 0.15
      vertex 177.648 112.729 0.15
      vertex 183.1 108.2 0.15
    endloop
  endfacet
  facet normal -0 0 1
    outer loop
      vertex 177.276 112.603 0.15
      vertex 183.1 108.2 0.15
      vertex 177.648 112.729 0.15
    endloop
  endfacet
  facet normal 0 0 1
    outer loop
      vertex 183.1 108.2 0.15
      vertex 179.5 97.5996 0.15
      vertex 180.75 97.5996 0.15
    endloop
  endfacet
  facet normal -0 0 1
    outer loop
      vertex 176.892 112.525 0.15
      vertex 183.1 108.2 0.15
      vertex 177.276 112.603 0.15
    endloop
  endfacet
  facet normal 0 0 1
    outer loop
      vertex 183.1 108.2 0.15
      vertex 178.95 97.5996 0.15
      vertex 179.5 97.5996 0.15
    endloop
  endfacet
  facet normal -0 0 1
    outer loop
      vertex 176.5 112.5 0.15
      vertex 183.1 108.2 0.15
      vertex 176.892 112.525 0.15
    endloop
  endfacet
  facet normal 0 0 1
    outer loop
      vertex 183.1 108.2 0.15
      vertex 176.75 97.5996 0.15
      vertex 178.95 97.5996 0.15
    endloop
  endfacet
  facet normal 0 0 1
    outer loop
      vertex 176.108 112.525 0.15
      vertex 176.75 97.5996 0.15
      vertex 176.5 112.5 0.15
    endloop
  endfacet
  facet normal 0 0 1
    outer loop
      vertex 175.724 112.603 0.15
      vertex 176.75 97.5996 0.15
      vertex 176.108 112.525 0.15
    endloop
  endfacet
  facet normal 0 0 1
    outer loop
      vertex 175.352 112.729 0.15
      vertex 176.75 97.5996 0.15
      vertex 175.724 112.603 0.15
    endloop
  endfacet
  facet normal 0 0 1
    outer loop
      vertex 183.1 108.2 0.15
      vertex 176.5 112.5 0.15
      vertex 176.75 97.5996 0.15
    endloop
  endfacet
  facet normal 0 0 1
    outer loop
      vertex 179.5 42.5 0.15
      vertex 183.7 46.9004 0.15
      vertex 181.5 46.9004 0.15
    endloop
  endfacet
  facet normal 0 0 1
    outer loop
      vertex 179.475 42.1084 0.15
      vertex 183.7 46.9004 0.15
      vertex 179.5 42.5 0.15
    endloop
  endfacet
  facet normal -0 0 1
    outer loop
      vertex 183.1 83.5 0.15
      vertex 185.1 71.0996 0.15
      vertex 185.3 83.5 0.15
    endloop
  endfacet
  facet normal 0 0 1
    outer loop
      vertex 185.1 71.0996 0.15
      vertex 183.1 83.5 0.15
      vertex 182.9 71.0996 0.15
    endloop
  endfacet
  facet normal -0 0 1
    outer loop
      vertex 184.25 46.9004 0.15
      vertex 185.3 36.0996 0.15
      vertex 185.5 46.9004 0.15
    endloop
  endfacet
  facet normal 0 0 1
    outer loop
      vertex 185.3 36.0996 0.15
      vertex 184.25 46.9004 0.15
      vertex 184.05 36.0996 0.15
    endloop
  endfacet
  facet normal 0 0 1
    outer loop
      vertex 180.75 97.5996 0.15
      vertex 185.3 108.2 0.15
      vertex 183.1 108.2 0.15
    endloop
  endfacet
  facet normal 0 0 1
    outer loop
      vertex 185.3 108.2 0.15
      vertex 180.75 97.5996 0.15
      vertex 185.3 85.7002 0.15
    endloop
  endfacet
  facet normal 0 0 1
    outer loop
      vertex 185.3 83.5 0.15
      vertex 185.85 83.5 0.15
      vertex 185.3 85.7002 0.15
    endloop
  endfacet
  facet normal 0 0 1
    outer loop
      vertex 179.475 115.108 0.15
      vertex 185.5 122.4 0.15
      vertex 184.25 122.4 0.15
    endloop
  endfacet
  facet normal 0 0 1
    outer loop
      vertex 183.7 122.4 0.15
      vertex 184.25 122.4 0.15
      vertex 183.7 124.6 0.15
    endloop
  endfacet
  facet normal 0 0 1
    outer loop
      vertex 179.475 115.108 0.15
      vertex 184.25 122.4 0.15
      vertex 183.7 122.4 0.15
    endloop
  endfacet
  facet normal 0 0 1
    outer loop
      vertex 185.5 122.4 0.15
      vertex 179.475 115.108 0.15
      vertex 185.3 110.4 0.15
    endloop
  endfacet
  facet normal -0 0 1
    outer loop
      vertex 179.397 114.724 0.15
      vertex 183.1 110.4 0.15
      vertex 179.475 115.108 0.15
    endloop
  endfacet
  facet normal -0 0 1
    outer loop
      vertex 180.75 95.4004 0.15
      vertex 185.3 85.7002 0.15
      vertex 180.75 97.5996 0.15
    endloop
  endfacet
  facet normal 0 0 1
    outer loop
      vertex 185.3 85.7002 0.15
      vertex 180.75 95.4004 0.15
      vertex 183.1 85.7002 0.15
    endloop
  endfacet
  facet normal -0 0 1
    outer loop
      vertex 179.5 95.4004 0.15
      vertex 183.1 85.7002 0.15
      vertex 180.75 95.4004 0.15
    endloop
  endfacet
  facet normal 0 0 1
    outer loop
      vertex 185.3 110.4 0.15
      vertex 179.475 115.108 0.15
      vertex 183.1 110.4 0.15
    endloop
  endfacet
  facet normal 0 0 1
    outer loop
      vertex 179.475 115.108 0.15
      vertex 183.7 122.4 0.15
      vertex 181.5 122.4 0.15
    endloop
  endfacet
  facet normal -0 0 1
    outer loop
      vertex 185.85 83.5 0.15
      vertex 186.9 71.0996 0.15
      vertex 187.1 83.5 0.15
    endloop
  endfacet
  facet normal 0 0 1
    outer loop
      vertex 186.9 71.0996 0.15
      vertex 185.85 83.5 0.15
      vertex 185.65 71.0996 0.15
    endloop
  endfacet
  facet normal -0 0 1
    outer loop
      vertex 185.85 108.2 0.15
      vertex 187.1 85.7002 0.15
      vertex 187.1 108.2 0.15
    endloop
  endfacet
  facet normal 0 0 1
    outer loop
      vertex 187.1 85.7002 0.15
      vertex 185.85 108.2 0.15
      vertex 185.85 85.7002 0.15
    endloop
  endfacet
  facet normal 0 0 1
    outer loop
      vertex 187.1 108.2 0.15
      vertex 193.5 130.5 0.15
      vertex 187.1 110.4 0.15
    endloop
  endfacet
  facet normal -0 0 1
    outer loop
      vertex 185.5 122.4 0.15
      vertex 187.1 110.4 0.15
      vertex 193.5 130.5 0.15
    endloop
  endfacet
  facet normal 0 0 1
    outer loop
      vertex 185.3 110.4 0.15
      vertex 185.85 110.4 0.15
      vertex 185.5 122.4 0.15
    endloop
  endfacet
  facet normal 0 0 1
    outer loop
      vertex 185.85 110.4 0.15
      vertex 185.3 110.4 0.15
      vertex 185.85 108.2 0.15
    endloop
  endfacet
  facet normal 0 0 1
    outer loop
      vertex 185.3 108.2 0.15
      vertex 185.85 108.2 0.15
      vertex 185.3 110.4 0.15
    endloop
  endfacet
  facet normal 0 0 1
    outer loop
      vertex 185.85 108.2 0.15
      vertex 185.3 108.2 0.15
      vertex 185.85 85.7002 0.15
    endloop
  endfacet
  facet normal 0 0 1
    outer loop
      vertex 187.1 110.4 0.15
      vertex 185.5 122.4 0.15
      vertex 185.85 110.4 0.15
    endloop
  endfacet
  facet normal 0 0 1
    outer loop
      vertex 185.5 122.4 0.15
      vertex 193.5 130.5 0.15
      vertex 185.5 124.6 0.15
    endloop
  endfacet
  facet normal 0 0 1
    outer loop
      vertex 193.5 130.5 0.15
      vertex 184.25 124.6 0.15
      vertex 185.5 124.6 0.15
    endloop
  endfacet
  facet normal 0 0 1
    outer loop
      vertex 184.25 124.6 0.15
      vertex 183.7 124.6 0.15
      vertex 184.25 122.4 0.15
    endloop
  endfacet
  facet normal 0 0 1
    outer loop
      vertex 193.5 130.5 0.15
      vertex 183.7 124.6 0.15
      vertex 184.25 124.6 0.15
    endloop
  endfacet
  facet normal 0 0 1
    outer loop
      vertex 193.5 130.5 0.15
      vertex 181.5 124.6 0.15
      vertex 183.7 124.6 0.15
    endloop
  endfacet
  facet normal -0 0 1
    outer loop
      vertex 174.5 124.35 0.15
      vertex 181.5 122.4 0.15
      vertex 181.5 124.6 0.15
    endloop
  endfacet
  facet normal -0 0 1
    outer loop
      vertex 176.75 95.4004 0.15
      vertex 183.1 85.7002 0.15
      vertex 178.95 95.4004 0.15
    endloop
  endfacet
  facet normal 0 0 1
    outer loop
      vertex 180.75 56.9004 0.15
      vertex 182.9 71.0996 0.15
      vertex 180.75 59.0996 0.15
    endloop
  endfacet
  facet normal 0 0 1
    outer loop
      vertex 182.9 71.0996 0.15
      vertex 180.75 56.9004 0.15
      vertex 181.5 49.0996 0.15
    endloop
  endfacet
  facet normal -0 0 1
    outer loop
      vertex 178.95 95.4004 0.15
      vertex 183.1 85.7002 0.15
      vertex 179.5 95.4004 0.15
    endloop
  endfacet
  facet normal 0 0 1
    outer loop
      vertex 179.475 115.108 0.15
      vertex 181.5 122.4 0.15
      vertex 179.5 115.5 0.15
    endloop
  endfacet
  facet normal 0 0 1
    outer loop
      vertex 181.5 122.4 0.15
      vertex 179.475 115.892 0.15
      vertex 179.5 115.5 0.15
    endloop
  endfacet
  facet normal 0 0 1
    outer loop
      vertex 181.5 122.4 0.15
      vertex 179.397 116.276 0.15
      vertex 179.475 115.892 0.15
    endloop
  endfacet
  facet normal 0 0 1
    outer loop
      vertex 181.5 122.4 0.15
      vertex 179.271 116.648 0.15
      vertex 179.397 116.276 0.15
    endloop
  endfacet
  facet normal 0 0 1
    outer loop
      vertex 181.5 122.4 0.15
      vertex 179.098 117 0.15
      vertex 179.271 116.648 0.15
    endloop
  endfacet
  facet normal 0 0 1
    outer loop
      vertex 181.5 122.4 0.15
      vertex 178.88 117.326 0.15
      vertex 179.098 117 0.15
    endloop
  endfacet
  facet normal 0 0 1
    outer loop
      vertex 181.5 122.4 0.15
      vertex 178.621 117.621 0.15
      vertex 178.88 117.326 0.15
    endloop
  endfacet
  facet normal 0 0 1
    outer loop
      vertex 181.5 122.4 0.15
      vertex 178.326 117.88 0.15
      vertex 178.621 117.621 0.15
    endloop
  endfacet
  facet normal 0 0 1
    outer loop
      vertex 181.5 122.4 0.15
      vertex 178 118.098 0.15
      vertex 178.326 117.88 0.15
    endloop
  endfacet
  facet normal 0 0 1
    outer loop
      vertex 181.5 122.4 0.15
      vertex 177.648 118.271 0.15
      vertex 178 118.098 0.15
    endloop
  endfacet
  facet normal 0 0 1
    outer loop
      vertex 181.5 122.4 0.15
      vertex 177.276 118.397 0.15
      vertex 177.648 118.271 0.15
    endloop
  endfacet
  facet normal 0 0 1
    outer loop
      vertex 174.5 122.15 0.15
      vertex 181.5 122.4 0.15
      vertex 174.5 124.35 0.15
    endloop
  endfacet
  facet normal -0 0 1
    outer loop
      vertex 174.5 122.15 0.15
      vertex 177.276 118.397 0.15
      vertex 181.5 122.4 0.15
    endloop
  endfacet
  facet normal 0 0 1
    outer loop
      vertex 177.276 118.397 0.15
      vertex 174.5 122.15 0.15
      vertex 176.892 118.475 0.15
    endloop
  endfacet
  facet normal 0 0 1
    outer loop
      vertex 176.892 118.475 0.15
      vertex 174.5 122.15 0.15
      vertex 176.5 118.5 0.15
    endloop
  endfacet
  facet normal 0 0 1
    outer loop
      vertex 176.5 118.5 0.15
      vertex 174.5 122.15 0.15
      vertex 176.108 118.475 0.15
    endloop
  endfacet
  facet normal 0 0 1
    outer loop
      vertex 176.108 118.475 0.15
      vertex 174.5 122.15 0.15
      vertex 175.724 118.397 0.15
    endloop
  endfacet
  facet normal 0 0 1
    outer loop
      vertex 175.724 118.397 0.15
      vertex 174.5 122.15 0.15
      vertex 175.352 118.271 0.15
    endloop
  endfacet
  facet normal 0 0 1
    outer loop
      vertex 175.352 118.271 0.15
      vertex 174.5 122.15 0.15
      vertex 175 118.098 0.15
    endloop
  endfacet
  facet normal -0 0 1
    outer loop
      vertex 166.7 127.95 0.15
      vertex 181.5 124.6 0.15
      vertex 193.5 130.5 0.15
    endloop
  endfacet
  facet normal 0 0 1
    outer loop
      vertex 181.5 124.6 0.15
      vertex 166.7 127.95 0.15
      vertex 174.5 124.35 0.15
    endloop
  endfacet
  facet normal 0 0 1
    outer loop
      vertex 173.25 124.35 0.15
      vertex 172.7 124.35 0.15
      vertex 173.25 122.15 0.15
    endloop
  endfacet
  facet normal 0 0 1
    outer loop
      vertex 174.5 124.35 0.15
      vertex 166.7 127.95 0.15
      vertex 173.25 124.35 0.15
    endloop
  endfacet
  facet normal 0 0 1
    outer loop
      vertex 173.25 124.35 0.15
      vertex 166.7 127.95 0.15
      vertex 172.7 124.35 0.15
    endloop
  endfacet
  facet normal -0 0 1
    outer loop
      vertex 166.7 124.55 0.15
      vertex 170.5 124.35 0.15
      vertex 166.7 127.95 0.15
    endloop
  endfacet
  facet normal 0 0 1
    outer loop
      vertex 170.85 85.7002 0.15
      vertex 170.3 85.7002 0.15
      vertex 170.85 83.5 0.15
    endloop
  endfacet
  facet normal 0 0 1
    outer loop
      vertex 170.5 122.15 0.15
      vertex 170.3 110.4 0.15
      vertex 170.3 108.2 0.15
    endloop
  endfacet
  facet normal 0 0 1
    outer loop
      vertex 170.5 122.15 0.15
      vertex 168.1 110.4 0.15
      vertex 170.3 110.4 0.15
    endloop
  endfacet
  facet normal 0 0 1
    outer loop
      vertex 170.5 122.15 0.15
      vertex 166.7 124.55 0.15
      vertex 168.1 110.4 0.15
    endloop
  endfacet
  facet normal 0 0 1
    outer loop
      vertex 163.25 95.4004 0.15
      vertex 168.1 110.4 0.15
      vertex 166.7 124.55 0.15
    endloop
  endfacet
  facet normal 0 0 1
    outer loop
      vertex 168.1 110.4 0.15
      vertex 163.25 95.4004 0.15
      vertex 168.1 108.2 0.15
    endloop
  endfacet
  facet normal 0 0 1
    outer loop
      vertex 170.3 85.7002 0.15
      vertex 163.25 95.4004 0.15
      vertex 168.1 85.7002 0.15
    endloop
  endfacet
  facet normal 0 0 1
    outer loop
      vertex 158.2 85.7002 0.15
      vertex 163.25 95.4004 0.15
      vertex 162 95.4004 0.15
    endloop
  endfacet
  facet normal 0 0 1
    outer loop
      vertex 170.5 124.35 0.15
      vertex 166.7 124.55 0.15
      vertex 170.5 122.15 0.15
    endloop
  endfacet
  facet normal 0 0 1
    outer loop
      vertex 172.7 124.35 0.15
      vertex 166.7 127.95 0.15
      vertex 170.5 124.35 0.15
    endloop
  endfacet
  facet normal 0 0 1
    outer loop
      vertex 193.5 130.5 0.15
      vertex 165.2 127.95 0.15
      vertex 166.7 127.95 0.15
    endloop
  endfacet
  facet normal -0 0 1
    outer loop
      vertex 160 127.95 0.15
      vertex 165.2 124.55 0.15
      vertex 165.2 127.95 0.15
    endloop
  endfacet
  facet normal 0 0 1
    outer loop
      vertex 165.2 124.55 0.15
      vertex 163.1 122.25 0.15
      vertex 164.1 122.25 0.15
    endloop
  endfacet
  facet normal 0 0 1
    outer loop
      vertex 163.1 122.25 0.15
      vertex 162.1 122.25 0.15
      vertex 163.1 118.75 0.15
    endloop
  endfacet
  facet normal 0 0 1
    outer loop
      vertex 165.2 124.55 0.15
      vertex 162.1 122.25 0.15
      vertex 163.1 122.25 0.15
    endloop
  endfacet
  facet normal 0 0 1
    outer loop
      vertex 160 124.55 0.15
      vertex 165.2 124.55 0.15
      vertex 160 127.95 0.15
    endloop
  endfacet
  facet normal 0 0 1
    outer loop
      vertex 162.1 122.25 0.15
      vertex 160 124.55 0.15
      vertex 161.1 122.25 0.15
    endloop
  endfacet
  facet normal 0 0 1
    outer loop
      vertex 165.2 124.55 0.15
      vertex 160 124.55 0.15
      vertex 162.1 122.25 0.15
    endloop
  endfacet
  facet normal 0 0 1
    outer loop
      vertex 193.5 130.5 0.15
      vertex 160 127.95 0.15
      vertex 165.2 127.95 0.15
    endloop
  endfacet
  facet normal 0 0 1
    outer loop
      vertex 193.5 130.5 0.15
      vertex 158.5 127.95 0.15
      vertex 160 127.95 0.15
    endloop
  endfacet
  facet normal -0 0 1
    outer loop
      vertex 156 124.6 0.15
      vertex 158.5 124.55 0.15
      vertex 158.5 127.95 0.15
    endloop
  endfacet
  facet normal 0 0 1
    outer loop
      vertex 161.1 122.25 0.15
      vertex 156 122.4 0.15
      vertex 161.1 118.75 0.15
    endloop
  endfacet
  facet normal -0 0 1
    outer loop
      vertex 156.4 110.1 0.15
      vertex 156.95 107.9 0.15
      vertex 156.95 110.1 0.15
    endloop
  endfacet
  facet normal 0 0 1
    outer loop
      vertex 156.4 107.9 0.15
      vertex 156.95 107.9 0.15
      vertex 156.4 110.1 0.15
    endloop
  endfacet
  facet normal 0 0 1
    outer loop
      vertex 154.2 110.1 0.15
      vertex 144.3 108.2 0.15
      vertex 154.2 107.9 0.15
    endloop
  endfacet
  facet normal 0 0 1
    outer loop
      vertex 161.1 118.75 0.15
      vertex 156.95 110.1 0.15
      vertex 158.2 110.1 0.15
    endloop
  endfacet
  facet normal 0 0 1
    outer loop
      vertex 161.1 118.75 0.15
      vertex 156.4 110.1 0.15
      vertex 156.95 110.1 0.15
    endloop
  endfacet
  facet normal 0 0 1
    outer loop
      vertex 158.5 127.95 0.15
      vertex 154.75 124.6 0.15
      vertex 156 124.6 0.15
    endloop
  endfacet
  facet normal 0 0 1
    outer loop
      vertex 154.75 124.6 0.15
      vertex 154.2 124.6 0.15
      vertex 154.75 122.4 0.15
    endloop
  endfacet
  facet normal 0 0 1
    outer loop
      vertex 158.5 127.95 0.15
      vertex 154.2 124.6 0.15
      vertex 154.75 124.6 0.15
    endloop
  endfacet
  facet normal 0 0 1
    outer loop
      vertex 158.5 127.95 0.15
      vertex 152 124.6 0.15
      vertex 154.2 124.6 0.15
    endloop
  endfacet
  facet normal -0 0 1
    outer loop
      vertex 144.1 124.6 0.15
      vertex 152 122.4 0.15
      vertex 152 124.6 0.15
    endloop
  endfacet
  facet normal 0 0 1
    outer loop
      vertex 153.5 69.4004 0.15
      vertex 144.5 36.0996 0.15
      vertex 152.5 49.0996 0.15
    endloop
  endfacet
  facet normal 0 0 1
    outer loop
      vertex 144.1 122.4 0.15
      vertex 152 122.4 0.15
      vertex 144.1 124.6 0.15
    endloop
  endfacet
  facet normal 0 0 1
    outer loop
      vertex 158.5 127.95 0.15
      vertex 144.1 124.6 0.15
      vertex 152 124.6 0.15
    endloop
  endfacet
  facet normal 0 0 1
    outer loop
      vertex 158.5 127.95 0.15
      vertex 142.85 124.6 0.15
      vertex 144.1 124.6 0.15
    endloop
  endfacet
  facet normal -0 0 1
    outer loop
      vertex 142.3 124.6 0.15
      vertex 142.85 122.4 0.15
      vertex 142.85 124.6 0.15
    endloop
  endfacet
  facet normal 0 0 1
    outer loop
      vertex 142.3 122.4 0.15
      vertex 142.85 122.4 0.15
      vertex 142.3 124.6 0.15
    endloop
  endfacet
  facet normal 0 0 1
    outer loop
      vertex 158.5 127.95 0.15
      vertex 142.3 124.6 0.15
      vertex 142.85 124.6 0.15
    endloop
  endfacet
  facet normal 0 0 1
    outer loop
      vertex 158.5 127.95 0.15
      vertex 140.1 124.6 0.15
      vertex 142.3 124.6 0.15
    endloop
  endfacet
  facet normal -0 0 1
    outer loop
      vertex 130.3 124.6 0.15
      vertex 140.1 122.4 0.15
      vertex 140.1 124.6 0.15
    endloop
  endfacet
  facet normal 0 0 1
    outer loop
      vertex 140.125 71.0996 0.15
      vertex 138.25 58.8496 0.15
      vertex 140.125 68.9004 0.15
    endloop
  endfacet
  facet normal 0 0 1
    outer loop
      vertex 140.1 122.4 0.15
      vertex 138.25 97.0996 0.15
      vertex 138.25 94.9004 0.15
    endloop
  endfacet
  facet normal 0 0 1
    outer loop
      vertex 140.1 122.4 0.15
      vertex 130.4 110.4 0.15
      vertex 138.25 97.0996 0.15
    endloop
  endfacet
  facet normal 0 0 1
    outer loop
      vertex 136.45 94.9004 0.15
      vertex 137 94.9004 0.15
      vertex 137 97.0996 0.15
    endloop
  endfacet
  facet normal 0 0 1
    outer loop
      vertex 140.3 85.7002 0.15
      vertex 130.4 85.7002 0.15
      vertex 140.3 83.5 0.15
    endloop
  endfacet
  facet normal 0 0 1
    outer loop
      vertex 136.45 94.9004 0.15
      vertex 137 97.0996 0.15
      vertex 136.45 97.0996 0.15
    endloop
  endfacet
  facet normal -0 0 1
    outer loop
      vertex 130.4 108.2 0.15
      vertex 138.25 97.0996 0.15
      vertex 130.4 110.4 0.15
    endloop
  endfacet
  facet normal 0 0 1
    outer loop
      vertex 138.25 97.0996 0.15
      vertex 130.4 108.2 0.15
      vertex 137 97.0996 0.15
    endloop
  endfacet
  facet normal 0 0 1
    outer loop
      vertex 136.45 97.0996 0.15
      vertex 130.4 108.2 0.15
      vertex 134.25 97.0996 0.15
    endloop
  endfacet
  facet normal -0 0 1
    outer loop
      vertex 129.15 108.2 0.15
      vertex 134.25 97.0996 0.15
      vertex 130.4 108.2 0.15
    endloop
  endfacet
  facet normal 0 0 1
    outer loop
      vertex 134.25 97.0996 0.15
      vertex 130.4 85.7002 0.15
      vertex 134.25 94.9004 0.15
    endloop
  endfacet
  facet normal 0 0 1
    outer loop
      vertex 134.25 58.8496 0.15
      vertex 130.9 36.0996 0.15
      vertex 134.25 56.6504 0.15
    endloop
  endfacet
  facet normal 0 0 1
    outer loop
      vertex 137 97.0996 0.15
      vertex 130.4 108.2 0.15
      vertex 136.45 97.0996 0.15
    endloop
  endfacet
  facet normal 0 0 1
    outer loop
      vertex 130.3 122.4 0.15
      vertex 140.1 122.4 0.15
      vertex 130.3 124.6 0.15
    endloop
  endfacet
  facet normal 0 0 1
    outer loop
      vertex 158.5 127.95 0.15
      vertex 130.3 124.6 0.15
      vertex 140.1 124.6 0.15
    endloop
  endfacet
  facet normal 0 0 1
    outer loop
      vertex 158.5 127.95 0.15
      vertex 129.05 124.6 0.15
      vertex 130.3 124.6 0.15
    endloop
  endfacet
  facet normal -0 0 1
    outer loop
      vertex 128.5 124.6 0.15
      vertex 129.05 122.4 0.15
      vertex 129.05 124.6 0.15
    endloop
  endfacet
  facet normal 0 0 1
    outer loop
      vertex 128.6 85.7002 0.15
      vertex 129.05 122.4 0.15
      vertex 128.6 108.2 0.15
    endloop
  endfacet
  facet normal 0 0 1
    outer loop
      vertex 128.6 108.2 0.15
      vertex 129.05 122.4 0.15
      vertex 128.6 110.4 0.15
    endloop
  endfacet
  facet normal 0 0 1
    outer loop
      vertex 128.5 122.4 0.15
      vertex 129.05 122.4 0.15
      vertex 128.5 124.6 0.15
    endloop
  endfacet
  facet normal 0 0 1
    outer loop
      vertex 93.5 130.5 0.15
      vertex 129.05 124.6 0.15
      vertex 158.5 127.95 0.15
    endloop
  endfacet
  facet normal 0 0 1
    outer loop
      vertex 129.05 124.6 0.15
      vertex 93.5 130.5 0.15
      vertex 128.5 124.6 0.15
    endloop
  endfacet
  facet normal 0 0 1
    outer loop
      vertex 115.9 122.9 0.15
      vertex 126.3 124.6 0.15
      vertex 115.9 125.1 0.15
    endloop
  endfacet
  facet normal 0 0 1
    outer loop
      vertex 126.4 71.0996 0.15
      vertex 121.75 58.8496 0.15
      vertex 126.4 68.9004 0.15
    endloop
  endfacet
  facet normal 0 0 1
    outer loop
      vertex 126.3 122.4 0.15
      vertex 122.5 97.0996 0.15
      vertex 122.5 94.9004 0.15
    endloop
  endfacet
  facet normal 0 0 1
    outer loop
      vertex 116.5 107.9 0.15
      vertex 126.3 122.4 0.15
      vertex 116.5 110.1 0.15
    endloop
  endfacet
  facet normal 0 0 1
    outer loop
      vertex 121.25 97.0996 0.15
      vertex 120.7 97.0996 0.15
      vertex 121.25 94.9004 0.15
    endloop
  endfacet
  facet normal 0 0 1
    outer loop
      vertex 122.5 97.0996 0.15
      vertex 116.5 107.9 0.15
      vertex 121.25 97.0996 0.15
    endloop
  endfacet
  facet normal 0 0 1
    outer loop
      vertex 121.25 97.0996 0.15
      vertex 116.5 107.9 0.15
      vertex 120.7 97.0996 0.15
    endloop
  endfacet
  facet normal 0 0 1
    outer loop
      vertex 116 85.5996 0.15
      vertex 118.5 94.9004 0.15
      vertex 118.5 97.0996 0.15
    endloop
  endfacet
  facet normal -0 0 1
    outer loop
      vertex 115.25 107.9 0.15
      vertex 118.5 97.0996 0.15
      vertex 116.5 107.9 0.15
    endloop
  endfacet
  facet normal 0 0 1
    outer loop
      vertex 120.7 97.0996 0.15
      vertex 116.5 107.9 0.15
      vertex 118.5 97.0996 0.15
    endloop
  endfacet
  facet normal 0 0 1
    outer loop
      vertex 126.3 122.4 0.15
      vertex 116.5 107.9 0.15
      vertex 122.5 97.0996 0.15
    endloop
  endfacet
  facet normal 0 0 1
    outer loop
      vertex 126.3 124.6 0.15
      vertex 115.9 122.9 0.15
      vertex 126.3 122.4 0.15
    endloop
  endfacet
  facet normal 0 0 1
    outer loop
      vertex 128.5 124.6 0.15
      vertex 93.5 130.5 0.15
      vertex 126.3 124.6 0.15
    endloop
  endfacet
  facet normal -0 0 1
    outer loop
      vertex 93.5 130.5 0.15
      vertex 158.5 127.95 0.15
      vertex 193.5 130.5 0.15
    endloop
  endfacet
  facet normal 0 0 1
    outer loop
      vertex 126.3 124.6 0.15
      vertex 93.5 130.5 0.15
      vertex 115.9 125.1 0.15
    endloop
  endfacet
  facet normal 0 0 1
    outer loop
      vertex 114.65 125.1 0.15
      vertex 114.1 125.1 0.15
      vertex 114.65 122.9 0.15
    endloop
  endfacet
  facet normal 0 0 1
    outer loop
      vertex 115.9 125.1 0.15
      vertex 93.5 130.5 0.15
      vertex 114.65 125.1 0.15
    endloop
  endfacet
  facet normal 0 0 1
    outer loop
      vertex 114.65 125.1 0.15
      vertex 93.5 130.5 0.15
      vertex 114.1 125.1 0.15
    endloop
  endfacet
  facet normal 0 0 1
    outer loop
      vertex 105.4 122.9 0.15
      vertex 111.9 122.9 0.15
      vertex 111.9 125.1 0.15
    endloop
  endfacet
  facet normal 0 0 1
    outer loop
      vertex 114.7 110.1 0.15
      vertex 111.098 114 0.15
      vertex 112.5 110.1 0.15
    endloop
  endfacet
  facet normal -0 0 1
    outer loop
      vertex 110.88 113.674 0.15
      vertex 112.5 110.1 0.15
      vertex 111.098 114 0.15
    endloop
  endfacet
  facet normal 0 0 1
    outer loop
      vertex 111.9 122.9 0.15
      vertex 111.475 115.892 0.15
      vertex 111.5 115.5 0.15
    endloop
  endfacet
  facet normal 0 0 1
    outer loop
      vertex 111.9 122.9 0.15
      vertex 111.397 116.276 0.15
      vertex 111.475 115.892 0.15
    endloop
  endfacet
  facet normal 0 0 1
    outer loop
      vertex 111.9 122.9 0.15
      vertex 111.271 116.648 0.15
      vertex 111.397 116.276 0.15
    endloop
  endfacet
  facet normal 0 0 1
    outer loop
      vertex 111.9 122.9 0.15
      vertex 111.098 117 0.15
      vertex 111.271 116.648 0.15
    endloop
  endfacet
  facet normal 0 0 1
    outer loop
      vertex 111.9 122.9 0.15
      vertex 110.88 117.326 0.15
      vertex 111.098 117 0.15
    endloop
  endfacet
  facet normal 0 0 1
    outer loop
      vertex 111.9 122.9 0.15
      vertex 110.621 117.621 0.15
      vertex 110.88 117.326 0.15
    endloop
  endfacet
  facet normal 0 0 1
    outer loop
      vertex 111.9 122.9 0.15
      vertex 110.326 117.88 0.15
      vertex 110.621 117.621 0.15
    endloop
  endfacet
  facet normal 0 0 1
    outer loop
      vertex 111.9 122.9 0.15
      vertex 110 118.098 0.15
      vertex 110.326 117.88 0.15
    endloop
  endfacet
  facet normal 0 0 1
    outer loop
      vertex 111.9 122.9 0.15
      vertex 109.648 118.271 0.15
      vertex 110 118.098 0.15
    endloop
  endfacet
  facet normal 0 0 1
    outer loop
      vertex 111.9 122.9 0.15
      vertex 109.276 118.397 0.15
      vertex 109.648 118.271 0.15
    endloop
  endfacet
  facet normal 0 0 1
    outer loop
      vertex 111.9 122.9 0.15
      vertex 108.892 118.475 0.15
      vertex 109.276 118.397 0.15
    endloop
  endfacet
  facet normal 0 -0 1
    outer loop
      vertex 108.5 118.5 0.15
      vertex 111.9 122.9 0.15
      vertex 105.4 122.9 0.15
    endloop
  endfacet
  facet normal 0 0 1
    outer loop
      vertex 111.9 122.9 0.15
      vertex 108.5 118.5 0.15
      vertex 108.892 118.475 0.15
    endloop
  endfacet
  facet normal 0 0 1
    outer loop
      vertex 108.5 118.5 0.15
      vertex 105.4 122.9 0.15
      vertex 108.108 118.475 0.15
    endloop
  endfacet
  facet normal 0 0 1
    outer loop
      vertex 108.108 118.475 0.15
      vertex 105.4 122.9 0.15
      vertex 107.724 118.397 0.15
    endloop
  endfacet
  facet normal 0 0 1
    outer loop
      vertex 107.724 118.397 0.15
      vertex 105.4 122.9 0.15
      vertex 107.352 118.271 0.15
    endloop
  endfacet
  facet normal 0 0 1
    outer loop
      vertex 107.352 118.271 0.15
      vertex 105.4 122.9 0.15
      vertex 107 118.098 0.15
    endloop
  endfacet
  facet normal 0 0 1
    outer loop
      vertex 107 118.098 0.15
      vertex 105.4 122.9 0.15
      vertex 106.674 117.88 0.15
    endloop
  endfacet
  facet normal -0 0 1
    outer loop
      vertex 104.15 122.9 0.15
      vertex 106.674 117.88 0.15
      vertex 105.4 122.9 0.15
    endloop
  endfacet
  facet normal 0 0 1
    outer loop
      vertex 105.902 117 0.15
      vertex 101.987 117.125 0.15
      vertex 105.729 116.648 0.15
    endloop
  endfacet
  facet normal 0 0 1
    outer loop
      vertex 106.12 117.326 0.15
      vertex 101.987 117.125 0.15
      vertex 105.902 117 0.15
    endloop
  endfacet
  facet normal 0 0 1
    outer loop
      vertex 106.379 117.621 0.15
      vertex 101.987 117.125 0.15
      vertex 106.12 117.326 0.15
    endloop
  endfacet
  facet normal 0 0 1
    outer loop
      vertex 104.15 122.9 0.15
      vertex 101.987 117.125 0.15
      vertex 106.379 117.621 0.15
    endloop
  endfacet
  facet normal 0 0 1
    outer loop
      vertex 101.914 117.302 0.15
      vertex 104.15 122.9 0.15
      vertex 103.6 122.9 0.15
    endloop
  endfacet
  facet normal 0 0 1
    outer loop
      vertex 106.674 117.88 0.15
      vertex 104.15 122.9 0.15
      vertex 106.379 117.621 0.15
    endloop
  endfacet
  facet normal 0 0 1
    outer loop
      vertex 105.4 122.9 0.15
      vertex 111.9 125.1 0.15
      vertex 105.4 125.1 0.15
    endloop
  endfacet
  facet normal 0 0 1
    outer loop
      vertex 114.1 125.1 0.15
      vertex 93.5 130.5 0.15
      vertex 111.9 125.1 0.15
    endloop
  endfacet
  facet normal 0 0 1
    outer loop
      vertex 111.9 125.1 0.15
      vertex 93.5 130.5 0.15
      vertex 105.4 125.1 0.15
    endloop
  endfacet
  facet normal 0 0 1
    outer loop
      vertex 103.6 122.9 0.15
      vertex 104.15 122.9 0.15
      vertex 104.15 125.1 0.15
    endloop
  endfacet
  facet normal 0 0 1
    outer loop
      vertex 105.603 116.276 0.15
      vertex 101.987 115.875 0.15
      vertex 105.525 115.892 0.15
    endloop
  endfacet
  facet normal 0 0 1
    outer loop
      vertex 104.15 110.267 0.15
      vertex 103.6 110.267 0.15
      vertex 104.15 108.066 0.15
    endloop
  endfacet
  facet normal 0 0 1
    outer loop
      vertex 101.525 105.125 0.15
      vertex 104.15 108.066 0.15
      vertex 103.6 108.066 0.15
    endloop
  endfacet
  facet normal 0 0 1
    outer loop
      vertex 101.506 103.779 0.15
      vertex 105.4 108.066 0.15
      vertex 101.525 103.875 0.15
    endloop
  endfacet
  facet normal 0 0 1
    outer loop
      vertex 103.6 93.2334 0.15
      vertex 104.15 93.2334 0.15
      vertex 103.6 95.4336 0.15
    endloop
  endfacet
  facet normal 0 0 1
    outer loop
      vertex 101.525 91.125 0.15
      vertex 104.15 93.2334 0.15
      vertex 103.6 93.2334 0.15
    endloop
  endfacet
  facet normal 0 0 1
    outer loop
      vertex 105.4 93.2334 0.15
      vertex 101.506 89.7793 0.15
      vertex 112 85.5996 0.15
    endloop
  endfacet
  facet normal 0 0 1
    outer loop
      vertex 104.15 80.5996 0.15
      vertex 103.6 80.5996 0.15
      vertex 104.15 78.4004 0.15
    endloop
  endfacet
  facet normal 0 0 1
    outer loop
      vertex 103.6 78.4004 0.15
      vertex 104.15 78.4004 0.15
      vertex 103.6 80.5996 0.15
    endloop
  endfacet
  facet normal 0 0 1
    outer loop
      vertex 101.452 70.502 0.15
      vertex 104.15 78.4004 0.15
      vertex 103.6 78.4004 0.15
    endloop
  endfacet
  facet normal -0 0 1
    outer loop
      vertex 101.525 69.0752 0.15
      vertex 105.4 65.7666 0.15
      vertex 101.525 70.3252 0.15
    endloop
  endfacet
  facet normal 0 0 1
    outer loop
      vertex 103.6 122.9 0.15
      vertex 104.15 125.1 0.15
      vertex 103.6 125.1 0.15
    endloop
  endfacet
  facet normal 0 0 1
    outer loop
      vertex 105.4 125.1 0.15
      vertex 93.5 130.5 0.15
      vertex 104.15 125.1 0.15
    endloop
  endfacet
  facet normal 0 0 1
    outer loop
      vertex 104.15 125.1 0.15
      vertex 93.5 130.5 0.15
      vertex 103.6 125.1 0.15
    endloop
  endfacet
  facet normal 0 0 1
    outer loop
      vertex 93.5 130.5 0.15
      vertex 101.4 122.9 0.15
      vertex 101.4 125.1 0.15
    endloop
  endfacet
  facet normal 0 0 1
    outer loop
      vertex 101.4 122.9 0.15
      vertex 101.017 117.356 0.15
      vertex 101.112 117.375 0.15
    endloop
  endfacet
  facet normal 0 0 1
    outer loop
      vertex 101.4 122.9 0.15
      vertex 98.9082 117.356 0.15
      vertex 101.017 117.356 0.15
    endloop
  endfacet
  facet normal 0 0 1
    outer loop
      vertex 101.017 117.356 0.15
      vertex 98.9082 117.356 0.15
      vertex 100.936 117.302 0.15
    endloop
  endfacet
  facet normal 0 -0 1
    outer loop
      vertex 98.9893 117.302 0.15
      vertex 100.936 117.302 0.15
      vertex 98.9082 117.356 0.15
    endloop
  endfacet
  facet normal 0 0 1
    outer loop
      vertex 99.0625 115.875 0.15
      vertex 100.862 115.875 0.15
      vertex 100.862 117.125 0.15
    endloop
  endfacet
  facet normal 0 0 1
    outer loop
      vertex 100.936 115.698 0.15
      vertex 98.9893 115.698 0.15
      vertex 98.9082 115.644 0.15
    endloop
  endfacet
  facet normal -0 0 1
    outer loop
      vertex 98.8125 115.625 0.15
      vertex 101.4 110.267 0.15
      vertex 98.9082 115.644 0.15
    endloop
  endfacet
  facet normal -0 0 1
    outer loop
      vertex 98.1875 115.625 0.15
      vertex 101.4 110.267 0.15
      vertex 98.8125 115.625 0.15
    endloop
  endfacet
  facet normal 0 0 1
    outer loop
      vertex 101.4 108.066 0.15
      vertex 100.555 105.356 0.15
      vertex 100.65 105.375 0.15
    endloop
  endfacet
  facet normal 0 0 1
    outer loop
      vertex 98.5996 103.875 0.15
      vertex 100.4 103.875 0.15
      vertex 100.4 105.125 0.15
    endloop
  endfacet
  facet normal 0 0 1
    outer loop
      vertex 100.474 91.3018 0.15
      vertex 98.5996 91.125 0.15
      vertex 100.419 91.2207 0.15
    endloop
  endfacet
  facet normal 0 0 1
    outer loop
      vertex 100.4 91.125 0.15
      vertex 98.5996 91.125 0.15
      vertex 100.4 89.875 0.15
    endloop
  endfacet
  facet normal 0 0 1
    outer loop
      vertex 98.5996 89.875 0.15
      vertex 100.4 89.875 0.15
      vertex 98.5996 91.125 0.15
    endloop
  endfacet
  facet normal 0 0 1
    outer loop
      vertex 100.474 84.3018 0.15
      vertex 98.5996 84.125 0.15
      vertex 100.419 84.2207 0.15
    endloop
  endfacet
  facet normal 0 0 1
    outer loop
      vertex 100.4 84.125 0.15
      vertex 98.5996 84.125 0.15
      vertex 100.4 82.875 0.15
    endloop
  endfacet
  facet normal 0 0 1
    outer loop
      vertex 100.474 70.502 0.15
      vertex 98.5996 70.3252 0.15
      vertex 100.419 70.4209 0.15
    endloop
  endfacet
  facet normal 0 0 1
    outer loop
      vertex 100.4 70.3252 0.15
      vertex 98.5996 70.3252 0.15
      vertex 100.4 69.0752 0.15
    endloop
  endfacet
  facet normal 0 0 1
    outer loop
      vertex 98.5996 69.0752 0.15
      vertex 100.4 69.0752 0.15
      vertex 98.5996 70.3252 0.15
    endloop
  endfacet
  facet normal 0 0 1
    outer loop
      vertex 100.474 58.9014 0.15
      vertex 98.5996 58.7246 0.15
      vertex 100.419 58.8203 0.15
    endloop
  endfacet
  facet normal 0 0 1
    outer loop
      vertex 100.862 115.875 0.15
      vertex 99.0625 115.875 0.15
      vertex 99.0439 115.779 0.15
    endloop
  endfacet
  facet normal 0 0 1
    outer loop
      vertex 99.0625 115.875 0.15
      vertex 100.862 117.125 0.15
      vertex 99.0625 117.125 0.15
    endloop
  endfacet
  facet normal 0 0 1
    outer loop
      vertex 100.936 117.302 0.15
      vertex 98.9893 117.302 0.15
      vertex 100.882 117.221 0.15
    endloop
  endfacet
  facet normal 0 0 1
    outer loop
      vertex 100.862 117.125 0.15
      vertex 99.0439 117.221 0.15
      vertex 99.0625 117.125 0.15
    endloop
  endfacet
  facet normal 0 0 1
    outer loop
      vertex 100.882 117.221 0.15
      vertex 99.0439 117.221 0.15
      vertex 100.862 117.125 0.15
    endloop
  endfacet
  facet normal 0 -0 1
    outer loop
      vertex 99.0439 117.221 0.15
      vertex 100.882 117.221 0.15
      vertex 98.9893 117.302 0.15
    endloop
  endfacet
  facet normal 0 0 1
    outer loop
      vertex 101.4 122.9 0.15
      vertex 98.8125 117.375 0.15
      vertex 98.9082 117.356 0.15
    endloop
  endfacet
  facet normal 0 0 1
    outer loop
      vertex 101.4 122.9 0.15
      vertex 98.1875 117.375 0.15
      vertex 98.8125 117.375 0.15
    endloop
  endfacet
  facet normal 0 0 1
    outer loop
      vertex 101.4 122.9 0.15
      vertex 98.0918 117.356 0.15
      vertex 98.1875 117.375 0.15
    endloop
  endfacet
  facet normal 0 0 1
    outer loop
      vertex 101.4 122.9 0.15
      vertex 93.5 130.5 0.15
      vertex 98.0918 117.356 0.15
    endloop
  endfacet
  facet normal 0 0 1
    outer loop
      vertex 98.0918 117.356 0.15
      vertex 93.5 130.5 0.15
      vertex 98.0107 117.302 0.15
    endloop
  endfacet
  facet normal 0 0 1
    outer loop
      vertex 93.5 130.5 0.15
      vertex 97.9375 115.875 0.15
      vertex 97.9375 117.125 0.15
    endloop
  endfacet
  facet normal 0 0 1
    outer loop
      vertex 101.4 110.267 0.15
      vertex 97.6289 105.356 0.15
      vertex 97.7246 105.375 0.15
    endloop
  endfacet
  facet normal 0 0 1
    outer loop
      vertex 98.0107 115.698 0.15
      vertex 97.5479 105.302 0.15
      vertex 97.6289 105.356 0.15
    endloop
  endfacet
  facet normal 0 0 1
    outer loop
      vertex 97.9561 115.779 0.15
      vertex 97.4941 105.221 0.15
      vertex 97.5479 105.302 0.15
    endloop
  endfacet
  facet normal 0 0 1
    outer loop
      vertex 97.9375 115.875 0.15
      vertex 97.4746 105.125 0.15
      vertex 97.4941 105.221 0.15
    endloop
  endfacet
  facet normal 0 0 1
    outer loop
      vertex 93.5 130.5 0.15
      vertex 97.4746 103.875 0.15
      vertex 97.4746 105.125 0.15
    endloop
  endfacet
  facet normal 0 0 1
    outer loop
      vertex 97.4746 103.875 0.15
      vertex 93.5 130.5 0.15
      vertex 97.4746 91.125 0.15
    endloop
  endfacet
  facet normal 0 0 1
    outer loop
      vertex 97.4746 91.125 0.15
      vertex 93.5 130.5 0.15
      vertex 97.4746 89.875 0.15
    endloop
  endfacet
  facet normal 0 0 1
    outer loop
      vertex 97.4746 89.875 0.15
      vertex 93.5 130.5 0.15
      vertex 97.4746 84.125 0.15
    endloop
  endfacet
  facet normal 0 0 1
    outer loop
      vertex 97.4746 84.125 0.15
      vertex 93.5 130.5 0.15
      vertex 97.4746 82.875 0.15
    endloop
  endfacet
  facet normal 0 0 1
    outer loop
      vertex 93.5 30.5 0.15
      vertex 97.4746 82.875 0.15
      vertex 93.5 130.5 0.15
    endloop
  endfacet
  facet normal 0 0 1
    outer loop
      vertex 97.4746 82.875 0.15
      vertex 93.5 30.5 0.15
      vertex 97.4746 70.3252 0.15
    endloop
  endfacet
  facet normal 0 0 1
    outer loop
      vertex 97.4746 70.3252 0.15
      vertex 93.5 30.5 0.15
      vertex 97.4746 69.0752 0.15
    endloop
  endfacet
  facet normal 0 0 1
    outer loop
      vertex 97.4746 58.7246 0.15
      vertex 93.5 30.5 0.15
      vertex 97.4746 57.4746 0.15
    endloop
  endfacet
  facet normal 0 0 1
    outer loop
      vertex 97.4746 57.4746 0.15
      vertex 93.5 30.5 0.15
      vertex 97.4746 47.125 0.15
    endloop
  endfacet
  facet normal 0 0 1
    outer loop
      vertex 97.4746 69.0752 0.15
      vertex 93.5 30.5 0.15
      vertex 97.4746 58.7246 0.15
    endloop
  endfacet
  facet normal 0 0 1
    outer loop
      vertex 97.9375 115.875 0.15
      vertex 93.5 130.5 0.15
      vertex 97.4746 105.125 0.15
    endloop
  endfacet
  facet normal 0 0 1
    outer loop
      vertex 97.9561 117.221 0.15
      vertex 93.5 130.5 0.15
      vertex 97.9375 117.125 0.15
    endloop
  endfacet
  facet normal 0 0 1
    outer loop
      vertex 98.0107 117.302 0.15
      vertex 93.5 130.5 0.15
      vertex 97.9561 117.221 0.15
    endloop
  endfacet
  facet normal 0 0 1
    outer loop
      vertex 103.6 125.1 0.15
      vertex 93.5 130.5 0.15
      vertex 101.4 125.1 0.15
    endloop
  endfacet
  facet normal 0 0 1
    outer loop
      vertex 187.1 85.7002 0.15
      vertex 193.5 130.5 0.15
      vertex 187.1 108.2 0.15
    endloop
  endfacet
  facet normal 0 0 1
    outer loop
      vertex 187.1 83.5 0.15
      vertex 193.5 130.5 0.15
      vertex 187.1 85.7002 0.15
    endloop
  endfacet
  facet normal 0 0 1
    outer loop
      vertex 193.5 130.5 0.15
      vertex 187.1 83.5 0.15
      vertex 193.5 30.5 0.15
    endloop
  endfacet
  facet normal -0 0 1
    outer loop
      vertex 186.9 71.0996 0.15
      vertex 193.5 30.5 0.15
      vertex 187.1 83.5 0.15
    endloop
  endfacet
  facet normal -0 0 1
    outer loop
      vertex 186.9 68.9004 0.15
      vertex 193.5 30.5 0.15
      vertex 186.9 71.0996 0.15
    endloop
  endfacet
  facet normal 0 0 1
    outer loop
      vertex 185.5 49.0996 0.15
      vertex 186.9 68.9004 0.15
      vertex 185.65 68.9004 0.15
    endloop
  endfacet
  facet normal 0 0 1
    outer loop
      vertex 185.3 85.7002 0.15
      vertex 185.85 85.7002 0.15
      vertex 185.3 108.2 0.15
    endloop
  endfacet
  facet normal 0 0 1
    outer loop
      vertex 185.85 85.7002 0.15
      vertex 185.3 85.7002 0.15
      vertex 185.85 83.5 0.15
    endloop
  endfacet
  facet normal 0 0 1
    outer loop
      vertex 186.9 68.9004 0.15
      vertex 185.5 49.0996 0.15
      vertex 193.5 30.5 0.15
    endloop
  endfacet
  facet normal -0 0 1
    outer loop
      vertex 185.5 46.9004 0.15
      vertex 193.5 30.5 0.15
      vertex 185.5 49.0996 0.15
    endloop
  endfacet
  facet normal -0 0 1
    outer loop
      vertex 185.3 36.0996 0.15
      vertex 193.5 30.5 0.15
      vertex 185.5 46.9004 0.15
    endloop
  endfacet
  facet normal -0 0 1
    outer loop
      vertex 185.3 33.9004 0.15
      vertex 193.5 30.5 0.15
      vertex 185.3 36.0996 0.15
    endloop
  endfacet
  facet normal -0 0 1
    outer loop
      vertex 184.05 33.9004 0.15
      vertex 193.5 30.5 0.15
      vertex 185.3 33.9004 0.15
    endloop
  endfacet
  facet normal 0 0 1
    outer loop
      vertex 183.5 36.0996 0.15
      vertex 184.05 36.0996 0.15
      vertex 183.7 46.9004 0.15
    endloop
  endfacet
  facet normal 0 0 1
    outer loop
      vertex 184.05 36.0996 0.15
      vertex 183.5 36.0996 0.15
      vertex 184.05 33.9004 0.15
    endloop
  endfacet
  facet normal 0 0 1
    outer loop
      vertex 183.5 33.9004 0.15
      vertex 184.05 33.9004 0.15
      vertex 183.5 36.0996 0.15
    endloop
  endfacet
  facet normal -0 0 1
    outer loop
      vertex 183.5 33.9004 0.15
      vertex 193.5 30.5 0.15
      vertex 184.05 33.9004 0.15
    endloop
  endfacet
  facet normal -0 0 1
    outer loop
      vertex 181.3 33.9004 0.15
      vertex 193.5 30.5 0.15
      vertex 183.5 33.9004 0.15
    endloop
  endfacet
  facet normal -0 0 1
    outer loop
      vertex 179.5 56.9004 0.15
      vertex 181.5 49.0996 0.15
      vertex 180.75 56.9004 0.15
    endloop
  endfacet
  facet normal 0 0 1
    outer loop
      vertex 179.5 42.5 0.15
      vertex 181.5 49.0996 0.15
      vertex 179.5 56.9004 0.15
    endloop
  endfacet
  facet normal 0 0 1
    outer loop
      vertex 183.7 46.9004 0.15
      vertex 179.475 42.1084 0.15
      vertex 183.5 36.0996 0.15
    endloop
  endfacet
  facet normal 0 0 1
    outer loop
      vertex 181.5 49.0996 0.15
      vertex 179.5 42.5 0.15
      vertex 181.5 46.9004 0.15
    endloop
  endfacet
  facet normal -0 0 1
    outer loop
      vertex 179.397 41.7236 0.15
      vertex 183.5 36.0996 0.15
      vertex 179.475 42.1084 0.15
    endloop
  endfacet
  facet normal -0 0 1
    outer loop
      vertex 179.271 41.3516 0.15
      vertex 183.5 36.0996 0.15
      vertex 179.397 41.7236 0.15
    endloop
  endfacet
  facet normal -0 0 1
    outer loop
      vertex 179.098 41 0.15
      vertex 183.5 36.0996 0.15
      vertex 179.271 41.3516 0.15
    endloop
  endfacet
  facet normal 0 0 1
    outer loop
      vertex 183.5 36.0996 0.15
      vertex 179.098 41 0.15
      vertex 181.3 36.0996 0.15
    endloop
  endfacet
  facet normal -0 0 1
    outer loop
      vertex 178.88 40.6738 0.15
      vertex 181.3 36.0996 0.15
      vertex 179.098 41 0.15
    endloop
  endfacet
  facet normal -0 0 1
    outer loop
      vertex 178.621 40.3789 0.15
      vertex 181.3 36.0996 0.15
      vertex 178.88 40.6738 0.15
    endloop
  endfacet
  facet normal -0 0 1
    outer loop
      vertex 178.326 40.1201 0.15
      vertex 181.3 36.0996 0.15
      vertex 178.621 40.3789 0.15
    endloop
  endfacet
  facet normal -0 0 1
    outer loop
      vertex 178 39.9023 0.15
      vertex 181.3 36.0996 0.15
      vertex 178.326 40.1201 0.15
    endloop
  endfacet
  facet normal -0 0 1
    outer loop
      vertex 177.648 39.7285 0.15
      vertex 181.3 36.0996 0.15
      vertex 178 39.9023 0.15
    endloop
  endfacet
  facet normal -0 0 1
    outer loop
      vertex 177.276 39.6025 0.15
      vertex 181.3 36.0996 0.15
      vertex 177.648 39.7285 0.15
    endloop
  endfacet
  facet normal -0 0 1
    outer loop
      vertex 176.892 39.5254 0.15
      vertex 181.3 36.0996 0.15
      vertex 177.276 39.6025 0.15
    endloop
  endfacet
  facet normal -0 0 1
    outer loop
      vertex 176.5 39.5 0.15
      vertex 181.3 36.0996 0.15
      vertex 176.892 39.5254 0.15
    endloop
  endfacet
  facet normal 0 0 1
    outer loop
      vertex 181.3 36.0996 0.15
      vertex 176.5 39.5 0.15
      vertex 181.3 33.9004 0.15
    endloop
  endfacet
  facet normal 0 0 1
    outer loop
      vertex 171.7 36.0996 0.15
      vertex 176.5 39.5 0.15
      vertex 176.108 39.5254 0.15
    endloop
  endfacet
  facet normal 0 0 1
    outer loop
      vertex 171.7 36.0996 0.15
      vertex 176.108 39.5254 0.15
      vertex 175.724 39.6025 0.15
    endloop
  endfacet
  facet normal 0 0 1
    outer loop
      vertex 171.7 36.0996 0.15
      vertex 175.724 39.6025 0.15
      vertex 175.352 39.7285 0.15
    endloop
  endfacet
  facet normal 0 0 1
    outer loop
      vertex 171.7 36.0996 0.15
      vertex 175.352 39.7285 0.15
      vertex 175 39.9023 0.15
    endloop
  endfacet
  facet normal 0 0 1
    outer loop
      vertex 171.7 36.0996 0.15
      vertex 175 39.9023 0.15
      vertex 174.674 40.1201 0.15
    endloop
  endfacet
  facet normal 0 0 1
    outer loop
      vertex 171.7 36.0996 0.15
      vertex 174.674 40.1201 0.15
      vertex 174.379 40.3789 0.15
    endloop
  endfacet
  facet normal 0 0 1
    outer loop
      vertex 172.7 122.15 0.15
      vertex 173.25 122.15 0.15
      vertex 172.7 124.35 0.15
    endloop
  endfacet
  facet normal 0 0 1
    outer loop
      vertex 170.85 110.4 0.15
      vertex 173.5 115.5 0.15
      vertex 173.525 115.892 0.15
    endloop
  endfacet
  facet normal 0 0 1
    outer loop
      vertex 173.5 115.5 0.15
      vertex 172.1 110.4 0.15
      vertex 172.1 108.2 0.15
    endloop
  endfacet
  facet normal 0 0 1
    outer loop
      vertex 173.5 115.5 0.15
      vertex 172.1 108.2 0.15
      vertex 172.1 85.7002 0.15
    endloop
  endfacet
  facet normal 0 0 1
    outer loop
      vertex 172.1 83.5 0.15
      vertex 173.5 115.5 0.15
      vertex 172.1 85.7002 0.15
    endloop
  endfacet
  facet normal 0 0 1
    outer loop
      vertex 173.5 115.5 0.15
      vertex 172.1 83.5 0.15
      vertex 173.5 42.5 0.15
    endloop
  endfacet
  facet normal -0 0 1
    outer loop
      vertex 171.575 71.0996 0.15
      vertex 173.5 42.5 0.15
      vertex 172.1 83.5 0.15
    endloop
  endfacet
  facet normal 0 0 1
    outer loop
      vertex 171.7 36.0996 0.15
      vertex 173.525 42.1084 0.15
      vertex 173.5 42.5 0.15
    endloop
  endfacet
  facet normal 0 0 1
    outer loop
      vertex 171.7 36.0996 0.15
      vertex 173.603 41.7236 0.15
      vertex 173.525 42.1084 0.15
    endloop
  endfacet
  facet normal 0 0 1
    outer loop
      vertex 171.7 36.0996 0.15
      vertex 173.729 41.3516 0.15
      vertex 173.603 41.7236 0.15
    endloop
  endfacet
  facet normal 0 0 1
    outer loop
      vertex 171.7 36.0996 0.15
      vertex 173.902 41 0.15
      vertex 173.729 41.3516 0.15
    endloop
  endfacet
  facet normal 0 0 1
    outer loop
      vertex 171.7 36.0996 0.15
      vertex 174.12 40.6738 0.15
      vertex 173.902 41 0.15
    endloop
  endfacet
  facet normal 0 0 1
    outer loop
      vertex 171.7 36.0996 0.15
      vertex 174.379 40.3789 0.15
      vertex 174.12 40.6738 0.15
    endloop
  endfacet
  facet normal 0 0 1
    outer loop
      vertex 176.5 39.5 0.15
      vertex 171.7 36.0996 0.15
      vertex 171.7 33.9004 0.15
    endloop
  endfacet
  facet normal 0 0 1
    outer loop
      vertex 176.5 39.5 0.15
      vertex 171.7 33.9004 0.15
      vertex 181.3 33.9004 0.15
    endloop
  endfacet
  facet normal 0 0 1
    outer loop
      vertex 181.3 33.9004 0.15
      vertex 171.7 33.9004 0.15
      vertex 193.5 30.5 0.15
    endloop
  endfacet
  facet normal -0 0 1
    outer loop
      vertex 170.45 33.9004 0.15
      vertex 193.5 30.5 0.15
      vertex 171.7 33.9004 0.15
    endloop
  endfacet
  facet normal 0 0 1
    outer loop
      vertex 170.3 83.5 0.15
      vertex 170.85 83.5 0.15
      vertex 170.3 85.7002 0.15
    endloop
  endfacet
  facet normal 0 0 1
    outer loop
      vertex 170.85 83.5 0.15
      vertex 170.3 83.5 0.15
      vertex 170.325 71.0996 0.15
    endloop
  endfacet
  facet normal 0 0 1
    outer loop
      vertex 169.775 71.0996 0.15
      vertex 170.325 71.0996 0.15
      vertex 170.3 83.5 0.15
    endloop
  endfacet
  facet normal 0 0 1
    outer loop
      vertex 170.325 71.0996 0.15
      vertex 169.775 71.0996 0.15
      vertex 170.325 68.9004 0.15
    endloop
  endfacet
  facet normal 0 0 1
    outer loop
      vertex 173.5 42.5 0.15
      vertex 170.45 36.0996 0.15
      vertex 171.7 36.0996 0.15
    endloop
  endfacet
  facet normal 0 0 1
    outer loop
      vertex 173.5 42.5 0.15
      vertex 169.9 36.0996 0.15
      vertex 170.45 36.0996 0.15
    endloop
  endfacet
  facet normal 0 0 1
    outer loop
      vertex 170.45 36.0996 0.15
      vertex 169.9 36.0996 0.15
      vertex 170.45 33.9004 0.15
    endloop
  endfacet
  facet normal 0 0 1
    outer loop
      vertex 169.9 33.9004 0.15
      vertex 170.45 33.9004 0.15
      vertex 169.9 36.0996 0.15
    endloop
  endfacet
  facet normal -0 0 1
    outer loop
      vertex 169.9 33.9004 0.15
      vertex 193.5 30.5 0.15
      vertex 170.45 33.9004 0.15
    endloop
  endfacet
  facet normal -0 0 1
    outer loop
      vertex 167.7 33.9004 0.15
      vertex 193.5 30.5 0.15
      vertex 169.9 33.9004 0.15
    endloop
  endfacet
  facet normal 0 0 1
    outer loop
      vertex 164.1 118.75 0.15
      vertex 165.2 124.55 0.15
      vertex 164.1 122.25 0.15
    endloop
  endfacet
  facet normal 0 0 1
    outer loop
      vertex 163.25 97.5996 0.15
      vertex 165.2 124.55 0.15
      vertex 164.1 118.75 0.15
    endloop
  endfacet
  facet normal 0 0 1
    outer loop
      vertex 163.25 95.4004 0.15
      vertex 165.2 124.55 0.15
      vertex 163.25 97.5996 0.15
    endloop
  endfacet
  facet normal 0 0 1
    outer loop
      vertex 169.025 49.0996 0.15
      vertex 163.25 56.9004 0.15
      vertex 168.475 49.0996 0.15
    endloop
  endfacet
  facet normal 0 0 1
    outer loop
      vertex 168.475 49.0996 0.15
      vertex 163.25 56.9004 0.15
      vertex 166.275 49.0996 0.15
    endloop
  endfacet
  facet normal -0 0 1
    outer loop
      vertex 162 56.9004 0.15
      vertex 166.275 49.0996 0.15
      vertex 163.25 56.9004 0.15
    endloop
  endfacet
  facet normal -0 0 1
    outer loop
      vertex 161.45 56.9004 0.15
      vertex 166.275 49.0996 0.15
      vertex 162 56.9004 0.15
    endloop
  endfacet
  facet normal -0 0 1
    outer loop
      vertex 159.25 56.9004 0.15
      vertex 166.275 49.0996 0.15
      vertex 161.45 56.9004 0.15
    endloop
  endfacet
  facet normal 0 0 1
    outer loop
      vertex 157.5 69.4004 0.15
      vertex 167.575 71.0996 0.15
      vertex 157.5 71.5996 0.15
    endloop
  endfacet
  facet normal 0 0 1
    outer loop
      vertex 162 59.0996 0.15
      vertex 161.45 59.0996 0.15
      vertex 162 56.9004 0.15
    endloop
  endfacet
  facet normal 0 0 1
    outer loop
      vertex 161.45 56.9004 0.15
      vertex 162 56.9004 0.15
      vertex 161.45 59.0996 0.15
    endloop
  endfacet
  facet normal 0 0 1
    outer loop
      vertex 166.275 49.0996 0.15
      vertex 159.25 56.9004 0.15
      vertex 166.275 46.9004 0.15
    endloop
  endfacet
  facet normal 0 0 1
    outer loop
      vertex 166.275 46.9004 0.15
      vertex 159.25 56.9004 0.15
      vertex 158.1 36.0996 0.15
    endloop
  endfacet
  facet normal 0 0 1
    outer loop
      vertex 161.45 97.5996 0.15
      vertex 158.2 107.9 0.15
      vertex 159.25 97.5996 0.15
    endloop
  endfacet
  facet normal -0 0 1
    outer loop
      vertex 156.95 107.9 0.15
      vertex 159.25 97.5996 0.15
      vertex 158.2 107.9 0.15
    endloop
  endfacet
  facet normal 0 0 1
    outer loop
      vertex 168.1 83.5 0.15
      vertex 158.2 83.5 0.15
      vertex 167.575 71.0996 0.15
    endloop
  endfacet
  facet normal 0 0 1
    outer loop
      vertex 162 59.0996 0.15
      vertex 157.5 69.4004 0.15
      vertex 161.45 59.0996 0.15
    endloop
  endfacet
  facet normal 0 0 1
    outer loop
      vertex 161.45 59.0996 0.15
      vertex 157.5 69.4004 0.15
      vertex 159.25 59.0996 0.15
    endloop
  endfacet
  facet normal 0 0 1
    outer loop
      vertex 167.7 36.0996 0.15
      vertex 158.1 36.0996 0.15
      vertex 167.7 33.9004 0.15
    endloop
  endfacet
  facet normal 0 0 1
    outer loop
      vertex 158.1 33.9004 0.15
      vertex 167.7 33.9004 0.15
      vertex 158.1 36.0996 0.15
    endloop
  endfacet
  facet normal -0 0 1
    outer loop
      vertex 158.1 33.9004 0.15
      vertex 193.5 30.5 0.15
      vertex 167.7 33.9004 0.15
    endloop
  endfacet
  facet normal -0 0 1
    outer loop
      vertex 156.85 33.9004 0.15
      vertex 193.5 30.5 0.15
      vertex 158.1 33.9004 0.15
    endloop
  endfacet
  facet normal 0 0 1
    outer loop
      vertex 156.3 36.0996 0.15
      vertex 156.85 36.0996 0.15
      vertex 156.5 46.9004 0.15
    endloop
  endfacet
  facet normal 0 0 1
    outer loop
      vertex 156.85 36.0996 0.15
      vertex 156.3 36.0996 0.15
      vertex 156.85 33.9004 0.15
    endloop
  endfacet
  facet normal 0 0 1
    outer loop
      vertex 156.3 33.9004 0.15
      vertex 156.85 33.9004 0.15
      vertex 156.3 36.0996 0.15
    endloop
  endfacet
  facet normal -0 0 1
    outer loop
      vertex 156.3 33.9004 0.15
      vertex 193.5 30.5 0.15
      vertex 156.85 33.9004 0.15
    endloop
  endfacet
  facet normal -0 0 1
    outer loop
      vertex 154.1 33.9004 0.15
      vertex 193.5 30.5 0.15
      vertex 156.3 33.9004 0.15
    endloop
  endfacet
  facet normal 0 0 1
    outer loop
      vertex 152.5 49.0996 0.15
      vertex 144.5 36.0996 0.15
      vertex 152.5 46.9004 0.15
    endloop
  endfacet
  facet normal 0 0 1
    outer loop
      vertex 154.1 36.0996 0.15
      vertex 144.5 36.0996 0.15
      vertex 154.1 33.9004 0.15
    endloop
  endfacet
  facet normal 0 0 1
    outer loop
      vertex 144.5 33.9004 0.15
      vertex 154.1 33.9004 0.15
      vertex 144.5 36.0996 0.15
    endloop
  endfacet
  facet normal -0 0 1
    outer loop
      vertex 144.5 33.9004 0.15
      vertex 193.5 30.5 0.15
      vertex 154.1 33.9004 0.15
    endloop
  endfacet
  facet normal -0 0 1
    outer loop
      vertex 143.25 33.9004 0.15
      vertex 193.5 30.5 0.15
      vertex 144.5 33.9004 0.15
    endloop
  endfacet
  facet normal 0 0 1
    outer loop
      vertex 142.7 33.9004 0.15
      vertex 143.25 33.9004 0.15
      vertex 142.7 36.0996 0.15
    endloop
  endfacet
  facet normal -0 0 1
    outer loop
      vertex 142.7 33.9004 0.15
      vertex 193.5 30.5 0.15
      vertex 143.25 33.9004 0.15
    endloop
  endfacet
  facet normal -0 0 1
    outer loop
      vertex 140.5 33.9004 0.15
      vertex 193.5 30.5 0.15
      vertex 142.7 33.9004 0.15
    endloop
  endfacet
  facet normal -0 0 1
    outer loop
      vertex 138.25 56.6504 0.15
      vertex 141.825 49.0996 0.15
      vertex 138.25 58.8496 0.15
    endloop
  endfacet
  facet normal 0 0 1
    outer loop
      vertex 141.825 49.0996 0.15
      vertex 138.25 56.6504 0.15
      vertex 139.625 49.0996 0.15
    endloop
  endfacet
  facet normal -0 0 1
    outer loop
      vertex 137 56.6504 0.15
      vertex 139.625 49.0996 0.15
      vertex 138.25 56.6504 0.15
    endloop
  endfacet
  facet normal -0 0 1
    outer loop
      vertex 136.45 56.6504 0.15
      vertex 139.625 49.0996 0.15
      vertex 137 56.6504 0.15
    endloop
  endfacet
  facet normal -0 0 1
    outer loop
      vertex 134.25 56.6504 0.15
      vertex 139.625 49.0996 0.15
      vertex 136.45 56.6504 0.15
    endloop
  endfacet
  facet normal 0 0 1
    outer loop
      vertex 140.125 71.0996 0.15
      vertex 136.45 58.8496 0.15
      vertex 137 58.8496 0.15
    endloop
  endfacet
  facet normal 0 0 1
    outer loop
      vertex 137 58.8496 0.15
      vertex 136.45 58.8496 0.15
      vertex 137 56.6504 0.15
    endloop
  endfacet
  facet normal 0 0 1
    outer loop
      vertex 136.45 56.6504 0.15
      vertex 137 56.6504 0.15
      vertex 136.45 58.8496 0.15
    endloop
  endfacet
  facet normal 0 0 1
    outer loop
      vertex 139.625 49.0996 0.15
      vertex 134.25 56.6504 0.15
      vertex 139.625 46.9004 0.15
    endloop
  endfacet
  facet normal 0 0 1
    outer loop
      vertex 139.625 46.9004 0.15
      vertex 134.25 56.6504 0.15
      vertex 130.9 36.0996 0.15
    endloop
  endfacet
  facet normal 0 0 1
    outer loop
      vertex 140.5 36.0996 0.15
      vertex 130.9 36.0996 0.15
      vertex 140.5 33.9004 0.15
    endloop
  endfacet
  facet normal 0 0 1
    outer loop
      vertex 130.9 33.9004 0.15
      vertex 140.5 33.9004 0.15
      vertex 130.9 36.0996 0.15
    endloop
  endfacet
  facet normal 0 0 1
    outer loop
      vertex 93.5 30.5 0.15
      vertex 140.5 33.9004 0.15
      vertex 130.9 33.9004 0.15
    endloop
  endfacet
  facet normal 0 0 1
    outer loop
      vertex 93.5 30.5 0.15
      vertex 130.9 33.9004 0.15
      vertex 129.65 33.9004 0.15
    endloop
  endfacet
  facet normal 0 0 1
    outer loop
      vertex 129.1 33.9004 0.15
      vertex 129.65 33.9004 0.15
      vertex 129.1 36.0996 0.15
    endloop
  endfacet
  facet normal 0 0 1
    outer loop
      vertex 93.5 30.5 0.15
      vertex 129.65 33.9004 0.15
      vertex 129.1 33.9004 0.15
    endloop
  endfacet
  facet normal 0 0 1
    outer loop
      vertex 93.5 30.5 0.15
      vertex 129.1 33.9004 0.15
      vertex 126.9 33.9004 0.15
    endloop
  endfacet
  facet normal 0 0 1
    outer loop
      vertex 134.25 58.8496 0.15
      vertex 121.75 56.6504 0.15
      vertex 128.2 49.0996 0.15
    endloop
  endfacet
  facet normal 0 0 1
    outer loop
      vertex 128.2 49.0996 0.15
      vertex 121.75 56.6504 0.15
      vertex 126 49.0996 0.15
    endloop
  endfacet
  facet normal -0 0 1
    outer loop
      vertex 120.5 56.6504 0.15
      vertex 126 49.0996 0.15
      vertex 121.75 56.6504 0.15
    endloop
  endfacet
  facet normal 0 0 1
    outer loop
      vertex 115 49.0996 0.15
      vertex 120.5 56.6504 0.15
      vertex 119.95 56.6504 0.15
    endloop
  endfacet
  facet normal 0 0 1
    outer loop
      vertex 115 49.0996 0.15
      vertex 119.95 56.6504 0.15
      vertex 117.75 56.6504 0.15
    endloop
  endfacet
  facet normal 0 0 1
    outer loop
      vertex 119.95 56.6504 0.15
      vertex 120.5 56.6504 0.15
      vertex 119.95 58.8496 0.15
    endloop
  endfacet
  facet normal 0 0 1
    outer loop
      vertex 120.5 56.6504 0.15
      vertex 115 49.0996 0.15
      vertex 126 49.0996 0.15
    endloop
  endfacet
  facet normal 0 0 1
    outer loop
      vertex 126 49.0996 0.15
      vertex 115 49.0996 0.15
      vertex 126 46.9004 0.15
    endloop
  endfacet
  facet normal 0 0 1
    outer loop
      vertex 121.25 94.9004 0.15
      vertex 116 85.5996 0.15
      vertex 116 83.4004 0.15
    endloop
  endfacet
  facet normal 0 0 1
    outer loop
      vertex 121.75 58.8496 0.15
      vertex 115.9 69 0.15
      vertex 120.5 58.8496 0.15
    endloop
  endfacet
  facet normal 0 0 1
    outer loop
      vertex 120.5 58.8496 0.15
      vertex 115.9 69 0.15
      vertex 119.95 58.8496 0.15
    endloop
  endfacet
  facet normal 0 0 1
    outer loop
      vertex 119.95 58.8496 0.15
      vertex 115.9 69 0.15
      vertex 117.75 58.8496 0.15
    endloop
  endfacet
  facet normal -0 0 1
    outer loop
      vertex 114.65 69 0.15
      vertex 117.75 58.8496 0.15
      vertex 115.9 69 0.15
    endloop
  endfacet
  facet normal 0 0 1
    outer loop
      vertex 117.75 58.8496 0.15
      vertex 115 49.0996 0.15
      vertex 117.75 56.6504 0.15
    endloop
  endfacet
  facet normal 0 0 1
    outer loop
      vertex 126.9 36.0996 0.15
      vertex 115.9 36.0996 0.15
      vertex 126.9 33.9004 0.15
    endloop
  endfacet
  facet normal 0 0 1
    outer loop
      vertex 115.9 33.9004 0.15
      vertex 126.9 33.9004 0.15
      vertex 115.9 36.0996 0.15
    endloop
  endfacet
  facet normal 0 0 1
    outer loop
      vertex 93.5 30.5 0.15
      vertex 126.9 33.9004 0.15
      vertex 115.9 33.9004 0.15
    endloop
  endfacet
  facet normal 0 0 1
    outer loop
      vertex 93.5 30.5 0.15
      vertex 115.9 33.9004 0.15
      vertex 114.65 33.9004 0.15
    endloop
  endfacet
  facet normal 0 0 1
    outer loop
      vertex 114.1 33.9004 0.15
      vertex 114.65 33.9004 0.15
      vertex 114.1 36.0996 0.15
    endloop
  endfacet
  facet normal 0 0 1
    outer loop
      vertex 93.5 30.5 0.15
      vertex 114.65 33.9004 0.15
      vertex 114.1 33.9004 0.15
    endloop
  endfacet
  facet normal 0 0 1
    outer loop
      vertex 93.5 30.5 0.15
      vertex 114.1 33.9004 0.15
      vertex 111.9 33.9004 0.15
    endloop
  endfacet
  facet normal 0 0 1
    outer loop
      vertex 114.65 36.0996 0.15
      vertex 111.271 41.3516 0.15
      vertex 114.1 36.0996 0.15
    endloop
  endfacet
  facet normal -0 0 1
    outer loop
      vertex 111.098 41 0.15
      vertex 114.1 36.0996 0.15
      vertex 111.271 41.3516 0.15
    endloop
  endfacet
  facet normal -0 0 1
    outer loop
      vertex 110.88 40.6738 0.15
      vertex 114.1 36.0996 0.15
      vertex 111.098 41 0.15
    endloop
  endfacet
  facet normal 0 0 1
    outer loop
      vertex 114.1 36.0996 0.15
      vertex 110.88 40.6738 0.15
      vertex 111.9 36.0996 0.15
    endloop
  endfacet
  facet normal -0 0 1
    outer loop
      vertex 110.621 40.3789 0.15
      vertex 111.9 36.0996 0.15
      vertex 110.88 40.6738 0.15
    endloop
  endfacet
  facet normal -0 0 1
    outer loop
      vertex 110.326 40.1201 0.15
      vertex 111.9 36.0996 0.15
      vertex 110.621 40.3789 0.15
    endloop
  endfacet
  facet normal -0 0 1
    outer loop
      vertex 110 39.9023 0.15
      vertex 111.9 36.0996 0.15
      vertex 110.326 40.1201 0.15
    endloop
  endfacet
  facet normal -0 0 1
    outer loop
      vertex 109.648 39.7285 0.15
      vertex 111.9 36.0996 0.15
      vertex 110 39.9023 0.15
    endloop
  endfacet
  facet normal -0 0 1
    outer loop
      vertex 109.276 39.6025 0.15
      vertex 111.9 36.0996 0.15
      vertex 109.648 39.7285 0.15
    endloop
  endfacet
  facet normal -0 0 1
    outer loop
      vertex 108.892 39.5254 0.15
      vertex 111.9 36.0996 0.15
      vertex 109.276 39.6025 0.15
    endloop
  endfacet
  facet normal -0 0 1
    outer loop
      vertex 108.5 39.5 0.15
      vertex 111.9 36.0996 0.15
      vertex 108.892 39.5254 0.15
    endloop
  endfacet
  facet normal 0 0 1
    outer loop
      vertex 111.9 36.0996 0.15
      vertex 108.5 39.5 0.15
      vertex 105.4 36.0996 0.15
    endloop
  endfacet
  facet normal 0 0 1
    outer loop
      vertex 105.4 36.0996 0.15
      vertex 108.5 39.5 0.15
      vertex 108.108 39.5254 0.15
    endloop
  endfacet
  facet normal 0 0 1
    outer loop
      vertex 105.4 36.0996 0.15
      vertex 108.108 39.5254 0.15
      vertex 107.724 39.6025 0.15
    endloop
  endfacet
  facet normal 0 0 1
    outer loop
      vertex 105.4 36.0996 0.15
      vertex 107.724 39.6025 0.15
      vertex 107.352 39.7285 0.15
    endloop
  endfacet
  facet normal 0 0 1
    outer loop
      vertex 105.4 36.0996 0.15
      vertex 107.352 39.7285 0.15
      vertex 107 39.9023 0.15
    endloop
  endfacet
  facet normal 0 0 1
    outer loop
      vertex 105.4 36.0996 0.15
      vertex 107 39.9023 0.15
      vertex 106.674 40.1201 0.15
    endloop
  endfacet
  facet normal 0 0 1
    outer loop
      vertex 105.4 36.0996 0.15
      vertex 106.674 40.1201 0.15
      vertex 106.379 40.3789 0.15
    endloop
  endfacet
  facet normal 0 0 1
    outer loop
      vertex 105.4 36.0996 0.15
      vertex 106.379 40.3789 0.15
      vertex 106.12 40.6738 0.15
    endloop
  endfacet
  facet normal 0 0 1
    outer loop
      vertex 105.729 116.648 0.15
      vertex 101.987 117.125 0.15
      vertex 105.603 116.276 0.15
    endloop
  endfacet
  facet normal 0 0 1
    outer loop
      vertex 108.5 112.5 0.15
      vertex 105.4 110.267 0.15
      vertex 105.4 108.066 0.15
    endloop
  endfacet
  facet normal 0 0 1
    outer loop
      vertex 112.5 107.9 0.15
      vertex 105.4 108.066 0.15
      vertex 105.4 95.4336 0.15
    endloop
  endfacet
  facet normal 0 0 1
    outer loop
      vertex 107 45.0977 0.15
      vertex 105.4 48.7334 0.15
      vertex 106.674 44.8799 0.15
    endloop
  endfacet
  facet normal 0 0 1
    outer loop
      vertex 106.674 44.8799 0.15
      vertex 105.4 48.7334 0.15
      vertex 106.379 44.6211 0.15
    endloop
  endfacet
  facet normal -0 0 1
    outer loop
      vertex 104.15 48.7334 0.15
      vertex 106.379 44.6211 0.15
      vertex 105.4 48.7334 0.15
    endloop
  endfacet
  facet normal 0 0 1
    outer loop
      vertex 106.379 44.6211 0.15
      vertex 104.15 48.7334 0.15
      vertex 106.12 44.3262 0.15
    endloop
  endfacet
  facet normal 0 0 1
    outer loop
      vertex 101.525 45.875 0.15
      vertex 103.6 48.7334 0.15
      vertex 101.525 47.125 0.15
    endloop
  endfacet
  facet normal -0 0 1
    outer loop
      vertex 103.6 48.7334 0.15
      vertex 101.525 45.875 0.15
      vertex 104.15 48.7334 0.15
    endloop
  endfacet
  facet normal 0 0 1
    outer loop
      vertex 104.15 48.7334 0.15
      vertex 101.525 45.875 0.15
      vertex 106.12 44.3262 0.15
    endloop
  endfacet
  facet normal 0 0 1
    outer loop
      vertex 106.12 44.3262 0.15
      vertex 101.525 45.875 0.15
      vertex 105.902 44 0.15
    endloop
  endfacet
  facet normal -0 0 1
    outer loop
      vertex 101.506 45.7793 0.15
      vertex 105.902 44 0.15
      vertex 101.525 45.875 0.15
    endloop
  endfacet
  facet normal 0 0 1
    outer loop
      vertex 105.902 44 0.15
      vertex 101.506 45.7793 0.15
      vertex 105.729 43.6484 0.15
    endloop
  endfacet
  facet normal 0 0 1
    outer loop
      vertex 105.4 36.0996 0.15
      vertex 105.603 41.7236 0.15
      vertex 105.525 42.1084 0.15
    endloop
  endfacet
  facet normal 0 0 1
    outer loop
      vertex 105.4 36.0996 0.15
      vertex 105.729 41.3516 0.15
      vertex 105.603 41.7236 0.15
    endloop
  endfacet
  facet normal 0 0 1
    outer loop
      vertex 105.4 36.0996 0.15
      vertex 105.902 41 0.15
      vertex 105.729 41.3516 0.15
    endloop
  endfacet
  facet normal 0 0 1
    outer loop
      vertex 105.4 36.0996 0.15
      vertex 106.12 40.6738 0.15
      vertex 105.902 41 0.15
    endloop
  endfacet
  facet normal 0 0 1
    outer loop
      vertex 111.9 36.0996 0.15
      vertex 105.4 36.0996 0.15
      vertex 111.9 33.9004 0.15
    endloop
  endfacet
  facet normal 0 0 1
    outer loop
      vertex 105.4 33.9004 0.15
      vertex 111.9 33.9004 0.15
      vertex 105.4 36.0996 0.15
    endloop
  endfacet
  facet normal 0 0 1
    outer loop
      vertex 93.5 30.5 0.15
      vertex 111.9 33.9004 0.15
      vertex 105.4 33.9004 0.15
    endloop
  endfacet
  facet normal 0 0 1
    outer loop
      vertex 93.5 30.5 0.15
      vertex 105.4 33.9004 0.15
      vertex 104.15 33.9004 0.15
    endloop
  endfacet
  facet normal 0 0 1
    outer loop
      vertex 105.5 115.5 0.15
      vertex 103.6 110.267 0.15
      vertex 104.15 110.267 0.15
    endloop
  endfacet
  facet normal 0 0 1
    outer loop
      vertex 104.15 108.066 0.15
      vertex 103.6 110.267 0.15
      vertex 103.6 108.066 0.15
    endloop
  endfacet
  facet normal 0 0 1
    outer loop
      vertex 104.15 95.4336 0.15
      vertex 103.6 95.4336 0.15
      vertex 104.15 93.2334 0.15
    endloop
  endfacet
  facet normal 0 0 1
    outer loop
      vertex 104.15 65.7666 0.15
      vertex 103.6 65.7666 0.15
      vertex 104.15 63.5664 0.15
    endloop
  endfacet
  facet normal 0 0 1
    outer loop
      vertex 103.6 63.5664 0.15
      vertex 104.15 63.5664 0.15
      vertex 103.6 65.7666 0.15
    endloop
  endfacet
  facet normal 0 0 1
    outer loop
      vertex 101.452 58.9014 0.15
      vertex 104.15 63.5664 0.15
      vertex 103.6 63.5664 0.15
    endloop
  endfacet
  facet normal 0 0 1
    outer loop
      vertex 105.4 63.5664 0.15
      vertex 101.525 57.4746 0.15
      vertex 105.4 50.9336 0.15
    endloop
  endfacet
  facet normal 0 0 1
    outer loop
      vertex 104.15 50.9336 0.15
      vertex 103.6 50.9336 0.15
      vertex 104.15 48.7334 0.15
    endloop
  endfacet
  facet normal 0 0 1
    outer loop
      vertex 103.6 48.7334 0.15
      vertex 104.15 48.7334 0.15
      vertex 103.6 50.9336 0.15
    endloop
  endfacet
  facet normal 0 0 1
    outer loop
      vertex 105.729 43.6484 0.15
      vertex 101.452 45.6982 0.15
      vertex 105.603 43.2764 0.15
    endloop
  endfacet
  facet normal 0 0 1
    outer loop
      vertex 105.525 42.1084 0.15
      vertex 103.6 36.0996 0.15
      vertex 104.15 36.0996 0.15
    endloop
  endfacet
  facet normal 0 0 1
    outer loop
      vertex 104.15 36.0996 0.15
      vertex 103.6 36.0996 0.15
      vertex 104.15 33.9004 0.15
    endloop
  endfacet
  facet normal 0 0 1
    outer loop
      vertex 103.6 33.9004 0.15
      vertex 104.15 33.9004 0.15
      vertex 103.6 36.0996 0.15
    endloop
  endfacet
  facet normal 0 0 1
    outer loop
      vertex 93.5 30.5 0.15
      vertex 104.15 33.9004 0.15
      vertex 103.6 33.9004 0.15
    endloop
  endfacet
  facet normal 0 0 1
    outer loop
      vertex 93.5 30.5 0.15
      vertex 103.6 33.9004 0.15
      vertex 101.4 33.9004 0.15
    endloop
  endfacet
  facet normal 0 0 1
    outer loop
      vertex 105.525 42.1084 0.15
      vertex 100.65 45.625 0.15
      vertex 101.4 36.0996 0.15
    endloop
  endfacet
  facet normal 0 0 1
    outer loop
      vertex 100.555 45.6436 0.15
      vertex 101.4 36.0996 0.15
      vertex 100.65 45.625 0.15
    endloop
  endfacet
  facet normal -0 0 1
    outer loop
      vertex 98.4453 45.6436 0.15
      vertex 101.4 36.0996 0.15
      vertex 100.555 45.6436 0.15
    endloop
  endfacet
  facet normal 0 0 1
    outer loop
      vertex 98.4453 45.6436 0.15
      vertex 100.555 45.6436 0.15
      vertex 100.474 45.6982 0.15
    endloop
  endfacet
  facet normal 0 0 1
    outer loop
      vertex 98.5264 45.6982 0.15
      vertex 100.474 45.6982 0.15
      vertex 100.419 45.7793 0.15
    endloop
  endfacet
  facet normal 0 0 1
    outer loop
      vertex 98.5811 45.7793 0.15
      vertex 100.419 45.7793 0.15
      vertex 100.4 45.875 0.15
    endloop
  endfacet
  facet normal 0 0 1
    outer loop
      vertex 100.882 115.779 0.15
      vertex 99.0439 115.779 0.15
      vertex 98.9893 115.698 0.15
    endloop
  endfacet
  facet normal 0 0 1
    outer loop
      vertex 98.5811 105.221 0.15
      vertex 100.555 105.356 0.15
      vertex 101.4 108.066 0.15
    endloop
  endfacet
  facet normal 0 0 1
    outer loop
      vertex 98.5811 105.221 0.15
      vertex 100.474 105.302 0.15
      vertex 100.555 105.356 0.15
    endloop
  endfacet
  facet normal 0 0 1
    outer loop
      vertex 98.5811 105.221 0.15
      vertex 100.419 105.221 0.15
      vertex 100.474 105.302 0.15
    endloop
  endfacet
  facet normal 0 0 1
    outer loop
      vertex 100.419 105.221 0.15
      vertex 98.5996 105.125 0.15
      vertex 100.4 105.125 0.15
    endloop
  endfacet
  facet normal 0 0 1
    outer loop
      vertex 100.4 105.125 0.15
      vertex 98.5996 105.125 0.15
      vertex 98.5996 103.875 0.15
    endloop
  endfacet
  facet normal 0 0 1
    outer loop
      vertex 100.419 91.2207 0.15
      vertex 98.5996 91.125 0.15
      vertex 100.4 91.125 0.15
    endloop
  endfacet
  facet normal 0 0 1
    outer loop
      vertex 100.419 84.2207 0.15
      vertex 98.5996 84.125 0.15
      vertex 100.4 84.125 0.15
    endloop
  endfacet
  facet normal 0 0 1
    outer loop
      vertex 98.5996 82.875 0.15
      vertex 100.4 82.875 0.15
      vertex 98.5996 84.125 0.15
    endloop
  endfacet
  facet normal 0 0 1
    outer loop
      vertex 100.419 70.4209 0.15
      vertex 98.5996 70.3252 0.15
      vertex 100.4 70.3252 0.15
    endloop
  endfacet
  facet normal 0 0 1
    outer loop
      vertex 100.419 58.8203 0.15
      vertex 98.5996 58.7246 0.15
      vertex 100.4 58.7246 0.15
    endloop
  endfacet
  facet normal 0 0 1
    outer loop
      vertex 100.4 58.7246 0.15
      vertex 98.5996 58.7246 0.15
      vertex 100.4 57.4746 0.15
    endloop
  endfacet
  facet normal 0 0 1
    outer loop
      vertex 98.5996 57.4746 0.15
      vertex 100.4 57.4746 0.15
      vertex 98.5996 58.7246 0.15
    endloop
  endfacet
  facet normal 0 0 1
    outer loop
      vertex 100.474 47.3018 0.15
      vertex 98.5996 47.125 0.15
      vertex 100.419 47.2207 0.15
    endloop
  endfacet
  facet normal 0 0 1
    outer loop
      vertex 100.419 47.2207 0.15
      vertex 98.5996 47.125 0.15
      vertex 100.4 47.125 0.15
    endloop
  endfacet
  facet normal 0 0 1
    outer loop
      vertex 100.4 47.125 0.15
      vertex 98.5996 47.125 0.15
      vertex 100.4 45.875 0.15
    endloop
  endfacet
  facet normal 0 0 1
    outer loop
      vertex 98.5996 45.875 0.15
      vertex 100.4 45.875 0.15
      vertex 98.5996 47.125 0.15
    endloop
  endfacet
  facet normal 0 0 1
    outer loop
      vertex 98.5811 45.7793 0.15
      vertex 100.4 45.875 0.15
      vertex 98.5996 45.875 0.15
    endloop
  endfacet
  facet normal 0 0 1
    outer loop
      vertex 100.419 45.7793 0.15
      vertex 98.5811 45.7793 0.15
      vertex 98.5264 45.6982 0.15
    endloop
  endfacet
  facet normal 0 0 1
    outer loop
      vertex 100.474 45.6982 0.15
      vertex 98.5264 45.6982 0.15
      vertex 98.4453 45.6436 0.15
    endloop
  endfacet
  facet normal -0 0 1
    outer loop
      vertex 98.3496 45.625 0.15
      vertex 101.4 36.0996 0.15
      vertex 98.4453 45.6436 0.15
    endloop
  endfacet
  facet normal -0 0 1
    outer loop
      vertex 97.7246 45.625 0.15
      vertex 101.4 36.0996 0.15
      vertex 98.3496 45.625 0.15
    endloop
  endfacet
  facet normal 0 0 1
    outer loop
      vertex 97.6289 45.6436 0.15
      vertex 101.4 36.0996 0.15
      vertex 97.7246 45.625 0.15
    endloop
  endfacet
  facet normal 0 0 1
    outer loop
      vertex 93.5 30.5 0.15
      vertex 101.4 36.0996 0.15
      vertex 97.6289 45.6436 0.15
    endloop
  endfacet
  facet normal 0 0 1
    outer loop
      vertex 93.5 30.5 0.15
      vertex 97.6289 45.6436 0.15
      vertex 97.5479 45.6982 0.15
    endloop
  endfacet
  facet normal 0 0 1
    outer loop
      vertex 93.5 30.5 0.15
      vertex 97.5479 45.6982 0.15
      vertex 97.4941 45.7793 0.15
    endloop
  endfacet
  facet normal 0 0 1
    outer loop
      vertex 140.5 33.9004 0.15
      vertex 93.5 30.5 0.15
      vertex 193.5 30.5 0.15
    endloop
  endfacet
  facet normal 0 0 1
    outer loop
      vertex 101.4 36.0996 0.15
      vertex 93.5 30.5 0.15
      vertex 101.4 33.9004 0.15
    endloop
  endfacet
  facet normal 0 0 1
    outer loop
      vertex 97.4746 45.875 0.15
      vertex 93.5 30.5 0.15
      vertex 97.4941 45.7793 0.15
    endloop
  endfacet
  facet normal 0 0 1
    outer loop
      vertex 97.4746 47.125 0.15
      vertex 93.5 30.5 0.15
      vertex 97.4746 45.875 0.15
    endloop
  endfacet
  facet normal 0 0 1
    outer loop
      vertex 185.85 83.5 0.15
      vertex 185.3 83.5 0.15
      vertex 185.65 71.0996 0.15
    endloop
  endfacet
  facet normal 0 0 1
    outer loop
      vertex 185.1 71.0996 0.15
      vertex 185.65 71.0996 0.15
      vertex 185.3 83.5 0.15
    endloop
  endfacet
  facet normal 0 0 1
    outer loop
      vertex 185.65 71.0996 0.15
      vertex 185.1 71.0996 0.15
      vertex 185.65 68.9004 0.15
    endloop
  endfacet
  facet normal 0 0 1
    outer loop
      vertex 185.1 68.9004 0.15
      vertex 185.65 68.9004 0.15
      vertex 185.1 71.0996 0.15
    endloop
  endfacet
  facet normal 0 0 1
    outer loop
      vertex 185.65 68.9004 0.15
      vertex 185.1 68.9004 0.15
      vertex 185.5 49.0996 0.15
    endloop
  endfacet
  facet normal 0 0 1
    outer loop
      vertex 185.1 68.9004 0.15
      vertex 184.25 49.0996 0.15
      vertex 185.5 49.0996 0.15
    endloop
  endfacet
  facet normal -0 0 1
    outer loop
      vertex 183.7 49.0996 0.15
      vertex 184.25 46.9004 0.15
      vertex 184.25 49.0996 0.15
    endloop
  endfacet
  facet normal 0 0 1
    outer loop
      vertex 184.25 46.9004 0.15
      vertex 183.7 46.9004 0.15
      vertex 184.05 36.0996 0.15
    endloop
  endfacet
  facet normal 0 0 1
    outer loop
      vertex 183.7 46.9004 0.15
      vertex 184.25 46.9004 0.15
      vertex 183.7 49.0996 0.15
    endloop
  endfacet
  facet normal 0 0 1
    outer loop
      vertex 185.1 68.9004 0.15
      vertex 183.7 49.0996 0.15
      vertex 184.25 49.0996 0.15
    endloop
  endfacet
  facet normal -0 0 1
    outer loop
      vertex 182.9 68.9004 0.15
      vertex 183.7 49.0996 0.15
      vertex 185.1 68.9004 0.15
    endloop
  endfacet
  facet normal 0 0 1
    outer loop
      vertex 182.9 68.9004 0.15
      vertex 181.5 49.0996 0.15
      vertex 183.7 49.0996 0.15
    endloop
  endfacet
  facet normal 0 0 1
    outer loop
      vertex 182.9 71.0996 0.15
      vertex 181.5 49.0996 0.15
      vertex 182.9 68.9004 0.15
    endloop
  endfacet
  facet normal 0 1 -0
    outer loop
      vertex 193.5 30.5 0.15
      vertex 93.5 30.5 1.45
      vertex 193.5 30.5 1.45
    endloop
  endfacet
  facet normal 0 1 0
    outer loop
      vertex 93.5 30.5 1.45
      vertex 193.5 30.5 0.15
      vertex 93.5 30.5 0.15
    endloop
  endfacet
  facet normal 1 -0 0
    outer loop
      vertex 93.5 30.5 1.45
      vertex 93.5 130.5 0.15
      vertex 93.5 130.5 1.45
    endloop
  endfacet
  facet normal 1 0 0
    outer loop
      vertex 93.5 130.5 0.15
      vertex 93.5 30.5 1.45
      vertex 93.5 30.5 0.15
    endloop
  endfacet
  facet normal 0 -1 0
    outer loop
      vertex 93.5 130.5 0.15
      vertex 193.5 130.5 1.45
      vertex 93.5 130.5 1.45
    endloop
  endfacet
  facet normal 0 -1 -0
    outer loop
      vertex 193.5 130.5 1.45
      vertex 93.5 130.5 0.15
      vertex 193.5 130.5 0.15
    endloop
  endfacet
  facet normal -1 0 0
    outer loop
      vertex 193.5 30.5 0.15
      vertex 193.5 130.5 1.45
      vertex 193.5 130.5 0.15
    endloop
  endfacet
  facet normal -1 -0 0
    outer loop
      vertex 193.5 130.5 1.45
      vertex 193.5 30.5 0.15
      vertex 193.5 30.5 1.45
    endloop
  endfacet
  facet normal -0.196853 0.980433 0
    outer loop
      vertex 108.108 45.4746 0.15
      vertex 107.724 45.3975 1.45
      vertex 108.108 45.4746 1.45
    endloop
  endfacet
  facet normal -0.196853 0.980433 0
    outer loop
      vertex 107.724 45.3975 1.45
      vertex 108.108 45.4746 0.15
      vertex 107.724 45.3975 0.15
    endloop
  endfacet
  facet normal -0.320807 0.947145 0
    outer loop
      vertex 107.724 45.3975 0.15
      vertex 107.352 45.2715 1.45
      vertex 107.724 45.3975 1.45
    endloop
  endfacet
  facet normal -0.320807 0.947145 0
    outer loop
      vertex 107.352 45.2715 1.45
      vertex 107.724 45.3975 0.15
      vertex 107.352 45.2715 0.15
    endloop
  endfacet
  facet normal -0.442725 0.896658 0
    outer loop
      vertex 107.352 45.2715 0.15
      vertex 107 45.0977 1.45
      vertex 107.352 45.2715 1.45
    endloop
  endfacet
  facet normal -0.442725 0.896658 0
    outer loop
      vertex 107 45.0977 1.45
      vertex 107.352 45.2715 0.15
      vertex 107 45.0977 0.15
    endloop
  endfacet
  facet normal -0.555524 0.831501 0
    outer loop
      vertex 107 45.0977 0.15
      vertex 106.674 44.8799 1.45
      vertex 107 45.0977 1.45
    endloop
  endfacet
  facet normal -0.555524 0.831501 0
    outer loop
      vertex 106.674 44.8799 1.45
      vertex 107 45.0977 0.15
      vertex 106.674 44.8799 0.15
    endloop
  endfacet
  facet normal -0.659478 0.751724 0
    outer loop
      vertex 106.674 44.8799 0.15
      vertex 106.379 44.6211 1.45
      vertex 106.674 44.8799 1.45
    endloop
  endfacet
  facet normal -0.659478 0.751724 0
    outer loop
      vertex 106.379 44.6211 1.45
      vertex 106.674 44.8799 0.15
      vertex 106.379 44.6211 0.15
    endloop
  endfacet
  facet normal -0.75136 0.659892 0
    outer loop
      vertex 106.12 44.3262 0.15
      vertex 106.379 44.6211 1.45
      vertex 106.379 44.6211 0.15
    endloop
  endfacet
  facet normal -0.75136 0.659892 0
    outer loop
      vertex 106.379 44.6211 1.45
      vertex 106.12 44.3262 0.15
      vertex 106.12 44.3262 1.45
    endloop
  endfacet
  facet normal -0.831422 0.555641 0
    outer loop
      vertex 105.902 44 0.15
      vertex 106.12 44.3262 1.45
      vertex 106.12 44.3262 0.15
    endloop
  endfacet
  facet normal -0.831422 0.555641 0
    outer loop
      vertex 106.12 44.3262 1.45
      vertex 105.902 44 0.15
      vertex 105.902 44 1.45
    endloop
  endfacet
  facet normal -0.897267 0.441488 0
    outer loop
      vertex 105.729 43.6484 0.15
      vertex 105.902 44 1.45
      vertex 105.902 44 0.15
    endloop
  endfacet
  facet normal -0.897267 0.441488 0
    outer loop
      vertex 105.902 44 1.45
      vertex 105.729 43.6484 0.15
      vertex 105.729 43.6484 1.45
    endloop
  endfacet
  facet normal -0.947145 0.320807 0
    outer loop
      vertex 105.603 43.2764 0.15
      vertex 105.729 43.6484 1.45
      vertex 105.729 43.6484 0.15
    endloop
  endfacet
  facet normal -0.947145 0.320807 0
    outer loop
      vertex 105.729 43.6484 1.45
      vertex 105.603 43.2764 0.15
      vertex 105.603 43.2764 1.45
    endloop
  endfacet
  facet normal -0.980068 0.198662 0
    outer loop
      vertex 105.525 42.8916 0.15
      vertex 105.603 43.2764 1.45
      vertex 105.603 43.2764 0.15
    endloop
  endfacet
  facet normal -0.980068 0.198662 0
    outer loop
      vertex 105.603 43.2764 1.45
      vertex 105.525 42.8916 0.15
      vertex 105.525 42.8916 1.45
    endloop
  endfacet
  facet normal -0.997968 0.063711 0
    outer loop
      vertex 105.5 42.5 0.15
      vertex 105.525 42.8916 1.45
      vertex 105.525 42.8916 0.15
    endloop
  endfacet
  facet normal -0.997968 0.063711 0
    outer loop
      vertex 105.525 42.8916 1.45
      vertex 105.5 42.5 0.15
      vertex 105.5 42.5 1.45
    endloop
  endfacet
  facet normal -0.997968 -0.063711 0
    outer loop
      vertex 105.525 42.1084 0.15
      vertex 105.5 42.5 1.45
      vertex 105.5 42.5 0.15
    endloop
  endfacet
  facet normal -0.997968 -0.063711 0
    outer loop
      vertex 105.5 42.5 1.45
      vertex 105.525 42.1084 0.15
      vertex 105.525 42.1084 1.45
    endloop
  endfacet
  facet normal -0.980068 -0.198662 0
    outer loop
      vertex 105.603 41.7236 0.15
      vertex 105.525 42.1084 1.45
      vertex 105.525 42.1084 0.15
    endloop
  endfacet
  facet normal -0.980068 -0.198662 0
    outer loop
      vertex 105.525 42.1084 1.45
      vertex 105.603 41.7236 0.15
      vertex 105.603 41.7236 1.45
    endloop
  endfacet
  facet normal -0.947145 -0.320807 0
    outer loop
      vertex 105.729 41.3516 0.15
      vertex 105.603 41.7236 1.45
      vertex 105.603 41.7236 0.15
    endloop
  endfacet
  facet normal -0.947145 -0.320807 0
    outer loop
      vertex 105.603 41.7236 1.45
      vertex 105.729 41.3516 0.15
      vertex 105.729 41.3516 1.45
    endloop
  endfacet
  facet normal -0.897267 -0.441488 0
    outer loop
      vertex 105.902 41 0.15
      vertex 105.729 41.3516 1.45
      vertex 105.729 41.3516 0.15
    endloop
  endfacet
  facet normal -0.897267 -0.441488 0
    outer loop
      vertex 105.729 41.3516 1.45
      vertex 105.902 41 0.15
      vertex 105.902 41 1.45
    endloop
  endfacet
  facet normal -0.831422 -0.555641 0
    outer loop
      vertex 106.12 40.6738 0.15
      vertex 105.902 41 1.45
      vertex 105.902 41 0.15
    endloop
  endfacet
  facet normal -0.831422 -0.555641 0
    outer loop
      vertex 105.902 41 1.45
      vertex 106.12 40.6738 0.15
      vertex 106.12 40.6738 1.45
    endloop
  endfacet
  facet normal -0.75136 -0.659892 0
    outer loop
      vertex 106.379 40.3789 0.15
      vertex 106.12 40.6738 1.45
      vertex 106.12 40.6738 0.15
    endloop
  endfacet
  facet normal -0.75136 -0.659892 0
    outer loop
      vertex 106.12 40.6738 1.45
      vertex 106.379 40.3789 0.15
      vertex 106.379 40.3789 1.45
    endloop
  endfacet
  facet normal -0.659478 -0.751724 0
    outer loop
      vertex 106.379 40.3789 0.15
      vertex 106.674 40.1201 1.45
      vertex 106.379 40.3789 1.45
    endloop
  endfacet
  facet normal -0.659478 -0.751724 -0
    outer loop
      vertex 106.674 40.1201 1.45
      vertex 106.379 40.3789 0.15
      vertex 106.674 40.1201 0.15
    endloop
  endfacet
  facet normal -0.555524 -0.831501 0
    outer loop
      vertex 106.674 40.1201 0.15
      vertex 107 39.9023 1.45
      vertex 106.674 40.1201 1.45
    endloop
  endfacet
  facet normal -0.555524 -0.831501 -0
    outer loop
      vertex 107 39.9023 1.45
      vertex 106.674 40.1201 0.15
      vertex 107 39.9023 0.15
    endloop
  endfacet
  facet normal -0.442725 -0.896658 0
    outer loop
      vertex 107 39.9023 0.15
      vertex 107.352 39.7285 1.45
      vertex 107 39.9023 1.45
    endloop
  endfacet
  facet normal -0.442725 -0.896658 -0
    outer loop
      vertex 107.352 39.7285 1.45
      vertex 107 39.9023 0.15
      vertex 107.352 39.7285 0.15
    endloop
  endfacet
  facet normal -0.320807 -0.947145 0
    outer loop
      vertex 107.352 39.7285 0.15
      vertex 107.724 39.6025 1.45
      vertex 107.352 39.7285 1.45
    endloop
  endfacet
  facet normal -0.320807 -0.947145 -0
    outer loop
      vertex 107.724 39.6025 1.45
      vertex 107.352 39.7285 0.15
      vertex 107.724 39.6025 0.15
    endloop
  endfacet
  facet normal -0.196853 -0.980433 0
    outer loop
      vertex 107.724 39.6025 0.15
      vertex 108.108 39.5254 1.45
      vertex 107.724 39.6025 1.45
    endloop
  endfacet
  facet normal -0.196853 -0.980433 -0
    outer loop
      vertex 108.108 39.5254 1.45
      vertex 107.724 39.6025 0.15
      vertex 108.108 39.5254 0.15
    endloop
  endfacet
  facet normal -0.0646603 -0.997907 0
    outer loop
      vertex 108.108 39.5254 0.15
      vertex 108.5 39.5 1.45
      vertex 108.108 39.5254 1.45
    endloop
  endfacet
  facet normal -0.0646603 -0.997907 -0
    outer loop
      vertex 108.5 39.5 1.45
      vertex 108.108 39.5254 0.15
      vertex 108.5 39.5 0.15
    endloop
  endfacet
  facet normal 0.0646603 -0.997907 0
    outer loop
      vertex 108.5 39.5 0.15
      vertex 108.892 39.5254 1.45
      vertex 108.5 39.5 1.45
    endloop
  endfacet
  facet normal 0.0646603 -0.997907 0
    outer loop
      vertex 108.892 39.5254 1.45
      vertex 108.5 39.5 0.15
      vertex 108.892 39.5254 0.15
    endloop
  endfacet
  facet normal 0.196853 -0.980433 0
    outer loop
      vertex 108.892 39.5254 0.15
      vertex 109.276 39.6025 1.45
      vertex 108.892 39.5254 1.45
    endloop
  endfacet
  facet normal 0.196853 -0.980433 0
    outer loop
      vertex 109.276 39.6025 1.45
      vertex 108.892 39.5254 0.15
      vertex 109.276 39.6025 0.15
    endloop
  endfacet
  facet normal 0.320807 -0.947145 0
    outer loop
      vertex 109.276 39.6025 0.15
      vertex 109.648 39.7285 1.45
      vertex 109.276 39.6025 1.45
    endloop
  endfacet
  facet normal 0.320807 -0.947145 0
    outer loop
      vertex 109.648 39.7285 1.45
      vertex 109.276 39.6025 0.15
      vertex 109.648 39.7285 0.15
    endloop
  endfacet
  facet normal 0.442725 -0.896658 0
    outer loop
      vertex 109.648 39.7285 0.15
      vertex 110 39.9023 1.45
      vertex 109.648 39.7285 1.45
    endloop
  endfacet
  facet normal 0.442725 -0.896658 0
    outer loop
      vertex 110 39.9023 1.45
      vertex 109.648 39.7285 0.15
      vertex 110 39.9023 0.15
    endloop
  endfacet
  facet normal 0.555524 -0.831501 0
    outer loop
      vertex 110 39.9023 0.15
      vertex 110.326 40.1201 1.45
      vertex 110 39.9023 1.45
    endloop
  endfacet
  facet normal 0.555524 -0.831501 0
    outer loop
      vertex 110.326 40.1201 1.45
      vertex 110 39.9023 0.15
      vertex 110.326 40.1201 0.15
    endloop
  endfacet
  facet normal 0.659478 -0.751724 0
    outer loop
      vertex 110.326 40.1201 0.15
      vertex 110.621 40.3789 1.45
      vertex 110.326 40.1201 1.45
    endloop
  endfacet
  facet normal 0.659478 -0.751724 0
    outer loop
      vertex 110.621 40.3789 1.45
      vertex 110.326 40.1201 0.15
      vertex 110.621 40.3789 0.15
    endloop
  endfacet
  facet normal 0.75136 -0.659892 0
    outer loop
      vertex 110.621 40.3789 1.45
      vertex 110.88 40.6738 0.15
      vertex 110.88 40.6738 1.45
    endloop
  endfacet
  facet normal 0.75136 -0.659892 0
    outer loop
      vertex 110.88 40.6738 0.15
      vertex 110.621 40.3789 1.45
      vertex 110.621 40.3789 0.15
    endloop
  endfacet
  facet normal 0.831422 -0.555641 0
    outer loop
      vertex 110.88 40.6738 1.45
      vertex 111.098 41 0.15
      vertex 111.098 41 1.45
    endloop
  endfacet
  facet normal 0.831422 -0.555641 0
    outer loop
      vertex 111.098 41 0.15
      vertex 110.88 40.6738 1.45
      vertex 110.88 40.6738 0.15
    endloop
  endfacet
  facet normal 0.897267 -0.441488 0
    outer loop
      vertex 111.098 41 1.45
      vertex 111.271 41.3516 0.15
      vertex 111.271 41.3516 1.45
    endloop
  endfacet
  facet normal 0.897267 -0.441488 0
    outer loop
      vertex 111.271 41.3516 0.15
      vertex 111.098 41 1.45
      vertex 111.098 41 0.15
    endloop
  endfacet
  facet normal 0.947145 -0.320807 0
    outer loop
      vertex 111.271 41.3516 1.45
      vertex 111.397 41.7236 0.15
      vertex 111.397 41.7236 1.45
    endloop
  endfacet
  facet normal 0.947145 -0.320807 0
    outer loop
      vertex 111.397 41.7236 0.15
      vertex 111.271 41.3516 1.45
      vertex 111.271 41.3516 0.15
    endloop
  endfacet
  facet normal 0.980068 -0.198662 0
    outer loop
      vertex 111.397 41.7236 1.45
      vertex 111.475 42.1084 0.15
      vertex 111.475 42.1084 1.45
    endloop
  endfacet
  facet normal 0.980068 -0.198662 0
    outer loop
      vertex 111.475 42.1084 0.15
      vertex 111.397 41.7236 1.45
      vertex 111.397 41.7236 0.15
    endloop
  endfacet
  facet normal 0.997968 -0.063711 0
    outer loop
      vertex 111.475 42.1084 1.45
      vertex 111.5 42.5 0.15
      vertex 111.5 42.5 1.45
    endloop
  endfacet
  facet normal 0.997968 -0.063711 0
    outer loop
      vertex 111.5 42.5 0.15
      vertex 111.475 42.1084 1.45
      vertex 111.475 42.1084 0.15
    endloop
  endfacet
  facet normal 0.997968 0.063711 0
    outer loop
      vertex 111.5 42.5 1.45
      vertex 111.475 42.8916 0.15
      vertex 111.475 42.8916 1.45
    endloop
  endfacet
  facet normal 0.997968 0.063711 0
    outer loop
      vertex 111.475 42.8916 0.15
      vertex 111.5 42.5 1.45
      vertex 111.5 42.5 0.15
    endloop
  endfacet
  facet normal 0.980068 0.198662 0
    outer loop
      vertex 111.475 42.8916 1.45
      vertex 111.397 43.2764 0.15
      vertex 111.397 43.2764 1.45
    endloop
  endfacet
  facet normal 0.980068 0.198662 0
    outer loop
      vertex 111.397 43.2764 0.15
      vertex 111.475 42.8916 1.45
      vertex 111.475 42.8916 0.15
    endloop
  endfacet
  facet normal 0.947145 0.320807 0
    outer loop
      vertex 111.397 43.2764 1.45
      vertex 111.271 43.6484 0.15
      vertex 111.271 43.6484 1.45
    endloop
  endfacet
  facet normal 0.947145 0.320807 0
    outer loop
      vertex 111.271 43.6484 0.15
      vertex 111.397 43.2764 1.45
      vertex 111.397 43.2764 0.15
    endloop
  endfacet
  facet normal 0.897267 0.441488 0
    outer loop
      vertex 111.271 43.6484 1.45
      vertex 111.098 44 0.15
      vertex 111.098 44 1.45
    endloop
  endfacet
  facet normal 0.897267 0.441488 0
    outer loop
      vertex 111.098 44 0.15
      vertex 111.271 43.6484 1.45
      vertex 111.271 43.6484 0.15
    endloop
  endfacet
  facet normal 0.831422 0.555641 0
    outer loop
      vertex 111.098 44 1.45
      vertex 110.88 44.3262 0.15
      vertex 110.88 44.3262 1.45
    endloop
  endfacet
  facet normal 0.831422 0.555641 0
    outer loop
      vertex 110.88 44.3262 0.15
      vertex 111.098 44 1.45
      vertex 111.098 44 0.15
    endloop
  endfacet
  facet normal 0.75136 0.659892 0
    outer loop
      vertex 110.88 44.3262 1.45
      vertex 110.621 44.6211 0.15
      vertex 110.621 44.6211 1.45
    endloop
  endfacet
  facet normal 0.75136 0.659892 0
    outer loop
      vertex 110.621 44.6211 0.15
      vertex 110.88 44.3262 1.45
      vertex 110.88 44.3262 0.15
    endloop
  endfacet
  facet normal 0.659478 0.751724 -0
    outer loop
      vertex 110.621 44.6211 0.15
      vertex 110.326 44.8799 1.45
      vertex 110.621 44.6211 1.45
    endloop
  endfacet
  facet normal 0.659478 0.751724 0
    outer loop
      vertex 110.326 44.8799 1.45
      vertex 110.621 44.6211 0.15
      vertex 110.326 44.8799 0.15
    endloop
  endfacet
  facet normal 0.555524 0.831501 -0
    outer loop
      vertex 110.326 44.8799 0.15
      vertex 110 45.0977 1.45
      vertex 110.326 44.8799 1.45
    endloop
  endfacet
  facet normal 0.555524 0.831501 0
    outer loop
      vertex 110 45.0977 1.45
      vertex 110.326 44.8799 0.15
      vertex 110 45.0977 0.15
    endloop
  endfacet
  facet normal 0.442725 0.896658 -0
    outer loop
      vertex 110 45.0977 0.15
      vertex 109.648 45.2715 1.45
      vertex 110 45.0977 1.45
    endloop
  endfacet
  facet normal 0.442725 0.896658 0
    outer loop
      vertex 109.648 45.2715 1.45
      vertex 110 45.0977 0.15
      vertex 109.648 45.2715 0.15
    endloop
  endfacet
  facet normal 0.320807 0.947145 -0
    outer loop
      vertex 109.648 45.2715 0.15
      vertex 109.276 45.3975 1.45
      vertex 109.648 45.2715 1.45
    endloop
  endfacet
  facet normal 0.320807 0.947145 0
    outer loop
      vertex 109.276 45.3975 1.45
      vertex 109.648 45.2715 0.15
      vertex 109.276 45.3975 0.15
    endloop
  endfacet
  facet normal 0.196853 0.980433 -0
    outer loop
      vertex 109.276 45.3975 0.15
      vertex 108.892 45.4746 1.45
      vertex 109.276 45.3975 1.45
    endloop
  endfacet
  facet normal 0.196853 0.980433 0
    outer loop
      vertex 108.892 45.4746 1.45
      vertex 109.276 45.3975 0.15
      vertex 108.892 45.4746 0.15
    endloop
  endfacet
  facet normal 0.0646603 0.997907 -0
    outer loop
      vertex 108.892 45.4746 0.15
      vertex 108.5 45.5 1.45
      vertex 108.892 45.4746 1.45
    endloop
  endfacet
  facet normal 0.0646603 0.997907 0
    outer loop
      vertex 108.5 45.5 1.45
      vertex 108.892 45.4746 0.15
      vertex 108.5 45.5 0.15
    endloop
  endfacet
  facet normal -0.0646603 0.997907 0
    outer loop
      vertex 108.5 45.5 0.15
      vertex 108.108 45.4746 1.45
      vertex 108.5 45.5 1.45
    endloop
  endfacet
  facet normal -0.0646603 0.997907 0
    outer loop
      vertex 108.108 45.4746 1.45
      vertex 108.5 45.5 0.15
      vertex 108.108 45.4746 0.15
    endloop
  endfacet
  facet normal -0.196853 0.980433 0
    outer loop
      vertex 176.108 45.4746 0.15
      vertex 175.724 45.3975 1.45
      vertex 176.108 45.4746 1.45
    endloop
  endfacet
  facet normal -0.196853 0.980433 0
    outer loop
      vertex 175.724 45.3975 1.45
      vertex 176.108 45.4746 0.15
      vertex 175.724 45.3975 0.15
    endloop
  endfacet
  facet normal -0.320807 0.947145 0
    outer loop
      vertex 175.724 45.3975 0.15
      vertex 175.352 45.2715 1.45
      vertex 175.724 45.3975 1.45
    endloop
  endfacet
  facet normal -0.320807 0.947145 0
    outer loop
      vertex 175.352 45.2715 1.45
      vertex 175.724 45.3975 0.15
      vertex 175.352 45.2715 0.15
    endloop
  endfacet
  facet normal -0.442725 0.896658 0
    outer loop
      vertex 175.352 45.2715 0.15
      vertex 175 45.0977 1.45
      vertex 175.352 45.2715 1.45
    endloop
  endfacet
  facet normal -0.442725 0.896658 0
    outer loop
      vertex 175 45.0977 1.45
      vertex 175.352 45.2715 0.15
      vertex 175 45.0977 0.15
    endloop
  endfacet
  facet normal -0.555524 0.831501 0
    outer loop
      vertex 175 45.0977 0.15
      vertex 174.674 44.8799 1.45
      vertex 175 45.0977 1.45
    endloop
  endfacet
  facet normal -0.555524 0.831501 0
    outer loop
      vertex 174.674 44.8799 1.45
      vertex 175 45.0977 0.15
      vertex 174.674 44.8799 0.15
    endloop
  endfacet
  facet normal -0.659478 0.751724 0
    outer loop
      vertex 174.674 44.8799 0.15
      vertex 174.379 44.6211 1.45
      vertex 174.674 44.8799 1.45
    endloop
  endfacet
  facet normal -0.659478 0.751724 0
    outer loop
      vertex 174.379 44.6211 1.45
      vertex 174.674 44.8799 0.15
      vertex 174.379 44.6211 0.15
    endloop
  endfacet
  facet normal -0.75136 0.659892 0
    outer loop
      vertex 174.12 44.3262 0.15
      vertex 174.379 44.6211 1.45
      vertex 174.379 44.6211 0.15
    endloop
  endfacet
  facet normal -0.75136 0.659892 0
    outer loop
      vertex 174.379 44.6211 1.45
      vertex 174.12 44.3262 0.15
      vertex 174.12 44.3262 1.45
    endloop
  endfacet
  facet normal -0.831422 0.555641 0
    outer loop
      vertex 173.902 44 0.15
      vertex 174.12 44.3262 1.45
      vertex 174.12 44.3262 0.15
    endloop
  endfacet
  facet normal -0.831422 0.555641 0
    outer loop
      vertex 174.12 44.3262 1.45
      vertex 173.902 44 0.15
      vertex 173.902 44 1.45
    endloop
  endfacet
  facet normal -0.897267 0.441488 0
    outer loop
      vertex 173.729 43.6484 0.15
      vertex 173.902 44 1.45
      vertex 173.902 44 0.15
    endloop
  endfacet
  facet normal -0.897267 0.441488 0
    outer loop
      vertex 173.902 44 1.45
      vertex 173.729 43.6484 0.15
      vertex 173.729 43.6484 1.45
    endloop
  endfacet
  facet normal -0.947145 0.320807 0
    outer loop
      vertex 173.603 43.2764 0.15
      vertex 173.729 43.6484 1.45
      vertex 173.729 43.6484 0.15
    endloop
  endfacet
  facet normal -0.947145 0.320807 0
    outer loop
      vertex 173.729 43.6484 1.45
      vertex 173.603 43.2764 0.15
      vertex 173.603 43.2764 1.45
    endloop
  endfacet
  facet normal -0.980068 0.198662 0
    outer loop
      vertex 173.525 42.8916 0.15
      vertex 173.603 43.2764 1.45
      vertex 173.603 43.2764 0.15
    endloop
  endfacet
  facet normal -0.980068 0.198662 0
    outer loop
      vertex 173.603 43.2764 1.45
      vertex 173.525 42.8916 0.15
      vertex 173.525 42.8916 1.45
    endloop
  endfacet
  facet normal -0.997968 0.063711 0
    outer loop
      vertex 173.5 42.5 0.15
      vertex 173.525 42.8916 1.45
      vertex 173.525 42.8916 0.15
    endloop
  endfacet
  facet normal -0.997968 0.063711 0
    outer loop
      vertex 173.525 42.8916 1.45
      vertex 173.5 42.5 0.15
      vertex 173.5 42.5 1.45
    endloop
  endfacet
  facet normal -0.997968 -0.063711 0
    outer loop
      vertex 173.525 42.1084 0.15
      vertex 173.5 42.5 1.45
      vertex 173.5 42.5 0.15
    endloop
  endfacet
  facet normal -0.997968 -0.063711 0
    outer loop
      vertex 173.5 42.5 1.45
      vertex 173.525 42.1084 0.15
      vertex 173.525 42.1084 1.45
    endloop
  endfacet
  facet normal -0.980068 -0.198662 0
    outer loop
      vertex 173.603 41.7236 0.15
      vertex 173.525 42.1084 1.45
      vertex 173.525 42.1084 0.15
    endloop
  endfacet
  facet normal -0.980068 -0.198662 0
    outer loop
      vertex 173.525 42.1084 1.45
      vertex 173.603 41.7236 0.15
      vertex 173.603 41.7236 1.45
    endloop
  endfacet
  facet normal -0.947145 -0.320807 0
    outer loop
      vertex 173.729 41.3516 0.15
      vertex 173.603 41.7236 1.45
      vertex 173.603 41.7236 0.15
    endloop
  endfacet
  facet normal -0.947145 -0.320807 0
    outer loop
      vertex 173.603 41.7236 1.45
      vertex 173.729 41.3516 0.15
      vertex 173.729 41.3516 1.45
    endloop
  endfacet
  facet normal -0.897267 -0.441488 0
    outer loop
      vertex 173.902 41 0.15
      vertex 173.729 41.3516 1.45
      vertex 173.729 41.3516 0.15
    endloop
  endfacet
  facet normal -0.897267 -0.441488 0
    outer loop
      vertex 173.729 41.3516 1.45
      vertex 173.902 41 0.15
      vertex 173.902 41 1.45
    endloop
  endfacet
  facet normal -0.831422 -0.555641 0
    outer loop
      vertex 174.12 40.6738 0.15
      vertex 173.902 41 1.45
      vertex 173.902 41 0.15
    endloop
  endfacet
  facet normal -0.831422 -0.555641 0
    outer loop
      vertex 173.902 41 1.45
      vertex 174.12 40.6738 0.15
      vertex 174.12 40.6738 1.45
    endloop
  endfacet
  facet normal -0.75136 -0.659892 0
    outer loop
      vertex 174.379 40.3789 0.15
      vertex 174.12 40.6738 1.45
      vertex 174.12 40.6738 0.15
    endloop
  endfacet
  facet normal -0.75136 -0.659892 0
    outer loop
      vertex 174.12 40.6738 1.45
      vertex 174.379 40.3789 0.15
      vertex 174.379 40.3789 1.45
    endloop
  endfacet
  facet normal -0.659478 -0.751724 0
    outer loop
      vertex 174.379 40.3789 0.15
      vertex 174.674 40.1201 1.45
      vertex 174.379 40.3789 1.45
    endloop
  endfacet
  facet normal -0.659478 -0.751724 -0
    outer loop
      vertex 174.674 40.1201 1.45
      vertex 174.379 40.3789 0.15
      vertex 174.674 40.1201 0.15
    endloop
  endfacet
  facet normal -0.555524 -0.831501 0
    outer loop
      vertex 174.674 40.1201 0.15
      vertex 175 39.9023 1.45
      vertex 174.674 40.1201 1.45
    endloop
  endfacet
  facet normal -0.555524 -0.831501 -0
    outer loop
      vertex 175 39.9023 1.45
      vertex 174.674 40.1201 0.15
      vertex 175 39.9023 0.15
    endloop
  endfacet
  facet normal -0.442725 -0.896658 0
    outer loop
      vertex 175 39.9023 0.15
      vertex 175.352 39.7285 1.45
      vertex 175 39.9023 1.45
    endloop
  endfacet
  facet normal -0.442725 -0.896658 -0
    outer loop
      vertex 175.352 39.7285 1.45
      vertex 175 39.9023 0.15
      vertex 175.352 39.7285 0.15
    endloop
  endfacet
  facet normal -0.320807 -0.947145 0
    outer loop
      vertex 175.352 39.7285 0.15
      vertex 175.724 39.6025 1.45
      vertex 175.352 39.7285 1.45
    endloop
  endfacet
  facet normal -0.320807 -0.947145 -0
    outer loop
      vertex 175.724 39.6025 1.45
      vertex 175.352 39.7285 0.15
      vertex 175.724 39.6025 0.15
    endloop
  endfacet
  facet normal -0.196853 -0.980433 0
    outer loop
      vertex 175.724 39.6025 0.15
      vertex 176.108 39.5254 1.45
      vertex 175.724 39.6025 1.45
    endloop
  endfacet
  facet normal -0.196853 -0.980433 -0
    outer loop
      vertex 176.108 39.5254 1.45
      vertex 175.724 39.6025 0.15
      vertex 176.108 39.5254 0.15
    endloop
  endfacet
  facet normal -0.0646603 -0.997907 0
    outer loop
      vertex 176.108 39.5254 0.15
      vertex 176.5 39.5 1.45
      vertex 176.108 39.5254 1.45
    endloop
  endfacet
  facet normal -0.0646603 -0.997907 -0
    outer loop
      vertex 176.5 39.5 1.45
      vertex 176.108 39.5254 0.15
      vertex 176.5 39.5 0.15
    endloop
  endfacet
  facet normal 0.0646603 -0.997907 0
    outer loop
      vertex 176.5 39.5 0.15
      vertex 176.892 39.5254 1.45
      vertex 176.5 39.5 1.45
    endloop
  endfacet
  facet normal 0.0646603 -0.997907 0
    outer loop
      vertex 176.892 39.5254 1.45
      vertex 176.5 39.5 0.15
      vertex 176.892 39.5254 0.15
    endloop
  endfacet
  facet normal 0.196853 -0.980433 0
    outer loop
      vertex 176.892 39.5254 0.15
      vertex 177.276 39.6025 1.45
      vertex 176.892 39.5254 1.45
    endloop
  endfacet
  facet normal 0.196853 -0.980433 0
    outer loop
      vertex 177.276 39.6025 1.45
      vertex 176.892 39.5254 0.15
      vertex 177.276 39.6025 0.15
    endloop
  endfacet
  facet normal 0.320807 -0.947145 0
    outer loop
      vertex 177.276 39.6025 0.15
      vertex 177.648 39.7285 1.45
      vertex 177.276 39.6025 1.45
    endloop
  endfacet
  facet normal 0.320807 -0.947145 0
    outer loop
      vertex 177.648 39.7285 1.45
      vertex 177.276 39.6025 0.15
      vertex 177.648 39.7285 0.15
    endloop
  endfacet
  facet normal 0.442725 -0.896658 0
    outer loop
      vertex 177.648 39.7285 0.15
      vertex 178 39.9023 1.45
      vertex 177.648 39.7285 1.45
    endloop
  endfacet
  facet normal 0.442725 -0.896658 0
    outer loop
      vertex 178 39.9023 1.45
      vertex 177.648 39.7285 0.15
      vertex 178 39.9023 0.15
    endloop
  endfacet
  facet normal 0.555524 -0.831501 0
    outer loop
      vertex 178 39.9023 0.15
      vertex 178.326 40.1201 1.45
      vertex 178 39.9023 1.45
    endloop
  endfacet
  facet normal 0.555524 -0.831501 0
    outer loop
      vertex 178.326 40.1201 1.45
      vertex 178 39.9023 0.15
      vertex 178.326 40.1201 0.15
    endloop
  endfacet
  facet normal 0.659478 -0.751724 0
    outer loop
      vertex 178.326 40.1201 0.15
      vertex 178.621 40.3789 1.45
      vertex 178.326 40.1201 1.45
    endloop
  endfacet
  facet normal 0.659478 -0.751724 0
    outer loop
      vertex 178.621 40.3789 1.45
      vertex 178.326 40.1201 0.15
      vertex 178.621 40.3789 0.15
    endloop
  endfacet
  facet normal 0.75136 -0.659892 0
    outer loop
      vertex 178.621 40.3789 1.45
      vertex 178.88 40.6738 0.15
      vertex 178.88 40.6738 1.45
    endloop
  endfacet
  facet normal 0.75136 -0.659892 0
    outer loop
      vertex 178.88 40.6738 0.15
      vertex 178.621 40.3789 1.45
      vertex 178.621 40.3789 0.15
    endloop
  endfacet
  facet normal 0.831422 -0.555641 0
    outer loop
      vertex 178.88 40.6738 1.45
      vertex 179.098 41 0.15
      vertex 179.098 41 1.45
    endloop
  endfacet
  facet normal 0.831422 -0.555641 0
    outer loop
      vertex 179.098 41 0.15
      vertex 178.88 40.6738 1.45
      vertex 178.88 40.6738 0.15
    endloop
  endfacet
  facet normal 0.897267 -0.441488 0
    outer loop
      vertex 179.098 41 1.45
      vertex 179.271 41.3516 0.15
      vertex 179.271 41.3516 1.45
    endloop
  endfacet
  facet normal 0.897267 -0.441488 0
    outer loop
      vertex 179.271 41.3516 0.15
      vertex 179.098 41 1.45
      vertex 179.098 41 0.15
    endloop
  endfacet
  facet normal 0.947145 -0.320807 0
    outer loop
      vertex 179.271 41.3516 1.45
      vertex 179.397 41.7236 0.15
      vertex 179.397 41.7236 1.45
    endloop
  endfacet
  facet normal 0.947145 -0.320807 0
    outer loop
      vertex 179.397 41.7236 0.15
      vertex 179.271 41.3516 1.45
      vertex 179.271 41.3516 0.15
    endloop
  endfacet
  facet normal 0.980068 -0.198662 0
    outer loop
      vertex 179.397 41.7236 1.45
      vertex 179.475 42.1084 0.15
      vertex 179.475 42.1084 1.45
    endloop
  endfacet
  facet normal 0.980068 -0.198662 0
    outer loop
      vertex 179.475 42.1084 0.15
      vertex 179.397 41.7236 1.45
      vertex 179.397 41.7236 0.15
    endloop
  endfacet
  facet normal 0.997968 -0.063711 0
    outer loop
      vertex 179.475 42.1084 1.45
      vertex 179.5 42.5 0.15
      vertex 179.5 42.5 1.45
    endloop
  endfacet
  facet normal 0.997968 -0.063711 0
    outer loop
      vertex 179.5 42.5 0.15
      vertex 179.475 42.1084 1.45
      vertex 179.475 42.1084 0.15
    endloop
  endfacet
  facet normal 0.997968 0.063711 0
    outer loop
      vertex 179.5 42.5 1.45
      vertex 179.475 42.8916 0.15
      vertex 179.475 42.8916 1.45
    endloop
  endfacet
  facet normal 0.997968 0.063711 0
    outer loop
      vertex 179.475 42.8916 0.15
      vertex 179.5 42.5 1.45
      vertex 179.5 42.5 0.15
    endloop
  endfacet
  facet normal 0.980068 0.198662 0
    outer loop
      vertex 179.475 42.8916 1.45
      vertex 179.397 43.2764 0.15
      vertex 179.397 43.2764 1.45
    endloop
  endfacet
  facet normal 0.980068 0.198662 0
    outer loop
      vertex 179.397 43.2764 0.15
      vertex 179.475 42.8916 1.45
      vertex 179.475 42.8916 0.15
    endloop
  endfacet
  facet normal 0.947145 0.320807 0
    outer loop
      vertex 179.397 43.2764 1.45
      vertex 179.271 43.6484 0.15
      vertex 179.271 43.6484 1.45
    endloop
  endfacet
  facet normal 0.947145 0.320807 0
    outer loop
      vertex 179.271 43.6484 0.15
      vertex 179.397 43.2764 1.45
      vertex 179.397 43.2764 0.15
    endloop
  endfacet
  facet normal 0.897267 0.441488 0
    outer loop
      vertex 179.271 43.6484 1.45
      vertex 179.098 44 0.15
      vertex 179.098 44 1.45
    endloop
  endfacet
  facet normal 0.897267 0.441488 0
    outer loop
      vertex 179.098 44 0.15
      vertex 179.271 43.6484 1.45
      vertex 179.271 43.6484 0.15
    endloop
  endfacet
  facet normal 0.831422 0.555641 0
    outer loop
      vertex 179.098 44 1.45
      vertex 178.88 44.3262 0.15
      vertex 178.88 44.3262 1.45
    endloop
  endfacet
  facet normal 0.831422 0.555641 0
    outer loop
      vertex 178.88 44.3262 0.15
      vertex 179.098 44 1.45
      vertex 179.098 44 0.15
    endloop
  endfacet
  facet normal 0.75136 0.659892 0
    outer loop
      vertex 178.88 44.3262 1.45
      vertex 178.621 44.6211 0.15
      vertex 178.621 44.6211 1.45
    endloop
  endfacet
  facet normal 0.75136 0.659892 0
    outer loop
      vertex 178.621 44.6211 0.15
      vertex 178.88 44.3262 1.45
      vertex 178.88 44.3262 0.15
    endloop
  endfacet
  facet normal 0.659478 0.751724 -0
    outer loop
      vertex 178.621 44.6211 0.15
      vertex 178.326 44.8799 1.45
      vertex 178.621 44.6211 1.45
    endloop
  endfacet
  facet normal 0.659478 0.751724 0
    outer loop
      vertex 178.326 44.8799 1.45
      vertex 178.621 44.6211 0.15
      vertex 178.326 44.8799 0.15
    endloop
  endfacet
  facet normal 0.555524 0.831501 -0
    outer loop
      vertex 178.326 44.8799 0.15
      vertex 178 45.0977 1.45
      vertex 178.326 44.8799 1.45
    endloop
  endfacet
  facet normal 0.555524 0.831501 0
    outer loop
      vertex 178 45.0977 1.45
      vertex 178.326 44.8799 0.15
      vertex 178 45.0977 0.15
    endloop
  endfacet
  facet normal 0.442725 0.896658 -0
    outer loop
      vertex 178 45.0977 0.15
      vertex 177.648 45.2715 1.45
      vertex 178 45.0977 1.45
    endloop
  endfacet
  facet normal 0.442725 0.896658 0
    outer loop
      vertex 177.648 45.2715 1.45
      vertex 178 45.0977 0.15
      vertex 177.648 45.2715 0.15
    endloop
  endfacet
  facet normal 0.320807 0.947145 -0
    outer loop
      vertex 177.648 45.2715 0.15
      vertex 177.276 45.3975 1.45
      vertex 177.648 45.2715 1.45
    endloop
  endfacet
  facet normal 0.320807 0.947145 0
    outer loop
      vertex 177.276 45.3975 1.45
      vertex 177.648 45.2715 0.15
      vertex 177.276 45.3975 0.15
    endloop
  endfacet
  facet normal 0.196853 0.980433 -0
    outer loop
      vertex 177.276 45.3975 0.15
      vertex 176.892 45.4746 1.45
      vertex 177.276 45.3975 1.45
    endloop
  endfacet
  facet normal 0.196853 0.980433 0
    outer loop
      vertex 176.892 45.4746 1.45
      vertex 177.276 45.3975 0.15
      vertex 176.892 45.4746 0.15
    endloop
  endfacet
  facet normal 0.0646603 0.997907 -0
    outer loop
      vertex 176.892 45.4746 0.15
      vertex 176.5 45.5 1.45
      vertex 176.892 45.4746 1.45
    endloop
  endfacet
  facet normal 0.0646603 0.997907 0
    outer loop
      vertex 176.5 45.5 1.45
      vertex 176.892 45.4746 0.15
      vertex 176.5 45.5 0.15
    endloop
  endfacet
  facet normal -0.0646603 0.997907 0
    outer loop
      vertex 176.5 45.5 0.15
      vertex 176.108 45.4746 1.45
      vertex 176.5 45.5 1.45
    endloop
  endfacet
  facet normal -0.0646603 0.997907 0
    outer loop
      vertex 176.108 45.4746 1.45
      vertex 176.5 45.5 0.15
      vertex 176.108 45.4746 0.15
    endloop
  endfacet
  facet normal -0.19906 0.979987 0
    outer loop
      vertex 108.108 118.475 0.15
      vertex 107.724 118.397 1.45
      vertex 108.108 118.475 1.45
    endloop
  endfacet
  facet normal -0.19906 0.979987 0
    outer loop
      vertex 107.724 118.397 1.45
      vertex 108.108 118.475 0.15
      vertex 107.724 118.397 0.15
    endloop
  endfacet
  facet normal -0.320807 0.947145 0
    outer loop
      vertex 107.724 118.397 0.15
      vertex 107.352 118.271 1.45
      vertex 107.724 118.397 1.45
    endloop
  endfacet
  facet normal -0.320807 0.947145 0
    outer loop
      vertex 107.352 118.271 1.45
      vertex 107.724 118.397 0.15
      vertex 107.352 118.271 0.15
    endloop
  endfacet
  facet normal -0.441084 0.897466 0
    outer loop
      vertex 107.352 118.271 0.15
      vertex 107 118.098 1.45
      vertex 107.352 118.271 1.45
    endloop
  endfacet
  facet normal -0.441084 0.897466 0
    outer loop
      vertex 107 118.098 1.45
      vertex 107.352 118.271 0.15
      vertex 107 118.098 0.15
    endloop
  endfacet
  facet normal -0.555877 0.831265 0
    outer loop
      vertex 107 118.098 0.15
      vertex 106.674 117.88 1.45
      vertex 107 118.098 1.45
    endloop
  endfacet
  facet normal -0.555877 0.831265 0
    outer loop
      vertex 106.674 117.88 1.45
      vertex 107 118.098 0.15
      vertex 106.674 117.88 0.15
    endloop
  endfacet
  facet normal -0.659766 0.751471 0
    outer loop
      vertex 106.674 117.88 0.15
      vertex 106.379 117.621 1.45
      vertex 106.674 117.88 1.45
    endloop
  endfacet
  facet normal -0.659766 0.751471 0
    outer loop
      vertex 106.379 117.621 1.45
      vertex 106.674 117.88 0.15
      vertex 106.379 117.621 0.15
    endloop
  endfacet
  facet normal -0.751471 0.659766 0
    outer loop
      vertex 106.12 117.326 0.15
      vertex 106.379 117.621 1.45
      vertex 106.379 117.621 0.15
    endloop
  endfacet
  facet normal -0.751471 0.659766 0
    outer loop
      vertex 106.379 117.621 1.45
      vertex 106.12 117.326 0.15
      vertex 106.12 117.326 1.45
    endloop
  endfacet
  facet normal -0.831265 0.555877 0
    outer loop
      vertex 105.902 117 0.15
      vertex 106.12 117.326 1.45
      vertex 106.12 117.326 0.15
    endloop
  endfacet
  facet normal -0.831265 0.555877 0
    outer loop
      vertex 106.12 117.326 1.45
      vertex 105.902 117 0.15
      vertex 105.902 117 1.45
    endloop
  endfacet
  facet normal -0.897466 0.441084 0
    outer loop
      vertex 105.729 116.648 0.15
      vertex 105.902 117 1.45
      vertex 105.902 117 0.15
    endloop
  endfacet
  facet normal -0.897466 0.441084 0
    outer loop
      vertex 105.902 117 1.45
      vertex 105.729 116.648 0.15
      vertex 105.729 116.648 1.45
    endloop
  endfacet
  facet normal -0.947145 0.320807 0
    outer loop
      vertex 105.603 116.276 0.15
      vertex 105.729 116.648 1.45
      vertex 105.729 116.648 0.15
    endloop
  endfacet
  facet normal -0.947145 0.320807 0
    outer loop
      vertex 105.729 116.648 1.45
      vertex 105.603 116.276 0.15
      vertex 105.603 116.276 1.45
    endloop
  endfacet
  facet normal -0.979987 0.19906 0
    outer loop
      vertex 105.525 115.892 0.15
      vertex 105.603 116.276 1.45
      vertex 105.603 116.276 0.15
    endloop
  endfacet
  facet normal -0.979987 0.19906 0
    outer loop
      vertex 105.603 116.276 1.45
      vertex 105.525 115.892 0.15
      vertex 105.525 115.892 1.45
    endloop
  endfacet
  facet normal -0.997973 0.0636462 0
    outer loop
      vertex 105.5 115.5 0.15
      vertex 105.525 115.892 1.45
      vertex 105.525 115.892 0.15
    endloop
  endfacet
  facet normal -0.997973 0.0636462 0
    outer loop
      vertex 105.525 115.892 1.45
      vertex 105.5 115.5 0.15
      vertex 105.5 115.5 1.45
    endloop
  endfacet
  facet normal -0.997973 -0.0636462 0
    outer loop
      vertex 105.525 115.108 0.15
      vertex 105.5 115.5 1.45
      vertex 105.5 115.5 0.15
    endloop
  endfacet
  facet normal -0.997973 -0.0636462 0
    outer loop
      vertex 105.5 115.5 1.45
      vertex 105.525 115.108 0.15
      vertex 105.525 115.108 1.45
    endloop
  endfacet
  facet normal -0.979987 -0.19906 0
    outer loop
      vertex 105.603 114.724 0.15
      vertex 105.525 115.108 1.45
      vertex 105.525 115.108 0.15
    endloop
  endfacet
  facet normal -0.979987 -0.19906 0
    outer loop
      vertex 105.525 115.108 1.45
      vertex 105.603 114.724 0.15
      vertex 105.603 114.724 1.45
    endloop
  endfacet
  facet normal -0.947145 -0.320807 0
    outer loop
      vertex 105.729 114.352 0.15
      vertex 105.603 114.724 1.45
      vertex 105.603 114.724 0.15
    endloop
  endfacet
  facet normal -0.947145 -0.320807 0
    outer loop
      vertex 105.603 114.724 1.45
      vertex 105.729 114.352 0.15
      vertex 105.729 114.352 1.45
    endloop
  endfacet
  facet normal -0.897466 -0.441084 0
    outer loop
      vertex 105.902 114 0.15
      vertex 105.729 114.352 1.45
      vertex 105.729 114.352 0.15
    endloop
  endfacet
  facet normal -0.897466 -0.441084 0
    outer loop
      vertex 105.729 114.352 1.45
      vertex 105.902 114 0.15
      vertex 105.902 114 1.45
    endloop
  endfacet
  facet normal -0.831265 -0.555877 0
    outer loop
      vertex 106.12 113.674 0.15
      vertex 105.902 114 1.45
      vertex 105.902 114 0.15
    endloop
  endfacet
  facet normal -0.831265 -0.555877 0
    outer loop
      vertex 105.902 114 1.45
      vertex 106.12 113.674 0.15
      vertex 106.12 113.674 1.45
    endloop
  endfacet
  facet normal -0.751471 -0.659766 0
    outer loop
      vertex 106.379 113.379 0.15
      vertex 106.12 113.674 1.45
      vertex 106.12 113.674 0.15
    endloop
  endfacet
  facet normal -0.751471 -0.659766 0
    outer loop
      vertex 106.12 113.674 1.45
      vertex 106.379 113.379 0.15
      vertex 106.379 113.379 1.45
    endloop
  endfacet
  facet normal -0.659766 -0.751471 0
    outer loop
      vertex 106.379 113.379 0.15
      vertex 106.674 113.12 1.45
      vertex 106.379 113.379 1.45
    endloop
  endfacet
  facet normal -0.659766 -0.751471 -0
    outer loop
      vertex 106.674 113.12 1.45
      vertex 106.379 113.379 0.15
      vertex 106.674 113.12 0.15
    endloop
  endfacet
  facet normal -0.555877 -0.831265 0
    outer loop
      vertex 106.674 113.12 0.15
      vertex 107 112.902 1.45
      vertex 106.674 113.12 1.45
    endloop
  endfacet
  facet normal -0.555877 -0.831265 -0
    outer loop
      vertex 107 112.902 1.45
      vertex 106.674 113.12 0.15
      vertex 107 112.902 0.15
    endloop
  endfacet
  facet normal -0.441084 -0.897466 0
    outer loop
      vertex 107 112.902 0.15
      vertex 107.352 112.729 1.45
      vertex 107 112.902 1.45
    endloop
  endfacet
  facet normal -0.441084 -0.897466 -0
    outer loop
      vertex 107.352 112.729 1.45
      vertex 107 112.902 0.15
      vertex 107.352 112.729 0.15
    endloop
  endfacet
  facet normal -0.320807 -0.947145 0
    outer loop
      vertex 107.352 112.729 0.15
      vertex 107.724 112.603 1.45
      vertex 107.352 112.729 1.45
    endloop
  endfacet
  facet normal -0.320807 -0.947145 -0
    outer loop
      vertex 107.724 112.603 1.45
      vertex 107.352 112.729 0.15
      vertex 107.724 112.603 0.15
    endloop
  endfacet
  facet normal -0.19906 -0.979987 0
    outer loop
      vertex 107.724 112.603 0.15
      vertex 108.108 112.525 1.45
      vertex 107.724 112.603 1.45
    endloop
  endfacet
  facet normal -0.19906 -0.979987 -0
    outer loop
      vertex 108.108 112.525 1.45
      vertex 107.724 112.603 0.15
      vertex 108.108 112.525 0.15
    endloop
  endfacet
  facet normal -0.0636462 -0.997973 0
    outer loop
      vertex 108.108 112.525 0.15
      vertex 108.5 112.5 1.45
      vertex 108.108 112.525 1.45
    endloop
  endfacet
  facet normal -0.0636462 -0.997973 -0
    outer loop
      vertex 108.5 112.5 1.45
      vertex 108.108 112.525 0.15
      vertex 108.5 112.5 0.15
    endloop
  endfacet
  facet normal 0.0636462 -0.997973 0
    outer loop
      vertex 108.5 112.5 0.15
      vertex 108.892 112.525 1.45
      vertex 108.5 112.5 1.45
    endloop
  endfacet
  facet normal 0.0636462 -0.997973 0
    outer loop
      vertex 108.892 112.525 1.45
      vertex 108.5 112.5 0.15
      vertex 108.892 112.525 0.15
    endloop
  endfacet
  facet normal 0.19906 -0.979987 0
    outer loop
      vertex 108.892 112.525 0.15
      vertex 109.276 112.603 1.45
      vertex 108.892 112.525 1.45
    endloop
  endfacet
  facet normal 0.19906 -0.979987 0
    outer loop
      vertex 109.276 112.603 1.45
      vertex 108.892 112.525 0.15
      vertex 109.276 112.603 0.15
    endloop
  endfacet
  facet normal 0.320807 -0.947145 0
    outer loop
      vertex 109.276 112.603 0.15
      vertex 109.648 112.729 1.45
      vertex 109.276 112.603 1.45
    endloop
  endfacet
  facet normal 0.320807 -0.947145 0
    outer loop
      vertex 109.648 112.729 1.45
      vertex 109.276 112.603 0.15
      vertex 109.648 112.729 0.15
    endloop
  endfacet
  facet normal 0.441084 -0.897466 0
    outer loop
      vertex 109.648 112.729 0.15
      vertex 110 112.902 1.45
      vertex 109.648 112.729 1.45
    endloop
  endfacet
  facet normal 0.441084 -0.897466 0
    outer loop
      vertex 110 112.902 1.45
      vertex 109.648 112.729 0.15
      vertex 110 112.902 0.15
    endloop
  endfacet
  facet normal 0.555877 -0.831265 0
    outer loop
      vertex 110 112.902 0.15
      vertex 110.326 113.12 1.45
      vertex 110 112.902 1.45
    endloop
  endfacet
  facet normal 0.555877 -0.831265 0
    outer loop
      vertex 110.326 113.12 1.45
      vertex 110 112.902 0.15
      vertex 110.326 113.12 0.15
    endloop
  endfacet
  facet normal 0.659766 -0.751471 0
    outer loop
      vertex 110.326 113.12 0.15
      vertex 110.621 113.379 1.45
      vertex 110.326 113.12 1.45
    endloop
  endfacet
  facet normal 0.659766 -0.751471 0
    outer loop
      vertex 110.621 113.379 1.45
      vertex 110.326 113.12 0.15
      vertex 110.621 113.379 0.15
    endloop
  endfacet
  facet normal 0.751471 -0.659766 0
    outer loop
      vertex 110.621 113.379 1.45
      vertex 110.88 113.674 0.15
      vertex 110.88 113.674 1.45
    endloop
  endfacet
  facet normal 0.751471 -0.659766 0
    outer loop
      vertex 110.88 113.674 0.15
      vertex 110.621 113.379 1.45
      vertex 110.621 113.379 0.15
    endloop
  endfacet
  facet normal 0.831265 -0.555877 0
    outer loop
      vertex 110.88 113.674 1.45
      vertex 111.098 114 0.15
      vertex 111.098 114 1.45
    endloop
  endfacet
  facet normal 0.831265 -0.555877 0
    outer loop
      vertex 111.098 114 0.15
      vertex 110.88 113.674 1.45
      vertex 110.88 113.674 0.15
    endloop
  endfacet
  facet normal 0.897466 -0.441084 0
    outer loop
      vertex 111.098 114 1.45
      vertex 111.271 114.352 0.15
      vertex 111.271 114.352 1.45
    endloop
  endfacet
  facet normal 0.897466 -0.441084 0
    outer loop
      vertex 111.271 114.352 0.15
      vertex 111.098 114 1.45
      vertex 111.098 114 0.15
    endloop
  endfacet
  facet normal 0.947145 -0.320807 0
    outer loop
      vertex 111.271 114.352 1.45
      vertex 111.397 114.724 0.15
      vertex 111.397 114.724 1.45
    endloop
  endfacet
  facet normal 0.947145 -0.320807 0
    outer loop
      vertex 111.397 114.724 0.15
      vertex 111.271 114.352 1.45
      vertex 111.271 114.352 0.15
    endloop
  endfacet
  facet normal 0.979987 -0.19906 0
    outer loop
      vertex 111.397 114.724 1.45
      vertex 111.475 115.108 0.15
      vertex 111.475 115.108 1.45
    endloop
  endfacet
  facet normal 0.979987 -0.19906 0
    outer loop
      vertex 111.475 115.108 0.15
      vertex 111.397 114.724 1.45
      vertex 111.397 114.724 0.15
    endloop
  endfacet
  facet normal 0.997973 -0.0636462 0
    outer loop
      vertex 111.475 115.108 1.45
      vertex 111.5 115.5 0.15
      vertex 111.5 115.5 1.45
    endloop
  endfacet
  facet normal 0.997973 -0.0636462 0
    outer loop
      vertex 111.5 115.5 0.15
      vertex 111.475 115.108 1.45
      vertex 111.475 115.108 0.15
    endloop
  endfacet
  facet normal 0.997973 0.0636462 0
    outer loop
      vertex 111.5 115.5 1.45
      vertex 111.475 115.892 0.15
      vertex 111.475 115.892 1.45
    endloop
  endfacet
  facet normal 0.997973 0.0636462 0
    outer loop
      vertex 111.475 115.892 0.15
      vertex 111.5 115.5 1.45
      vertex 111.5 115.5 0.15
    endloop
  endfacet
  facet normal 0.979987 0.19906 0
    outer loop
      vertex 111.475 115.892 1.45
      vertex 111.397 116.276 0.15
      vertex 111.397 116.276 1.45
    endloop
  endfacet
  facet normal 0.979987 0.19906 0
    outer loop
      vertex 111.397 116.276 0.15
      vertex 111.475 115.892 1.45
      vertex 111.475 115.892 0.15
    endloop
  endfacet
  facet normal 0.947145 0.320807 0
    outer loop
      vertex 111.397 116.276 1.45
      vertex 111.271 116.648 0.15
      vertex 111.271 116.648 1.45
    endloop
  endfacet
  facet normal 0.947145 0.320807 0
    outer loop
      vertex 111.271 116.648 0.15
      vertex 111.397 116.276 1.45
      vertex 111.397 116.276 0.15
    endloop
  endfacet
  facet normal 0.897466 0.441084 0
    outer loop
      vertex 111.271 116.648 1.45
      vertex 111.098 117 0.15
      vertex 111.098 117 1.45
    endloop
  endfacet
  facet normal 0.897466 0.441084 0
    outer loop
      vertex 111.098 117 0.15
      vertex 111.271 116.648 1.45
      vertex 111.271 116.648 0.15
    endloop
  endfacet
  facet normal 0.831265 0.555877 0
    outer loop
      vertex 111.098 117 1.45
      vertex 110.88 117.326 0.15
      vertex 110.88 117.326 1.45
    endloop
  endfacet
  facet normal 0.831265 0.555877 0
    outer loop
      vertex 110.88 117.326 0.15
      vertex 111.098 117 1.45
      vertex 111.098 117 0.15
    endloop
  endfacet
  facet normal 0.751471 0.659766 0
    outer loop
      vertex 110.88 117.326 1.45
      vertex 110.621 117.621 0.15
      vertex 110.621 117.621 1.45
    endloop
  endfacet
  facet normal 0.751471 0.659766 0
    outer loop
      vertex 110.621 117.621 0.15
      vertex 110.88 117.326 1.45
      vertex 110.88 117.326 0.15
    endloop
  endfacet
  facet normal 0.659766 0.751471 -0
    outer loop
      vertex 110.621 117.621 0.15
      vertex 110.326 117.88 1.45
      vertex 110.621 117.621 1.45
    endloop
  endfacet
  facet normal 0.659766 0.751471 0
    outer loop
      vertex 110.326 117.88 1.45
      vertex 110.621 117.621 0.15
      vertex 110.326 117.88 0.15
    endloop
  endfacet
  facet normal 0.555877 0.831265 -0
    outer loop
      vertex 110.326 117.88 0.15
      vertex 110 118.098 1.45
      vertex 110.326 117.88 1.45
    endloop
  endfacet
  facet normal 0.555877 0.831265 0
    outer loop
      vertex 110 118.098 1.45
      vertex 110.326 117.88 0.15
      vertex 110 118.098 0.15
    endloop
  endfacet
  facet normal 0.441084 0.897466 -0
    outer loop
      vertex 110 118.098 0.15
      vertex 109.648 118.271 1.45
      vertex 110 118.098 1.45
    endloop
  endfacet
  facet normal 0.441084 0.897466 0
    outer loop
      vertex 109.648 118.271 1.45
      vertex 110 118.098 0.15
      vertex 109.648 118.271 0.15
    endloop
  endfacet
  facet normal 0.320807 0.947145 -0
    outer loop
      vertex 109.648 118.271 0.15
      vertex 109.276 118.397 1.45
      vertex 109.648 118.271 1.45
    endloop
  endfacet
  facet normal 0.320807 0.947145 0
    outer loop
      vertex 109.276 118.397 1.45
      vertex 109.648 118.271 0.15
      vertex 109.276 118.397 0.15
    endloop
  endfacet
  facet normal 0.19906 0.979987 -0
    outer loop
      vertex 109.276 118.397 0.15
      vertex 108.892 118.475 1.45
      vertex 109.276 118.397 1.45
    endloop
  endfacet
  facet normal 0.19906 0.979987 0
    outer loop
      vertex 108.892 118.475 1.45
      vertex 109.276 118.397 0.15
      vertex 108.892 118.475 0.15
    endloop
  endfacet
  facet normal 0.0636462 0.997973 -0
    outer loop
      vertex 108.892 118.475 0.15
      vertex 108.5 118.5 1.45
      vertex 108.892 118.475 1.45
    endloop
  endfacet
  facet normal 0.0636462 0.997973 0
    outer loop
      vertex 108.5 118.5 1.45
      vertex 108.892 118.475 0.15
      vertex 108.5 118.5 0.15
    endloop
  endfacet
  facet normal -0.0636462 0.997973 0
    outer loop
      vertex 108.5 118.5 0.15
      vertex 108.108 118.475 1.45
      vertex 108.5 118.5 1.45
    endloop
  endfacet
  facet normal -0.0636462 0.997973 0
    outer loop
      vertex 108.108 118.475 1.45
      vertex 108.5 118.5 0.15
      vertex 108.108 118.475 0.15
    endloop
  endfacet
  facet normal -0.19906 0.979987 0
    outer loop
      vertex 176.108 118.475 0.15
      vertex 175.724 118.397 1.45
      vertex 176.108 118.475 1.45
    endloop
  endfacet
  facet normal -0.19906 0.979987 0
    outer loop
      vertex 175.724 118.397 1.45
      vertex 176.108 118.475 0.15
      vertex 175.724 118.397 0.15
    endloop
  endfacet
  facet normal -0.320807 0.947145 0
    outer loop
      vertex 175.724 118.397 0.15
      vertex 175.352 118.271 1.45
      vertex 175.724 118.397 1.45
    endloop
  endfacet
  facet normal -0.320807 0.947145 0
    outer loop
      vertex 175.352 118.271 1.45
      vertex 175.724 118.397 0.15
      vertex 175.352 118.271 0.15
    endloop
  endfacet
  facet normal -0.441084 0.897466 0
    outer loop
      vertex 175.352 118.271 0.15
      vertex 175 118.098 1.45
      vertex 175.352 118.271 1.45
    endloop
  endfacet
  facet normal -0.441084 0.897466 0
    outer loop
      vertex 175 118.098 1.45
      vertex 175.352 118.271 0.15
      vertex 175 118.098 0.15
    endloop
  endfacet
  facet normal -0.555877 0.831265 0
    outer loop
      vertex 175 118.098 0.15
      vertex 174.674 117.88 1.45
      vertex 175 118.098 1.45
    endloop
  endfacet
  facet normal -0.555877 0.831265 0
    outer loop
      vertex 174.674 117.88 1.45
      vertex 175 118.098 0.15
      vertex 174.674 117.88 0.15
    endloop
  endfacet
  facet normal -0.659766 0.751471 0
    outer loop
      vertex 174.674 117.88 0.15
      vertex 174.379 117.621 1.45
      vertex 174.674 117.88 1.45
    endloop
  endfacet
  facet normal -0.659766 0.751471 0
    outer loop
      vertex 174.379 117.621 1.45
      vertex 174.674 117.88 0.15
      vertex 174.379 117.621 0.15
    endloop
  endfacet
  facet normal -0.751471 0.659766 0
    outer loop
      vertex 174.12 117.326 0.15
      vertex 174.379 117.621 1.45
      vertex 174.379 117.621 0.15
    endloop
  endfacet
  facet normal -0.751471 0.659766 0
    outer loop
      vertex 174.379 117.621 1.45
      vertex 174.12 117.326 0.15
      vertex 174.12 117.326 1.45
    endloop
  endfacet
  facet normal -0.831265 0.555877 0
    outer loop
      vertex 173.902 117 0.15
      vertex 174.12 117.326 1.45
      vertex 174.12 117.326 0.15
    endloop
  endfacet
  facet normal -0.831265 0.555877 0
    outer loop
      vertex 174.12 117.326 1.45
      vertex 173.902 117 0.15
      vertex 173.902 117 1.45
    endloop
  endfacet
  facet normal -0.897466 0.441084 0
    outer loop
      vertex 173.729 116.648 0.15
      vertex 173.902 117 1.45
      vertex 173.902 117 0.15
    endloop
  endfacet
  facet normal -0.897466 0.441084 0
    outer loop
      vertex 173.902 117 1.45
      vertex 173.729 116.648 0.15
      vertex 173.729 116.648 1.45
    endloop
  endfacet
  facet normal -0.947145 0.320807 0
    outer loop
      vertex 173.603 116.276 0.15
      vertex 173.729 116.648 1.45
      vertex 173.729 116.648 0.15
    endloop
  endfacet
  facet normal -0.947145 0.320807 0
    outer loop
      vertex 173.729 116.648 1.45
      vertex 173.603 116.276 0.15
      vertex 173.603 116.276 1.45
    endloop
  endfacet
  facet normal -0.979987 0.19906 0
    outer loop
      vertex 173.525 115.892 0.15
      vertex 173.603 116.276 1.45
      vertex 173.603 116.276 0.15
    endloop
  endfacet
  facet normal -0.979987 0.19906 0
    outer loop
      vertex 173.603 116.276 1.45
      vertex 173.525 115.892 0.15
      vertex 173.525 115.892 1.45
    endloop
  endfacet
  facet normal -0.997973 0.0636462 0
    outer loop
      vertex 173.5 115.5 0.15
      vertex 173.525 115.892 1.45
      vertex 173.525 115.892 0.15
    endloop
  endfacet
  facet normal -0.997973 0.0636462 0
    outer loop
      vertex 173.525 115.892 1.45
      vertex 173.5 115.5 0.15
      vertex 173.5 115.5 1.45
    endloop
  endfacet
  facet normal -0.997973 -0.0636462 0
    outer loop
      vertex 173.525 115.108 0.15
      vertex 173.5 115.5 1.45
      vertex 173.5 115.5 0.15
    endloop
  endfacet
  facet normal -0.997973 -0.0636462 0
    outer loop
      vertex 173.5 115.5 1.45
      vertex 173.525 115.108 0.15
      vertex 173.525 115.108 1.45
    endloop
  endfacet
  facet normal -0.979987 -0.19906 0
    outer loop
      vertex 173.603 114.724 0.15
      vertex 173.525 115.108 1.45
      vertex 173.525 115.108 0.15
    endloop
  endfacet
  facet normal -0.979987 -0.19906 0
    outer loop
      vertex 173.525 115.108 1.45
      vertex 173.603 114.724 0.15
      vertex 173.603 114.724 1.45
    endloop
  endfacet
  facet normal -0.947145 -0.320807 0
    outer loop
      vertex 173.729 114.352 0.15
      vertex 173.603 114.724 1.45
      vertex 173.603 114.724 0.15
    endloop
  endfacet
  facet normal -0.947145 -0.320807 0
    outer loop
      vertex 173.603 114.724 1.45
      vertex 173.729 114.352 0.15
      vertex 173.729 114.352 1.45
    endloop
  endfacet
  facet normal -0.897466 -0.441084 0
    outer loop
      vertex 173.902 114 0.15
      vertex 173.729 114.352 1.45
      vertex 173.729 114.352 0.15
    endloop
  endfacet
  facet normal -0.897466 -0.441084 0
    outer loop
      vertex 173.729 114.352 1.45
      vertex 173.902 114 0.15
      vertex 173.902 114 1.45
    endloop
  endfacet
  facet normal -0.831265 -0.555877 0
    outer loop
      vertex 174.12 113.674 0.15
      vertex 173.902 114 1.45
      vertex 173.902 114 0.15
    endloop
  endfacet
  facet normal -0.831265 -0.555877 0
    outer loop
      vertex 173.902 114 1.45
      vertex 174.12 113.674 0.15
      vertex 174.12 113.674 1.45
    endloop
  endfacet
  facet normal -0.751471 -0.659766 0
    outer loop
      vertex 174.379 113.379 0.15
      vertex 174.12 113.674 1.45
      vertex 174.12 113.674 0.15
    endloop
  endfacet
  facet normal -0.751471 -0.659766 0
    outer loop
      vertex 174.12 113.674 1.45
      vertex 174.379 113.379 0.15
      vertex 174.379 113.379 1.45
    endloop
  endfacet
  facet normal -0.659766 -0.751471 0
    outer loop
      vertex 174.379 113.379 0.15
      vertex 174.674 113.12 1.45
      vertex 174.379 113.379 1.45
    endloop
  endfacet
  facet normal -0.659766 -0.751471 -0
    outer loop
      vertex 174.674 113.12 1.45
      vertex 174.379 113.379 0.15
      vertex 174.674 113.12 0.15
    endloop
  endfacet
  facet normal -0.555877 -0.831265 0
    outer loop
      vertex 174.674 113.12 0.15
      vertex 175 112.902 1.45
      vertex 174.674 113.12 1.45
    endloop
  endfacet
  facet normal -0.555877 -0.831265 -0
    outer loop
      vertex 175 112.902 1.45
      vertex 174.674 113.12 0.15
      vertex 175 112.902 0.15
    endloop
  endfacet
  facet normal -0.441084 -0.897466 0
    outer loop
      vertex 175 112.902 0.15
      vertex 175.352 112.729 1.45
      vertex 175 112.902 1.45
    endloop
  endfacet
  facet normal -0.441084 -0.897466 -0
    outer loop
      vertex 175.352 112.729 1.45
      vertex 175 112.902 0.15
      vertex 175.352 112.729 0.15
    endloop
  endfacet
  facet normal -0.320807 -0.947145 0
    outer loop
      vertex 175.352 112.729 0.15
      vertex 175.724 112.603 1.45
      vertex 175.352 112.729 1.45
    endloop
  endfacet
  facet normal -0.320807 -0.947145 -0
    outer loop
      vertex 175.724 112.603 1.45
      vertex 175.352 112.729 0.15
      vertex 175.724 112.603 0.15
    endloop
  endfacet
  facet normal -0.19906 -0.979987 0
    outer loop
      vertex 175.724 112.603 0.15
      vertex 176.108 112.525 1.45
      vertex 175.724 112.603 1.45
    endloop
  endfacet
  facet normal -0.19906 -0.979987 -0
    outer loop
      vertex 176.108 112.525 1.45
      vertex 175.724 112.603 0.15
      vertex 176.108 112.525 0.15
    endloop
  endfacet
  facet normal -0.0636462 -0.997973 0
    outer loop
      vertex 176.108 112.525 0.15
      vertex 176.5 112.5 1.45
      vertex 176.108 112.525 1.45
    endloop
  endfacet
  facet normal -0.0636462 -0.997973 -0
    outer loop
      vertex 176.5 112.5 1.45
      vertex 176.108 112.525 0.15
      vertex 176.5 112.5 0.15
    endloop
  endfacet
  facet normal 0.0636462 -0.997973 0
    outer loop
      vertex 176.5 112.5 0.15
      vertex 176.892 112.525 1.45
      vertex 176.5 112.5 1.45
    endloop
  endfacet
  facet normal 0.0636462 -0.997973 0
    outer loop
      vertex 176.892 112.525 1.45
      vertex 176.5 112.5 0.15
      vertex 176.892 112.525 0.15
    endloop
  endfacet
  facet normal 0.19906 -0.979987 0
    outer loop
      vertex 176.892 112.525 0.15
      vertex 177.276 112.603 1.45
      vertex 176.892 112.525 1.45
    endloop
  endfacet
  facet normal 0.19906 -0.979987 0
    outer loop
      vertex 177.276 112.603 1.45
      vertex 176.892 112.525 0.15
      vertex 177.276 112.603 0.15
    endloop
  endfacet
  facet normal 0.320807 -0.947145 0
    outer loop
      vertex 177.276 112.603 0.15
      vertex 177.648 112.729 1.45
      vertex 177.276 112.603 1.45
    endloop
  endfacet
  facet normal 0.320807 -0.947145 0
    outer loop
      vertex 177.648 112.729 1.45
      vertex 177.276 112.603 0.15
      vertex 177.648 112.729 0.15
    endloop
  endfacet
  facet normal 0.441084 -0.897466 0
    outer loop
      vertex 177.648 112.729 0.15
      vertex 178 112.902 1.45
      vertex 177.648 112.729 1.45
    endloop
  endfacet
  facet normal 0.441084 -0.897466 0
    outer loop
      vertex 178 112.902 1.45
      vertex 177.648 112.729 0.15
      vertex 178 112.902 0.15
    endloop
  endfacet
  facet normal 0.555877 -0.831265 0
    outer loop
      vertex 178 112.902 0.15
      vertex 178.326 113.12 1.45
      vertex 178 112.902 1.45
    endloop
  endfacet
  facet normal 0.555877 -0.831265 0
    outer loop
      vertex 178.326 113.12 1.45
      vertex 178 112.902 0.15
      vertex 178.326 113.12 0.15
    endloop
  endfacet
  facet normal 0.659766 -0.751471 0
    outer loop
      vertex 178.326 113.12 0.15
      vertex 178.621 113.379 1.45
      vertex 178.326 113.12 1.45
    endloop
  endfacet
  facet normal 0.659766 -0.751471 0
    outer loop
      vertex 178.621 113.379 1.45
      vertex 178.326 113.12 0.15
      vertex 178.621 113.379 0.15
    endloop
  endfacet
  facet normal 0.751471 -0.659766 0
    outer loop
      vertex 178.621 113.379 1.45
      vertex 178.88 113.674 0.15
      vertex 178.88 113.674 1.45
    endloop
  endfacet
  facet normal 0.751471 -0.659766 0
    outer loop
      vertex 178.88 113.674 0.15
      vertex 178.621 113.379 1.45
      vertex 178.621 113.379 0.15
    endloop
  endfacet
  facet normal 0.831265 -0.555877 0
    outer loop
      vertex 178.88 113.674 1.45
      vertex 179.098 114 0.15
      vertex 179.098 114 1.45
    endloop
  endfacet
  facet normal 0.831265 -0.555877 0
    outer loop
      vertex 179.098 114 0.15
      vertex 178.88 113.674 1.45
      vertex 178.88 113.674 0.15
    endloop
  endfacet
  facet normal 0.897466 -0.441084 0
    outer loop
      vertex 179.098 114 1.45
      vertex 179.271 114.352 0.15
      vertex 179.271 114.352 1.45
    endloop
  endfacet
  facet normal 0.897466 -0.441084 0
    outer loop
      vertex 179.271 114.352 0.15
      vertex 179.098 114 1.45
      vertex 179.098 114 0.15
    endloop
  endfacet
  facet normal 0.947145 -0.320807 0
    outer loop
      vertex 179.271 114.352 1.45
      vertex 179.397 114.724 0.15
      vertex 179.397 114.724 1.45
    endloop
  endfacet
  facet normal 0.947145 -0.320807 0
    outer loop
      vertex 179.397 114.724 0.15
      vertex 179.271 114.352 1.45
      vertex 179.271 114.352 0.15
    endloop
  endfacet
  facet normal 0.979987 -0.19906 0
    outer loop
      vertex 179.397 114.724 1.45
      vertex 179.475 115.108 0.15
      vertex 179.475 115.108 1.45
    endloop
  endfacet
  facet normal 0.979987 -0.19906 0
    outer loop
      vertex 179.475 115.108 0.15
      vertex 179.397 114.724 1.45
      vertex 179.397 114.724 0.15
    endloop
  endfacet
  facet normal 0.997973 -0.0636462 0
    outer loop
      vertex 179.475 115.108 1.45
      vertex 179.5 115.5 0.15
      vertex 179.5 115.5 1.45
    endloop
  endfacet
  facet normal 0.997973 -0.0636462 0
    outer loop
      vertex 179.5 115.5 0.15
      vertex 179.475 115.108 1.45
      vertex 179.475 115.108 0.15
    endloop
  endfacet
  facet normal 0.997973 0.0636462 0
    outer loop
      vertex 179.5 115.5 1.45
      vertex 179.475 115.892 0.15
      vertex 179.475 115.892 1.45
    endloop
  endfacet
  facet normal 0.997973 0.0636462 0
    outer loop
      vertex 179.475 115.892 0.15
      vertex 179.5 115.5 1.45
      vertex 179.5 115.5 0.15
    endloop
  endfacet
  facet normal 0.979987 0.19906 0
    outer loop
      vertex 179.475 115.892 1.45
      vertex 179.397 116.276 0.15
      vertex 179.397 116.276 1.45
    endloop
  endfacet
  facet normal 0.979987 0.19906 0
    outer loop
      vertex 179.397 116.276 0.15
      vertex 179.475 115.892 1.45
      vertex 179.475 115.892 0.15
    endloop
  endfacet
  facet normal 0.947145 0.320807 0
    outer loop
      vertex 179.397 116.276 1.45
      vertex 179.271 116.648 0.15
      vertex 179.271 116.648 1.45
    endloop
  endfacet
  facet normal 0.947145 0.320807 0
    outer loop
      vertex 179.271 116.648 0.15
      vertex 179.397 116.276 1.45
      vertex 179.397 116.276 0.15
    endloop
  endfacet
  facet normal 0.897466 0.441084 0
    outer loop
      vertex 179.271 116.648 1.45
      vertex 179.098 117 0.15
      vertex 179.098 117 1.45
    endloop
  endfacet
  facet normal 0.897466 0.441084 0
    outer loop
      vertex 179.098 117 0.15
      vertex 179.271 116.648 1.45
      vertex 179.271 116.648 0.15
    endloop
  endfacet
  facet normal 0.831265 0.555877 0
    outer loop
      vertex 179.098 117 1.45
      vertex 178.88 117.326 0.15
      vertex 178.88 117.326 1.45
    endloop
  endfacet
  facet normal 0.831265 0.555877 0
    outer loop
      vertex 178.88 117.326 0.15
      vertex 179.098 117 1.45
      vertex 179.098 117 0.15
    endloop
  endfacet
  facet normal 0.751471 0.659766 0
    outer loop
      vertex 178.88 117.326 1.45
      vertex 178.621 117.621 0.15
      vertex 178.621 117.621 1.45
    endloop
  endfacet
  facet normal 0.751471 0.659766 0
    outer loop
      vertex 178.621 117.621 0.15
      vertex 178.88 117.326 1.45
      vertex 178.88 117.326 0.15
    endloop
  endfacet
  facet normal 0.659766 0.751471 -0
    outer loop
      vertex 178.621 117.621 0.15
      vertex 178.326 117.88 1.45
      vertex 178.621 117.621 1.45
    endloop
  endfacet
  facet normal 0.659766 0.751471 0
    outer loop
      vertex 178.326 117.88 1.45
      vertex 178.621 117.621 0.15
      vertex 178.326 117.88 0.15
    endloop
  endfacet
  facet normal 0.555877 0.831265 -0
    outer loop
      vertex 178.326 117.88 0.15
      vertex 178 118.098 1.45
      vertex 178.326 117.88 1.45
    endloop
  endfacet
  facet normal 0.555877 0.831265 0
    outer loop
      vertex 178 118.098 1.45
      vertex 178.326 117.88 0.15
      vertex 178 118.098 0.15
    endloop
  endfacet
  facet normal 0.441084 0.897466 -0
    outer loop
      vertex 178 118.098 0.15
      vertex 177.648 118.271 1.45
      vertex 178 118.098 1.45
    endloop
  endfacet
  facet normal 0.441084 0.897466 0
    outer loop
      vertex 177.648 118.271 1.45
      vertex 178 118.098 0.15
      vertex 177.648 118.271 0.15
    endloop
  endfacet
  facet normal 0.320807 0.947145 -0
    outer loop
      vertex 177.648 118.271 0.15
      vertex 177.276 118.397 1.45
      vertex 177.648 118.271 1.45
    endloop
  endfacet
  facet normal 0.320807 0.947145 0
    outer loop
      vertex 177.276 118.397 1.45
      vertex 177.648 118.271 0.15
      vertex 177.276 118.397 0.15
    endloop
  endfacet
  facet normal 0.19906 0.979987 -0
    outer loop
      vertex 177.276 118.397 0.15
      vertex 176.892 118.475 1.45
      vertex 177.276 118.397 1.45
    endloop
  endfacet
  facet normal 0.19906 0.979987 0
    outer loop
      vertex 176.892 118.475 1.45
      vertex 177.276 118.397 0.15
      vertex 176.892 118.475 0.15
    endloop
  endfacet
  facet normal 0.0636462 0.997973 -0
    outer loop
      vertex 176.892 118.475 0.15
      vertex 176.5 118.5 1.45
      vertex 176.892 118.475 1.45
    endloop
  endfacet
  facet normal 0.0636462 0.997973 0
    outer loop
      vertex 176.5 118.5 1.45
      vertex 176.892 118.475 0.15
      vertex 176.5 118.5 0.15
    endloop
  endfacet
  facet normal -0.0636462 0.997973 0
    outer loop
      vertex 176.5 118.5 0.15
      vertex 176.108 118.475 1.45
      vertex 176.5 118.5 1.45
    endloop
  endfacet
  facet normal -0.0636462 0.997973 0
    outer loop
      vertex 176.108 118.475 1.45
      vertex 176.5 118.5 0.15
      vertex 176.108 118.475 0.15
    endloop
  endfacet
  facet normal 0 1 -0
    outer loop
      vertex 185.3 33.9004 0
      vertex 184.05 33.9004 0.15
      vertex 185.3 33.9004 0.15
    endloop
  endfacet
  facet normal 0 1 0
    outer loop
      vertex 184.05 33.9004 0.15
      vertex 185.3 33.9004 0
      vertex 184.05 33.9004 0
    endloop
  endfacet
  facet normal 1 -0 0
    outer loop
      vertex 184.05 33.9004 0.15
      vertex 184.05 36.0996 0
      vertex 184.05 36.0996 0.15
    endloop
  endfacet
  facet normal 1 0 0
    outer loop
      vertex 184.05 36.0996 0
      vertex 184.05 33.9004 0.15
      vertex 184.05 33.9004 0
    endloop
  endfacet
  facet normal 0 -1 0
    outer loop
      vertex 184.05 36.0996 0
      vertex 185.3 36.0996 0.15
      vertex 184.05 36.0996 0.15
    endloop
  endfacet
  facet normal 0 -1 -0
    outer loop
      vertex 185.3 36.0996 0.15
      vertex 184.05 36.0996 0
      vertex 185.3 36.0996 0
    endloop
  endfacet
  facet normal -1 0 0
    outer loop
      vertex 185.3 33.9004 0
      vertex 185.3 36.0996 0.15
      vertex 185.3 36.0996 0
    endloop
  endfacet
  facet normal -1 -0 0
    outer loop
      vertex 185.3 36.0996 0.15
      vertex 185.3 33.9004 0
      vertex 185.3 33.9004 0.15
    endloop
  endfacet
  facet normal 0 1 -0
    outer loop
      vertex 103.6 33.9004 0
      vertex 101.4 33.9004 0.15
      vertex 103.6 33.9004 0.15
    endloop
  endfacet
  facet normal 0 1 0
    outer loop
      vertex 101.4 33.9004 0.15
      vertex 103.6 33.9004 0
      vertex 101.4 33.9004 0
    endloop
  endfacet
  facet normal 1 -0 0
    outer loop
      vertex 101.4 33.9004 0.15
      vertex 101.4 36.0996 0
      vertex 101.4 36.0996 0.15
    endloop
  endfacet
  facet normal 1 0 0
    outer loop
      vertex 101.4 36.0996 0
      vertex 101.4 33.9004 0.15
      vertex 101.4 33.9004 0
    endloop
  endfacet
  facet normal 0 -1 0
    outer loop
      vertex 101.4 36.0996 0
      vertex 103.6 36.0996 0.15
      vertex 101.4 36.0996 0.15
    endloop
  endfacet
  facet normal 0 -1 -0
    outer loop
      vertex 103.6 36.0996 0.15
      vertex 101.4 36.0996 0
      vertex 103.6 36.0996 0
    endloop
  endfacet
  facet normal -1 0 0
    outer loop
      vertex 103.6 33.9004 0
      vertex 103.6 36.0996 0.15
      vertex 103.6 36.0996 0
    endloop
  endfacet
  facet normal -1 -0 0
    outer loop
      vertex 103.6 36.0996 0.15
      vertex 103.6 33.9004 0
      vertex 103.6 33.9004 0.15
    endloop
  endfacet
  facet normal 0 1 -0
    outer loop
      vertex 105.4 33.9004 0
      vertex 104.15 33.9004 0.15
      vertex 105.4 33.9004 0.15
    endloop
  endfacet
  facet normal 0 1 0
    outer loop
      vertex 104.15 33.9004 0.15
      vertex 105.4 33.9004 0
      vertex 104.15 33.9004 0
    endloop
  endfacet
  facet normal 1 -0 0
    outer loop
      vertex 104.15 33.9004 0.15
      vertex 104.15 36.0996 0
      vertex 104.15 36.0996 0.15
    endloop
  endfacet
  facet normal 1 0 0
    outer loop
      vertex 104.15 36.0996 0
      vertex 104.15 33.9004 0.15
      vertex 104.15 33.9004 0
    endloop
  endfacet
  facet normal 0 -1 0
    outer loop
      vertex 104.15 36.0996 0
      vertex 105.4 36.0996 0.15
      vertex 104.15 36.0996 0.15
    endloop
  endfacet
  facet normal 0 -1 -0
    outer loop
      vertex 105.4 36.0996 0.15
      vertex 104.15 36.0996 0
      vertex 105.4 36.0996 0
    endloop
  endfacet
  facet normal -1 0 0
    outer loop
      vertex 105.4 33.9004 0
      vertex 105.4 36.0996 0.15
      vertex 105.4 36.0996 0
    endloop
  endfacet
  facet normal -1 -0 0
    outer loop
      vertex 105.4 36.0996 0.15
      vertex 105.4 33.9004 0
      vertex 105.4 33.9004 0.15
    endloop
  endfacet
  facet normal 0 1 -0
    outer loop
      vertex 114.1 33.9004 0
      vertex 111.9 33.9004 0.15
      vertex 114.1 33.9004 0.15
    endloop
  endfacet
  facet normal 0 1 0
    outer loop
      vertex 111.9 33.9004 0.15
      vertex 114.1 33.9004 0
      vertex 111.9 33.9004 0
    endloop
  endfacet
  facet normal 1 -0 0
    outer loop
      vertex 111.9 33.9004 0.15
      vertex 111.9 36.0996 0
      vertex 111.9 36.0996 0.15
    endloop
  endfacet
  facet normal 1 0 0
    outer loop
      vertex 111.9 36.0996 0
      vertex 111.9 33.9004 0.15
      vertex 111.9 33.9004 0
    endloop
  endfacet
  facet normal 0 -1 0
    outer loop
      vertex 111.9 36.0996 0
      vertex 114.1 36.0996 0.15
      vertex 111.9 36.0996 0.15
    endloop
  endfacet
  facet normal 0 -1 -0
    outer loop
      vertex 114.1 36.0996 0.15
      vertex 111.9 36.0996 0
      vertex 114.1 36.0996 0
    endloop
  endfacet
  facet normal -1 0 0
    outer loop
      vertex 114.1 33.9004 0
      vertex 114.1 36.0996 0.15
      vertex 114.1 36.0996 0
    endloop
  endfacet
  facet normal -1 -0 0
    outer loop
      vertex 114.1 36.0996 0.15
      vertex 114.1 33.9004 0
      vertex 114.1 33.9004 0.15
    endloop
  endfacet
  facet normal 0 1 -0
    outer loop
      vertex 115.9 33.9004 0
      vertex 114.65 33.9004 0.15
      vertex 115.9 33.9004 0.15
    endloop
  endfacet
  facet normal 0 1 0
    outer loop
      vertex 114.65 33.9004 0.15
      vertex 115.9 33.9004 0
      vertex 114.65 33.9004 0
    endloop
  endfacet
  facet normal 1 -0 0
    outer loop
      vertex 114.65 33.9004 0.15
      vertex 114.65 36.0996 0
      vertex 114.65 36.0996 0.15
    endloop
  endfacet
  facet normal 1 0 0
    outer loop
      vertex 114.65 36.0996 0
      vertex 114.65 33.9004 0.15
      vertex 114.65 33.9004 0
    endloop
  endfacet
  facet normal 0 -1 0
    outer loop
      vertex 114.65 36.0996 0
      vertex 115.9 36.0996 0.15
      vertex 114.65 36.0996 0.15
    endloop
  endfacet
  facet normal 0 -1 -0
    outer loop
      vertex 115.9 36.0996 0.15
      vertex 114.65 36.0996 0
      vertex 115.9 36.0996 0
    endloop
  endfacet
  facet normal -1 0 0
    outer loop
      vertex 115.9 33.9004 0
      vertex 115.9 36.0996 0.15
      vertex 115.9 36.0996 0
    endloop
  endfacet
  facet normal -1 -0 0
    outer loop
      vertex 115.9 36.0996 0.15
      vertex 115.9 33.9004 0
      vertex 115.9 33.9004 0.15
    endloop
  endfacet
  facet normal 0 1 -0
    outer loop
      vertex 129.1 33.9004 0
      vertex 126.9 33.9004 0.15
      vertex 129.1 33.9004 0.15
    endloop
  endfacet
  facet normal 0 1 0
    outer loop
      vertex 126.9 33.9004 0.15
      vertex 129.1 33.9004 0
      vertex 126.9 33.9004 0
    endloop
  endfacet
  facet normal 1 -0 0
    outer loop
      vertex 126.9 33.9004 0.15
      vertex 126.9 36.0996 0
      vertex 126.9 36.0996 0.15
    endloop
  endfacet
  facet normal 1 0 0
    outer loop
      vertex 126.9 36.0996 0
      vertex 126.9 33.9004 0.15
      vertex 126.9 33.9004 0
    endloop
  endfacet
  facet normal 0 -1 0
    outer loop
      vertex 126.9 36.0996 0
      vertex 129.1 36.0996 0.15
      vertex 126.9 36.0996 0.15
    endloop
  endfacet
  facet normal 0 -1 -0
    outer loop
      vertex 129.1 36.0996 0.15
      vertex 126.9 36.0996 0
      vertex 129.1 36.0996 0
    endloop
  endfacet
  facet normal -1 0 0
    outer loop
      vertex 129.1 33.9004 0
      vertex 129.1 36.0996 0.15
      vertex 129.1 36.0996 0
    endloop
  endfacet
  facet normal -1 -0 0
    outer loop
      vertex 129.1 36.0996 0.15
      vertex 129.1 33.9004 0
      vertex 129.1 33.9004 0.15
    endloop
  endfacet
  facet normal 0 1 -0
    outer loop
      vertex 130.9 33.9004 0
      vertex 129.65 33.9004 0.15
      vertex 130.9 33.9004 0.15
    endloop
  endfacet
  facet normal 0 1 0
    outer loop
      vertex 129.65 33.9004 0.15
      vertex 130.9 33.9004 0
      vertex 129.65 33.9004 0
    endloop
  endfacet
  facet normal 1 -0 0
    outer loop
      vertex 129.65 33.9004 0.15
      vertex 129.65 36.0996 0
      vertex 129.65 36.0996 0.15
    endloop
  endfacet
  facet normal 1 0 0
    outer loop
      vertex 129.65 36.0996 0
      vertex 129.65 33.9004 0.15
      vertex 129.65 33.9004 0
    endloop
  endfacet
  facet normal 0 -1 0
    outer loop
      vertex 129.65 36.0996 0
      vertex 130.9 36.0996 0.15
      vertex 129.65 36.0996 0.15
    endloop
  endfacet
  facet normal 0 -1 -0
    outer loop
      vertex 130.9 36.0996 0.15
      vertex 129.65 36.0996 0
      vertex 130.9 36.0996 0
    endloop
  endfacet
  facet normal -1 0 0
    outer loop
      vertex 130.9 33.9004 0
      vertex 130.9 36.0996 0.15
      vertex 130.9 36.0996 0
    endloop
  endfacet
  facet normal -1 -0 0
    outer loop
      vertex 130.9 36.0996 0.15
      vertex 130.9 33.9004 0
      vertex 130.9 33.9004 0.15
    endloop
  endfacet
  facet normal 0 1 -0
    outer loop
      vertex 142.7 33.9004 0
      vertex 140.5 33.9004 0.15
      vertex 142.7 33.9004 0.15
    endloop
  endfacet
  facet normal 0 1 0
    outer loop
      vertex 140.5 33.9004 0.15
      vertex 142.7 33.9004 0
      vertex 140.5 33.9004 0
    endloop
  endfacet
  facet normal 1 -0 0
    outer loop
      vertex 140.5 33.9004 0.15
      vertex 140.5 36.0996 0
      vertex 140.5 36.0996 0.15
    endloop
  endfacet
  facet normal 1 0 0
    outer loop
      vertex 140.5 36.0996 0
      vertex 140.5 33.9004 0.15
      vertex 140.5 33.9004 0
    endloop
  endfacet
  facet normal 0 -1 0
    outer loop
      vertex 140.5 36.0996 0
      vertex 142.7 36.0996 0.15
      vertex 140.5 36.0996 0.15
    endloop
  endfacet
  facet normal 0 -1 -0
    outer loop
      vertex 142.7 36.0996 0.15
      vertex 140.5 36.0996 0
      vertex 142.7 36.0996 0
    endloop
  endfacet
  facet normal -1 0 0
    outer loop
      vertex 142.7 33.9004 0
      vertex 142.7 36.0996 0.15
      vertex 142.7 36.0996 0
    endloop
  endfacet
  facet normal -1 -0 0
    outer loop
      vertex 142.7 36.0996 0.15
      vertex 142.7 33.9004 0
      vertex 142.7 33.9004 0.15
    endloop
  endfacet
  facet normal 0 1 -0
    outer loop
      vertex 156.3 33.9004 0
      vertex 154.1 33.9004 0.15
      vertex 156.3 33.9004 0.15
    endloop
  endfacet
  facet normal 0 1 0
    outer loop
      vertex 154.1 33.9004 0.15
      vertex 156.3 33.9004 0
      vertex 154.1 33.9004 0
    endloop
  endfacet
  facet normal 1 -0 0
    outer loop
      vertex 154.1 33.9004 0.15
      vertex 154.1 36.0996 0
      vertex 154.1 36.0996 0.15
    endloop
  endfacet
  facet normal 1 0 0
    outer loop
      vertex 154.1 36.0996 0
      vertex 154.1 33.9004 0.15
      vertex 154.1 33.9004 0
    endloop
  endfacet
  facet normal 0 -1 0
    outer loop
      vertex 154.1 36.0996 0
      vertex 156.3 36.0996 0.15
      vertex 154.1 36.0996 0.15
    endloop
  endfacet
  facet normal 0 -1 -0
    outer loop
      vertex 156.3 36.0996 0.15
      vertex 154.1 36.0996 0
      vertex 156.3 36.0996 0
    endloop
  endfacet
  facet normal -1 0 0
    outer loop
      vertex 156.3 33.9004 0
      vertex 156.3 36.0996 0.15
      vertex 156.3 36.0996 0
    endloop
  endfacet
  facet normal -1 -0 0
    outer loop
      vertex 156.3 36.0996 0.15
      vertex 156.3 33.9004 0
      vertex 156.3 33.9004 0.15
    endloop
  endfacet
  facet normal 0 1 -0
    outer loop
      vertex 158.1 33.9004 0
      vertex 156.85 33.9004 0.15
      vertex 158.1 33.9004 0.15
    endloop
  endfacet
  facet normal 0 1 0
    outer loop
      vertex 156.85 33.9004 0.15
      vertex 158.1 33.9004 0
      vertex 156.85 33.9004 0
    endloop
  endfacet
  facet normal 1 -0 0
    outer loop
      vertex 156.85 33.9004 0.15
      vertex 156.85 36.0996 0
      vertex 156.85 36.0996 0.15
    endloop
  endfacet
  facet normal 1 0 0
    outer loop
      vertex 156.85 36.0996 0
      vertex 156.85 33.9004 0.15
      vertex 156.85 33.9004 0
    endloop
  endfacet
  facet normal 0 -1 0
    outer loop
      vertex 156.85 36.0996 0
      vertex 158.1 36.0996 0.15
      vertex 156.85 36.0996 0.15
    endloop
  endfacet
  facet normal 0 -1 -0
    outer loop
      vertex 158.1 36.0996 0.15
      vertex 156.85 36.0996 0
      vertex 158.1 36.0996 0
    endloop
  endfacet
  facet normal -1 0 0
    outer loop
      vertex 158.1 33.9004 0
      vertex 158.1 36.0996 0.15
      vertex 158.1 36.0996 0
    endloop
  endfacet
  facet normal -1 -0 0
    outer loop
      vertex 158.1 36.0996 0.15
      vertex 158.1 33.9004 0
      vertex 158.1 33.9004 0.15
    endloop
  endfacet
  facet normal 0 1 -0
    outer loop
      vertex 169.9 33.9004 0
      vertex 167.7 33.9004 0.15
      vertex 169.9 33.9004 0.15
    endloop
  endfacet
  facet normal 0 1 0
    outer loop
      vertex 167.7 33.9004 0.15
      vertex 169.9 33.9004 0
      vertex 167.7 33.9004 0
    endloop
  endfacet
  facet normal 1 -0 0
    outer loop
      vertex 167.7 33.9004 0.15
      vertex 167.7 36.0996 0
      vertex 167.7 36.0996 0.15
    endloop
  endfacet
  facet normal 1 0 0
    outer loop
      vertex 167.7 36.0996 0
      vertex 167.7 33.9004 0.15
      vertex 167.7 33.9004 0
    endloop
  endfacet
  facet normal 0 -1 0
    outer loop
      vertex 167.7 36.0996 0
      vertex 169.9 36.0996 0.15
      vertex 167.7 36.0996 0.15
    endloop
  endfacet
  facet normal 0 -1 -0
    outer loop
      vertex 169.9 36.0996 0.15
      vertex 167.7 36.0996 0
      vertex 169.9 36.0996 0
    endloop
  endfacet
  facet normal -1 0 0
    outer loop
      vertex 169.9 33.9004 0
      vertex 169.9 36.0996 0.15
      vertex 169.9 36.0996 0
    endloop
  endfacet
  facet normal -1 -0 0
    outer loop
      vertex 169.9 36.0996 0.15
      vertex 169.9 33.9004 0
      vertex 169.9 33.9004 0.15
    endloop
  endfacet
  facet normal 0 1 -0
    outer loop
      vertex 171.7 33.9004 0
      vertex 170.45 33.9004 0.15
      vertex 171.7 33.9004 0.15
    endloop
  endfacet
  facet normal 0 1 0
    outer loop
      vertex 170.45 33.9004 0.15
      vertex 171.7 33.9004 0
      vertex 170.45 33.9004 0
    endloop
  endfacet
  facet normal 1 -0 0
    outer loop
      vertex 170.45 33.9004 0.15
      vertex 170.45 36.0996 0
      vertex 170.45 36.0996 0.15
    endloop
  endfacet
  facet normal 1 0 0
    outer loop
      vertex 170.45 36.0996 0
      vertex 170.45 33.9004 0.15
      vertex 170.45 33.9004 0
    endloop
  endfacet
  facet normal 0 -1 0
    outer loop
      vertex 170.45 36.0996 0
      vertex 171.7 36.0996 0.15
      vertex 170.45 36.0996 0.15
    endloop
  endfacet
  facet normal 0 -1 -0
    outer loop
      vertex 171.7 36.0996 0.15
      vertex 170.45 36.0996 0
      vertex 171.7 36.0996 0
    endloop
  endfacet
  facet normal -1 0 0
    outer loop
      vertex 171.7 33.9004 0
      vertex 171.7 36.0996 0.15
      vertex 171.7 36.0996 0
    endloop
  endfacet
  facet normal -1 -0 0
    outer loop
      vertex 171.7 36.0996 0.15
      vertex 171.7 33.9004 0
      vertex 171.7 33.9004 0.15
    endloop
  endfacet
  facet normal 0 1 -0
    outer loop
      vertex 183.5 33.9004 0
      vertex 181.3 33.9004 0.15
      vertex 183.5 33.9004 0.15
    endloop
  endfacet
  facet normal 0 1 0
    outer loop
      vertex 181.3 33.9004 0.15
      vertex 183.5 33.9004 0
      vertex 181.3 33.9004 0
    endloop
  endfacet
  facet normal 1 -0 0
    outer loop
      vertex 181.3 33.9004 0.15
      vertex 181.3 36.0996 0
      vertex 181.3 36.0996 0.15
    endloop
  endfacet
  facet normal 1 0 0
    outer loop
      vertex 181.3 36.0996 0
      vertex 181.3 33.9004 0.15
      vertex 181.3 33.9004 0
    endloop
  endfacet
  facet normal 0 -1 0
    outer loop
      vertex 181.3 36.0996 0
      vertex 183.5 36.0996 0.15
      vertex 181.3 36.0996 0.15
    endloop
  endfacet
  facet normal 0 -1 -0
    outer loop
      vertex 183.5 36.0996 0.15
      vertex 181.3 36.0996 0
      vertex 183.5 36.0996 0
    endloop
  endfacet
  facet normal -1 0 0
    outer loop
      vertex 183.5 33.9004 0
      vertex 183.5 36.0996 0.15
      vertex 183.5 36.0996 0
    endloop
  endfacet
  facet normal -1 -0 0
    outer loop
      vertex 183.5 36.0996 0.15
      vertex 183.5 33.9004 0
      vertex 183.5 33.9004 0.15
    endloop
  endfacet
  facet normal 0 1 -0
    outer loop
      vertex 144.5 33.9004 0
      vertex 143.25 33.9004 0.15
      vertex 144.5 33.9004 0.15
    endloop
  endfacet
  facet normal 0 1 0
    outer loop
      vertex 143.25 33.9004 0.15
      vertex 144.5 33.9004 0
      vertex 143.25 33.9004 0
    endloop
  endfacet
  facet normal 1 -0 0
    outer loop
      vertex 143.25 33.9004 0.15
      vertex 143.25 36.0996 0
      vertex 143.25 36.0996 0.15
    endloop
  endfacet
  facet normal 1 0 0
    outer loop
      vertex 143.25 36.0996 0
      vertex 143.25 33.9004 0.15
      vertex 143.25 33.9004 0
    endloop
  endfacet
  facet normal 0 -1 0
    outer loop
      vertex 143.25 36.0996 0
      vertex 144.5 36.0996 0.15
      vertex 143.25 36.0996 0.15
    endloop
  endfacet
  facet normal 0 -1 -0
    outer loop
      vertex 144.5 36.0996 0.15
      vertex 143.25 36.0996 0
      vertex 144.5 36.0996 0
    endloop
  endfacet
  facet normal -1 0 0
    outer loop
      vertex 144.5 33.9004 0
      vertex 144.5 36.0996 0.15
      vertex 144.5 36.0996 0
    endloop
  endfacet
  facet normal -1 -0 0
    outer loop
      vertex 144.5 36.0996 0.15
      vertex 144.5 33.9004 0
      vertex 144.5 33.9004 0.15
    endloop
  endfacet
  facet normal -0.558945 -0.829205 0
    outer loop
      vertex 101.371 47.3564 0
      vertex 101.452 47.3018 0.15
      vertex 101.371 47.3564 0.15
    endloop
  endfacet
  facet normal -0.558945 -0.829205 -0
    outer loop
      vertex 101.452 47.3018 0.15
      vertex 101.371 47.3564 0
      vertex 101.452 47.3018 0
    endloop
  endfacet
  facet normal -0.832366 -0.554226 0
    outer loop
      vertex 101.506 47.2207 0
      vertex 101.452 47.3018 0.15
      vertex 101.452 47.3018 0
    endloop
  endfacet
  facet normal -0.832366 -0.554226 0
    outer loop
      vertex 101.452 47.3018 0.15
      vertex 101.506 47.2207 0
      vertex 101.506 47.2207 0.15
    endloop
  endfacet
  facet normal -0.980856 -0.194736 0
    outer loop
      vertex 101.525 47.125 0
      vertex 101.506 47.2207 0.15
      vertex 101.506 47.2207 0
    endloop
  endfacet
  facet normal -0.980856 -0.194736 0
    outer loop
      vertex 101.506 47.2207 0.15
      vertex 101.525 47.125 0
      vertex 101.525 47.125 0.15
    endloop
  endfacet
  facet normal -1 0 0
    outer loop
      vertex 101.525 45.875 0
      vertex 101.525 47.125 0.15
      vertex 101.525 47.125 0
    endloop
  endfacet
  facet normal -1 -0 0
    outer loop
      vertex 101.525 47.125 0.15
      vertex 101.525 45.875 0
      vertex 101.525 45.875 0.15
    endloop
  endfacet
  facet normal -0.980856 0.194736 0
    outer loop
      vertex 101.506 45.7793 0
      vertex 101.525 45.875 0.15
      vertex 101.525 45.875 0
    endloop
  endfacet
  facet normal -0.980856 0.194736 0
    outer loop
      vertex 101.525 45.875 0.15
      vertex 101.506 45.7793 0
      vertex 101.506 45.7793 0.15
    endloop
  endfacet
  facet normal -0.832366 0.554226 0
    outer loop
      vertex 101.452 45.6982 0
      vertex 101.506 45.7793 0.15
      vertex 101.506 45.7793 0
    endloop
  endfacet
  facet normal -0.832366 0.554226 0
    outer loop
      vertex 101.506 45.7793 0.15
      vertex 101.452 45.6982 0
      vertex 101.452 45.6982 0.15
    endloop
  endfacet
  facet normal -0.558945 0.829205 0
    outer loop
      vertex 101.452 45.6982 0
      vertex 101.371 45.6436 0.15
      vertex 101.452 45.6982 0.15
    endloop
  endfacet
  facet normal -0.558945 0.829205 0
    outer loop
      vertex 101.371 45.6436 0.15
      vertex 101.452 45.6982 0
      vertex 101.371 45.6436 0
    endloop
  endfacet
  facet normal -0.190213 0.981743 0
    outer loop
      vertex 101.371 45.6436 0
      vertex 101.275 45.625 0.15
      vertex 101.371 45.6436 0.15
    endloop
  endfacet
  facet normal -0.190213 0.981743 0
    outer loop
      vertex 101.275 45.625 0.15
      vertex 101.371 45.6436 0
      vertex 101.275 45.625 0
    endloop
  endfacet
  facet normal 0 1 -0
    outer loop
      vertex 101.275 45.625 0
      vertex 100.65 45.625 0.15
      vertex 101.275 45.625 0.15
    endloop
  endfacet
  facet normal 0 1 0
    outer loop
      vertex 100.65 45.625 0.15
      vertex 101.275 45.625 0
      vertex 100.65 45.625 0
    endloop
  endfacet
  facet normal 0.192141 0.981367 -0
    outer loop
      vertex 100.65 45.625 0
      vertex 100.555 45.6436 0.15
      vertex 100.65 45.625 0.15
    endloop
  endfacet
  facet normal 0.192141 0.981367 0
    outer loop
      vertex 100.555 45.6436 0.15
      vertex 100.65 45.625 0
      vertex 100.555 45.6436 0
    endloop
  endfacet
  facet normal 0.558945 0.829205 -0
    outer loop
      vertex 100.555 45.6436 0
      vertex 100.474 45.6982 0.15
      vertex 100.555 45.6436 0.15
    endloop
  endfacet
  facet normal 0.558945 0.829205 0
    outer loop
      vertex 100.474 45.6982 0.15
      vertex 100.555 45.6436 0
      vertex 100.474 45.6982 0
    endloop
  endfacet
  facet normal 0.827628 0.561277 0
    outer loop
      vertex 100.474 45.6982 0.15
      vertex 100.419 45.7793 0
      vertex 100.419 45.7793 0.15
    endloop
  endfacet
  facet normal 0.827628 0.561277 0
    outer loop
      vertex 100.419 45.7793 0
      vertex 100.474 45.6982 0.15
      vertex 100.474 45.6982 0
    endloop
  endfacet
  facet normal 0.980856 0.194736 0
    outer loop
      vertex 100.419 45.7793 0.15
      vertex 100.4 45.875 0
      vertex 100.4 45.875 0.15
    endloop
  endfacet
  facet normal 0.980856 0.194736 0
    outer loop
      vertex 100.4 45.875 0
      vertex 100.419 45.7793 0.15
      vertex 100.419 45.7793 0
    endloop
  endfacet
  facet normal 1 -0 0
    outer loop
      vertex 100.4 45.875 0.15
      vertex 100.4 47.125 0
      vertex 100.4 47.125 0.15
    endloop
  endfacet
  facet normal 1 0 0
    outer loop
      vertex 100.4 47.125 0
      vertex 100.4 45.875 0.15
      vertex 100.4 45.875 0
    endloop
  endfacet
  facet normal 0.980856 -0.194736 0
    outer loop
      vertex 100.4 47.125 0.15
      vertex 100.419 47.2207 0
      vertex 100.419 47.2207 0.15
    endloop
  endfacet
  facet normal 0.980856 -0.194736 0
    outer loop
      vertex 100.419 47.2207 0
      vertex 100.4 47.125 0.15
      vertex 100.4 47.125 0
    endloop
  endfacet
  facet normal 0.827628 -0.561277 0
    outer loop
      vertex 100.419 47.2207 0.15
      vertex 100.474 47.3018 0
      vertex 100.474 47.3018 0.15
    endloop
  endfacet
  facet normal 0.827628 -0.561277 0
    outer loop
      vertex 100.474 47.3018 0
      vertex 100.419 47.2207 0.15
      vertex 100.419 47.2207 0
    endloop
  endfacet
  facet normal 0.558945 -0.829205 0
    outer loop
      vertex 100.474 47.3018 0
      vertex 100.555 47.3564 0.15
      vertex 100.474 47.3018 0.15
    endloop
  endfacet
  facet normal 0.558945 -0.829205 0
    outer loop
      vertex 100.555 47.3564 0.15
      vertex 100.474 47.3018 0
      vertex 100.555 47.3564 0
    endloop
  endfacet
  facet normal 0.192141 -0.981367 0
    outer loop
      vertex 100.555 47.3564 0
      vertex 100.65 47.375 0.15
      vertex 100.555 47.3564 0.15
    endloop
  endfacet
  facet normal 0.192141 -0.981367 0
    outer loop
      vertex 100.65 47.375 0.15
      vertex 100.555 47.3564 0
      vertex 100.65 47.375 0
    endloop
  endfacet
  facet normal 0 -1 0
    outer loop
      vertex 100.65 47.375 0
      vertex 101.275 47.375 0.15
      vertex 100.65 47.375 0.15
    endloop
  endfacet
  facet normal 0 -1 -0
    outer loop
      vertex 101.275 47.375 0.15
      vertex 100.65 47.375 0
      vertex 101.275 47.375 0
    endloop
  endfacet
  facet normal -0.190213 -0.981743 0
    outer loop
      vertex 101.275 47.375 0
      vertex 101.371 47.3564 0.15
      vertex 101.275 47.375 0.15
    endloop
  endfacet
  facet normal -0.190213 -0.981743 -0
    outer loop
      vertex 101.371 47.3564 0.15
      vertex 101.275 47.375 0
      vertex 101.371 47.3564 0
    endloop
  endfacet
  facet normal -0.558471 -0.829524 0
    outer loop
      vertex 98.4453 47.3564 0
      vertex 98.5264 47.3018 0.15
      vertex 98.4453 47.3564 0.15
    endloop
  endfacet
  facet normal -0.558471 -0.829524 -0
    outer loop
      vertex 98.5264 47.3018 0.15
      vertex 98.4453 47.3564 0
      vertex 98.5264 47.3018 0
    endloop
  endfacet
  facet normal -0.82905 -0.559174 0
    outer loop
      vertex 98.5811 47.2207 0
      vertex 98.5264 47.3018 0.15
      vertex 98.5264 47.3018 0
    endloop
  endfacet
  facet normal -0.82905 -0.559174 0
    outer loop
      vertex 98.5264 47.3018 0.15
      vertex 98.5811 47.2207 0
      vertex 98.5811 47.2207 0.15
    endloop
  endfacet
  facet normal -0.981823 -0.189799 0
    outer loop
      vertex 98.5996 47.125 0
      vertex 98.5811 47.2207 0.15
      vertex 98.5811 47.2207 0
    endloop
  endfacet
  facet normal -0.981823 -0.189799 0
    outer loop
      vertex 98.5811 47.2207 0.15
      vertex 98.5996 47.125 0
      vertex 98.5996 47.125 0.15
    endloop
  endfacet
  facet normal -1 0 0
    outer loop
      vertex 98.5996 45.875 0
      vertex 98.5996 47.125 0.15
      vertex 98.5996 47.125 0
    endloop
  endfacet
  facet normal -1 -0 0
    outer loop
      vertex 98.5996 47.125 0.15
      vertex 98.5996 45.875 0
      vertex 98.5996 45.875 0.15
    endloop
  endfacet
  facet normal -0.981823 0.189799 0
    outer loop
      vertex 98.5811 45.7793 0
      vertex 98.5996 45.875 0.15
      vertex 98.5996 45.875 0
    endloop
  endfacet
  facet normal -0.981823 0.189799 0
    outer loop
      vertex 98.5996 45.875 0.15
      vertex 98.5811 45.7793 0
      vertex 98.5811 45.7793 0.15
    endloop
  endfacet
  facet normal -0.82905 0.559174 0
    outer loop
      vertex 98.5264 45.6982 0
      vertex 98.5811 45.7793 0.15
      vertex 98.5811 45.7793 0
    endloop
  endfacet
  facet normal -0.82905 0.559174 0
    outer loop
      vertex 98.5811 45.7793 0.15
      vertex 98.5264 45.6982 0
      vertex 98.5264 45.6982 0.15
    endloop
  endfacet
  facet normal -0.558471 0.829524 0
    outer loop
      vertex 98.5264 45.6982 0
      vertex 98.4453 45.6436 0.15
      vertex 98.5264 45.6982 0.15
    endloop
  endfacet
  facet normal -0.558471 0.829524 0
    outer loop
      vertex 98.4453 45.6436 0.15
      vertex 98.5264 45.6982 0
      vertex 98.4453 45.6436 0
    endloop
  endfacet
  facet normal -0.190787 0.981631 0
    outer loop
      vertex 98.4453 45.6436 0
      vertex 98.3496 45.625 0.15
      vertex 98.4453 45.6436 0.15
    endloop
  endfacet
  facet normal -0.190787 0.981631 0
    outer loop
      vertex 98.3496 45.625 0.15
      vertex 98.4453 45.6436 0
      vertex 98.3496 45.625 0
    endloop
  endfacet
  facet normal 0 1 -0
    outer loop
      vertex 98.3496 45.625 0
      vertex 97.7246 45.625 0.15
      vertex 98.3496 45.625 0.15
    endloop
  endfacet
  facet normal 0 1 0
    outer loop
      vertex 97.7246 45.625 0.15
      vertex 98.3496 45.625 0
      vertex 97.7246 45.625 0
    endloop
  endfacet
  facet normal 0.190787 0.981631 -0
    outer loop
      vertex 97.7246 45.625 0
      vertex 97.6289 45.6436 0.15
      vertex 97.7246 45.625 0.15
    endloop
  endfacet
  facet normal 0.190787 0.981631 0
    outer loop
      vertex 97.6289 45.6436 0.15
      vertex 97.7246 45.625 0
      vertex 97.6289 45.6436 0
    endloop
  endfacet
  facet normal 0.558945 0.829205 -0
    outer loop
      vertex 97.6289 45.6436 0
      vertex 97.5479 45.6982 0.15
      vertex 97.6289 45.6436 0.15
    endloop
  endfacet
  facet normal 0.558945 0.829205 0
    outer loop
      vertex 97.5479 45.6982 0.15
      vertex 97.6289 45.6436 0
      vertex 97.5479 45.6982 0
    endloop
  endfacet
  facet normal 0.833313 0.552802 0
    outer loop
      vertex 97.5479 45.6982 0.15
      vertex 97.4941 45.7793 0
      vertex 97.4941 45.7793 0.15
    endloop
  endfacet
  facet normal 0.833313 0.552802 0
    outer loop
      vertex 97.4941 45.7793 0
      vertex 97.5479 45.6982 0.15
      vertex 97.5479 45.6982 0
    endloop
  endfacet
  facet normal 0.979865 0.199659 0
    outer loop
      vertex 97.4941 45.7793 0.15
      vertex 97.4746 45.875 0
      vertex 97.4746 45.875 0.15
    endloop
  endfacet
  facet normal 0.979865 0.199659 0
    outer loop
      vertex 97.4746 45.875 0
      vertex 97.4941 45.7793 0.15
      vertex 97.4941 45.7793 0
    endloop
  endfacet
  facet normal 1 -0 0
    outer loop
      vertex 97.4746 45.875 0.15
      vertex 97.4746 47.125 0
      vertex 97.4746 47.125 0.15
    endloop
  endfacet
  facet normal 1 0 0
    outer loop
      vertex 97.4746 47.125 0
      vertex 97.4746 45.875 0.15
      vertex 97.4746 45.875 0
    endloop
  endfacet
  facet normal 0.979865 -0.199659 0
    outer loop
      vertex 97.4746 47.125 0.15
      vertex 97.4941 47.2207 0
      vertex 97.4941 47.2207 0.15
    endloop
  endfacet
  facet normal 0.979865 -0.199659 0
    outer loop
      vertex 97.4941 47.2207 0
      vertex 97.4746 47.125 0.15
      vertex 97.4746 47.125 0
    endloop
  endfacet
  facet normal 0.833313 -0.552802 0
    outer loop
      vertex 97.4941 47.2207 0.15
      vertex 97.5479 47.3018 0
      vertex 97.5479 47.3018 0.15
    endloop
  endfacet
  facet normal 0.833313 -0.552802 0
    outer loop
      vertex 97.5479 47.3018 0
      vertex 97.4941 47.2207 0.15
      vertex 97.4941 47.2207 0
    endloop
  endfacet
  facet normal 0.558945 -0.829205 0
    outer loop
      vertex 97.5479 47.3018 0
      vertex 97.6289 47.3564 0.15
      vertex 97.5479 47.3018 0.15
    endloop
  endfacet
  facet normal 0.558945 -0.829205 0
    outer loop
      vertex 97.6289 47.3564 0.15
      vertex 97.5479 47.3018 0
      vertex 97.6289 47.3564 0
    endloop
  endfacet
  facet normal 0.190787 -0.981631 0
    outer loop
      vertex 97.6289 47.3564 0
      vertex 97.7246 47.375 0.15
      vertex 97.6289 47.3564 0.15
    endloop
  endfacet
  facet normal 0.190787 -0.981631 0
    outer loop
      vertex 97.7246 47.375 0.15
      vertex 97.6289 47.3564 0
      vertex 97.7246 47.375 0
    endloop
  endfacet
  facet normal 0 -1 0
    outer loop
      vertex 97.7246 47.375 0
      vertex 98.3496 47.375 0.15
      vertex 97.7246 47.375 0.15
    endloop
  endfacet
  facet normal 0 -1 -0
    outer loop
      vertex 98.3496 47.375 0.15
      vertex 97.7246 47.375 0
      vertex 98.3496 47.375 0
    endloop
  endfacet
  facet normal -0.190787 -0.981631 0
    outer loop
      vertex 98.3496 47.375 0
      vertex 98.4453 47.3564 0.15
      vertex 98.3496 47.375 0.15
    endloop
  endfacet
  facet normal -0.190787 -0.981631 -0
    outer loop
      vertex 98.4453 47.3564 0.15
      vertex 98.3496 47.375 0
      vertex 98.4453 47.3564 0
    endloop
  endfacet
  facet normal 0 1 -0
    outer loop
      vertex 113.2 46.9004 0
      vertex 111 46.9004 0.15
      vertex 113.2 46.9004 0.15
    endloop
  endfacet
  facet normal 0 1 0
    outer loop
      vertex 111 46.9004 0.15
      vertex 113.2 46.9004 0
      vertex 111 46.9004 0
    endloop
  endfacet
  facet normal 1 -0 0
    outer loop
      vertex 111 46.9004 0.15
      vertex 111 49.0996 0
      vertex 111 49.0996 0.15
    endloop
  endfacet
  facet normal 1 0 0
    outer loop
      vertex 111 49.0996 0
      vertex 111 46.9004 0.15
      vertex 111 46.9004 0
    endloop
  endfacet
  facet normal 0 -1 0
    outer loop
      vertex 111 49.0996 0
      vertex 113.2 49.0996 0.15
      vertex 111 49.0996 0.15
    endloop
  endfacet
  facet normal 0 -1 -0
    outer loop
      vertex 113.2 49.0996 0.15
      vertex 111 49.0996 0
      vertex 113.2 49.0996 0
    endloop
  endfacet
  facet normal -1 0 0
    outer loop
      vertex 113.2 46.9004 0
      vertex 113.2 49.0996 0.15
      vertex 113.2 49.0996 0
    endloop
  endfacet
  facet normal -1 -0 0
    outer loop
      vertex 113.2 49.0996 0.15
      vertex 113.2 46.9004 0
      vertex 113.2 46.9004 0.15
    endloop
  endfacet
  facet normal 0 1 -0
    outer loop
      vertex 115 46.9004 0
      vertex 113.75 46.9004 0.15
      vertex 115 46.9004 0.15
    endloop
  endfacet
  facet normal 0 1 0
    outer loop
      vertex 113.75 46.9004 0.15
      vertex 115 46.9004 0
      vertex 113.75 46.9004 0
    endloop
  endfacet
  facet normal 1 -0 0
    outer loop
      vertex 113.75 46.9004 0.15
      vertex 113.75 49.0996 0
      vertex 113.75 49.0996 0.15
    endloop
  endfacet
  facet normal 1 0 0
    outer loop
      vertex 113.75 49.0996 0
      vertex 113.75 46.9004 0.15
      vertex 113.75 46.9004 0
    endloop
  endfacet
  facet normal 0 -1 0
    outer loop
      vertex 113.75 49.0996 0
      vertex 115 49.0996 0.15
      vertex 113.75 49.0996 0.15
    endloop
  endfacet
  facet normal 0 -1 -0
    outer loop
      vertex 115 49.0996 0.15
      vertex 113.75 49.0996 0
      vertex 115 49.0996 0
    endloop
  endfacet
  facet normal -1 0 0
    outer loop
      vertex 115 46.9004 0
      vertex 115 49.0996 0.15
      vertex 115 49.0996 0
    endloop
  endfacet
  facet normal -1 -0 0
    outer loop
      vertex 115 49.0996 0.15
      vertex 115 46.9004 0
      vertex 115 46.9004 0.15
    endloop
  endfacet
  facet normal 0 1 -0
    outer loop
      vertex 128.2 46.9004 0
      vertex 126 46.9004 0.15
      vertex 128.2 46.9004 0.15
    endloop
  endfacet
  facet normal 0 1 0
    outer loop
      vertex 126 46.9004 0.15
      vertex 128.2 46.9004 0
      vertex 126 46.9004 0
    endloop
  endfacet
  facet normal 1 -0 0
    outer loop
      vertex 126 46.9004 0.15
      vertex 126 49.0996 0
      vertex 126 49.0996 0.15
    endloop
  endfacet
  facet normal 1 0 0
    outer loop
      vertex 126 49.0996 0
      vertex 126 46.9004 0.15
      vertex 126 46.9004 0
    endloop
  endfacet
  facet normal 0 -1 0
    outer loop
      vertex 126 49.0996 0
      vertex 128.2 49.0996 0.15
      vertex 126 49.0996 0.15
    endloop
  endfacet
  facet normal 0 -1 -0
    outer loop
      vertex 128.2 49.0996 0.15
      vertex 126 49.0996 0
      vertex 128.2 49.0996 0
    endloop
  endfacet
  facet normal -1 0 0
    outer loop
      vertex 128.2 46.9004 0
      vertex 128.2 49.0996 0.15
      vertex 128.2 49.0996 0
    endloop
  endfacet
  facet normal -1 -0 0
    outer loop
      vertex 128.2 49.0996 0.15
      vertex 128.2 46.9004 0
      vertex 128.2 46.9004 0.15
    endloop
  endfacet
  facet normal 0 1 -0
    outer loop
      vertex 130 46.9004 0
      vertex 128.75 46.9004 0.15
      vertex 130 46.9004 0.15
    endloop
  endfacet
  facet normal 0 1 0
    outer loop
      vertex 128.75 46.9004 0.15
      vertex 130 46.9004 0
      vertex 128.75 46.9004 0
    endloop
  endfacet
  facet normal 1 -0 0
    outer loop
      vertex 128.75 46.9004 0.15
      vertex 128.75 49.0996 0
      vertex 128.75 49.0996 0.15
    endloop
  endfacet
  facet normal 1 0 0
    outer loop
      vertex 128.75 49.0996 0
      vertex 128.75 46.9004 0.15
      vertex 128.75 46.9004 0
    endloop
  endfacet
  facet normal 0 -1 0
    outer loop
      vertex 128.75 49.0996 0
      vertex 130 49.0996 0.15
      vertex 128.75 49.0996 0.15
    endloop
  endfacet
  facet normal 0 -1 -0
    outer loop
      vertex 130 49.0996 0.15
      vertex 128.75 49.0996 0
      vertex 130 49.0996 0
    endloop
  endfacet
  facet normal -1 0 0
    outer loop
      vertex 130 46.9004 0
      vertex 130 49.0996 0.15
      vertex 130 49.0996 0
    endloop
  endfacet
  facet normal -1 -0 0
    outer loop
      vertex 130 49.0996 0.15
      vertex 130 46.9004 0
      vertex 130 46.9004 0.15
    endloop
  endfacet
  facet normal 0 1 -0
    outer loop
      vertex 141.825 46.9004 0
      vertex 139.625 46.9004 0.15
      vertex 141.825 46.9004 0.15
    endloop
  endfacet
  facet normal 0 1 0
    outer loop
      vertex 139.625 46.9004 0.15
      vertex 141.825 46.9004 0
      vertex 139.625 46.9004 0
    endloop
  endfacet
  facet normal 1 -0 0
    outer loop
      vertex 139.625 46.9004 0.15
      vertex 139.625 49.0996 0
      vertex 139.625 49.0996 0.15
    endloop
  endfacet
  facet normal 1 0 0
    outer loop
      vertex 139.625 49.0996 0
      vertex 139.625 46.9004 0.15
      vertex 139.625 46.9004 0
    endloop
  endfacet
  facet normal 0 -1 0
    outer loop
      vertex 139.625 49.0996 0
      vertex 141.825 49.0996 0.15
      vertex 139.625 49.0996 0.15
    endloop
  endfacet
  facet normal 0 -1 -0
    outer loop
      vertex 141.825 49.0996 0.15
      vertex 139.625 49.0996 0
      vertex 141.825 49.0996 0
    endloop
  endfacet
  facet normal -1 0 0
    outer loop
      vertex 141.825 46.9004 0
      vertex 141.825 49.0996 0.15
      vertex 141.825 49.0996 0
    endloop
  endfacet
  facet normal -1 -0 0
    outer loop
      vertex 141.825 49.0996 0.15
      vertex 141.825 46.9004 0
      vertex 141.825 46.9004 0.15
    endloop
  endfacet
  facet normal 0 1 -0
    outer loop
      vertex 143.625 46.9004 0
      vertex 142.375 46.9004 0.15
      vertex 143.625 46.9004 0.15
    endloop
  endfacet
  facet normal 0 1 0
    outer loop
      vertex 142.375 46.9004 0.15
      vertex 143.625 46.9004 0
      vertex 142.375 46.9004 0
    endloop
  endfacet
  facet normal 1 -0 0
    outer loop
      vertex 142.375 46.9004 0.15
      vertex 142.375 49.0996 0
      vertex 142.375 49.0996 0.15
    endloop
  endfacet
  facet normal 1 0 0
    outer loop
      vertex 142.375 49.0996 0
      vertex 142.375 46.9004 0.15
      vertex 142.375 46.9004 0
    endloop
  endfacet
  facet normal 0 -1 0
    outer loop
      vertex 142.375 49.0996 0
      vertex 143.625 49.0996 0.15
      vertex 142.375 49.0996 0.15
    endloop
  endfacet
  facet normal 0 -1 -0
    outer loop
      vertex 143.625 49.0996 0.15
      vertex 142.375 49.0996 0
      vertex 143.625 49.0996 0
    endloop
  endfacet
  facet normal -1 0 0
    outer loop
      vertex 143.625 46.9004 0
      vertex 143.625 49.0996 0.15
      vertex 143.625 49.0996 0
    endloop
  endfacet
  facet normal -1 -0 0
    outer loop
      vertex 143.625 49.0996 0.15
      vertex 143.625 46.9004 0
      vertex 143.625 46.9004 0.15
    endloop
  endfacet
  facet normal 0 1 -0
    outer loop
      vertex 154.7 46.9004 0
      vertex 152.5 46.9004 0.15
      vertex 154.7 46.9004 0.15
    endloop
  endfacet
  facet normal 0 1 0
    outer loop
      vertex 152.5 46.9004 0.15
      vertex 154.7 46.9004 0
      vertex 152.5 46.9004 0
    endloop
  endfacet
  facet normal 1 -0 0
    outer loop
      vertex 152.5 46.9004 0.15
      vertex 152.5 49.0996 0
      vertex 152.5 49.0996 0.15
    endloop
  endfacet
  facet normal 1 0 0
    outer loop
      vertex 152.5 49.0996 0
      vertex 152.5 46.9004 0.15
      vertex 152.5 46.9004 0
    endloop
  endfacet
  facet normal 0 -1 0
    outer loop
      vertex 152.5 49.0996 0
      vertex 154.7 49.0996 0.15
      vertex 152.5 49.0996 0.15
    endloop
  endfacet
  facet normal 0 -1 -0
    outer loop
      vertex 154.7 49.0996 0.15
      vertex 152.5 49.0996 0
      vertex 154.7 49.0996 0
    endloop
  endfacet
  facet normal -1 0 0
    outer loop
      vertex 154.7 46.9004 0
      vertex 154.7 49.0996 0.15
      vertex 154.7 49.0996 0
    endloop
  endfacet
  facet normal -1 -0 0
    outer loop
      vertex 154.7 49.0996 0.15
      vertex 154.7 46.9004 0
      vertex 154.7 46.9004 0.15
    endloop
  endfacet
  facet normal 0 1 -0
    outer loop
      vertex 156.5 46.9004 0
      vertex 155.25 46.9004 0.15
      vertex 156.5 46.9004 0.15
    endloop
  endfacet
  facet normal 0 1 0
    outer loop
      vertex 155.25 46.9004 0.15
      vertex 156.5 46.9004 0
      vertex 155.25 46.9004 0
    endloop
  endfacet
  facet normal 1 -0 0
    outer loop
      vertex 155.25 46.9004 0.15
      vertex 155.25 49.0996 0
      vertex 155.25 49.0996 0.15
    endloop
  endfacet
  facet normal 1 0 0
    outer loop
      vertex 155.25 49.0996 0
      vertex 155.25 46.9004 0.15
      vertex 155.25 46.9004 0
    endloop
  endfacet
  facet normal 0 -1 0
    outer loop
      vertex 155.25 49.0996 0
      vertex 156.5 49.0996 0.15
      vertex 155.25 49.0996 0.15
    endloop
  endfacet
  facet normal 0 -1 -0
    outer loop
      vertex 156.5 49.0996 0.15
      vertex 155.25 49.0996 0
      vertex 156.5 49.0996 0
    endloop
  endfacet
  facet normal -1 0 0
    outer loop
      vertex 156.5 46.9004 0
      vertex 156.5 49.0996 0.15
      vertex 156.5 49.0996 0
    endloop
  endfacet
  facet normal -1 -0 0
    outer loop
      vertex 156.5 49.0996 0.15
      vertex 156.5 46.9004 0
      vertex 156.5 46.9004 0.15
    endloop
  endfacet
  facet normal 0 1 -0
    outer loop
      vertex 168.475 46.9004 0
      vertex 166.275 46.9004 0.15
      vertex 168.475 46.9004 0.15
    endloop
  endfacet
  facet normal 0 1 0
    outer loop
      vertex 166.275 46.9004 0.15
      vertex 168.475 46.9004 0
      vertex 166.275 46.9004 0
    endloop
  endfacet
  facet normal 1 -0 0
    outer loop
      vertex 166.275 46.9004 0.15
      vertex 166.275 49.0996 0
      vertex 166.275 49.0996 0.15
    endloop
  endfacet
  facet normal 1 0 0
    outer loop
      vertex 166.275 49.0996 0
      vertex 166.275 46.9004 0.15
      vertex 166.275 46.9004 0
    endloop
  endfacet
  facet normal 0 -1 0
    outer loop
      vertex 166.275 49.0996 0
      vertex 168.475 49.0996 0.15
      vertex 166.275 49.0996 0.15
    endloop
  endfacet
  facet normal 0 -1 -0
    outer loop
      vertex 168.475 49.0996 0.15
      vertex 166.275 49.0996 0
      vertex 168.475 49.0996 0
    endloop
  endfacet
  facet normal -1 0 0
    outer loop
      vertex 168.475 46.9004 0
      vertex 168.475 49.0996 0.15
      vertex 168.475 49.0996 0
    endloop
  endfacet
  facet normal -1 -0 0
    outer loop
      vertex 168.475 49.0996 0.15
      vertex 168.475 46.9004 0
      vertex 168.475 46.9004 0.15
    endloop
  endfacet
  facet normal 0 1 -0
    outer loop
      vertex 170.275 46.9004 0
      vertex 169.025 46.9004 0.15
      vertex 170.275 46.9004 0.15
    endloop
  endfacet
  facet normal 0 1 0
    outer loop
      vertex 169.025 46.9004 0.15
      vertex 170.275 46.9004 0
      vertex 169.025 46.9004 0
    endloop
  endfacet
  facet normal 1 -0 0
    outer loop
      vertex 169.025 46.9004 0.15
      vertex 169.025 49.0996 0
      vertex 169.025 49.0996 0.15
    endloop
  endfacet
  facet normal 1 0 0
    outer loop
      vertex 169.025 49.0996 0
      vertex 169.025 46.9004 0.15
      vertex 169.025 46.9004 0
    endloop
  endfacet
  facet normal 0 -1 0
    outer loop
      vertex 169.025 49.0996 0
      vertex 170.275 49.0996 0.15
      vertex 169.025 49.0996 0.15
    endloop
  endfacet
  facet normal 0 -1 -0
    outer loop
      vertex 170.275 49.0996 0.15
      vertex 169.025 49.0996 0
      vertex 170.275 49.0996 0
    endloop
  endfacet
  facet normal -1 0 0
    outer loop
      vertex 170.275 46.9004 0
      vertex 170.275 49.0996 0.15
      vertex 170.275 49.0996 0
    endloop
  endfacet
  facet normal -1 -0 0
    outer loop
      vertex 170.275 49.0996 0.15
      vertex 170.275 46.9004 0
      vertex 170.275 46.9004 0.15
    endloop
  endfacet
  facet normal 0 1 -0
    outer loop
      vertex 183.7 46.9004 0
      vertex 181.5 46.9004 0.15
      vertex 183.7 46.9004 0.15
    endloop
  endfacet
  facet normal 0 1 0
    outer loop
      vertex 181.5 46.9004 0.15
      vertex 183.7 46.9004 0
      vertex 181.5 46.9004 0
    endloop
  endfacet
  facet normal 1 -0 0
    outer loop
      vertex 181.5 46.9004 0.15
      vertex 181.5 49.0996 0
      vertex 181.5 49.0996 0.15
    endloop
  endfacet
  facet normal 1 0 0
    outer loop
      vertex 181.5 49.0996 0
      vertex 181.5 46.9004 0.15
      vertex 181.5 46.9004 0
    endloop
  endfacet
  facet normal 0 -1 0
    outer loop
      vertex 181.5 49.0996 0
      vertex 183.7 49.0996 0.15
      vertex 181.5 49.0996 0.15
    endloop
  endfacet
  facet normal 0 -1 -0
    outer loop
      vertex 183.7 49.0996 0.15
      vertex 181.5 49.0996 0
      vertex 183.7 49.0996 0
    endloop
  endfacet
  facet normal -1 0 0
    outer loop
      vertex 183.7 46.9004 0
      vertex 183.7 49.0996 0.15
      vertex 183.7 49.0996 0
    endloop
  endfacet
  facet normal -1 -0 0
    outer loop
      vertex 183.7 49.0996 0.15
      vertex 183.7 46.9004 0
      vertex 183.7 46.9004 0.15
    endloop
  endfacet
  facet normal 0 1 -0
    outer loop
      vertex 185.5 46.9004 0
      vertex 184.25 46.9004 0.15
      vertex 185.5 46.9004 0.15
    endloop
  endfacet
  facet normal 0 1 0
    outer loop
      vertex 184.25 46.9004 0.15
      vertex 185.5 46.9004 0
      vertex 184.25 46.9004 0
    endloop
  endfacet
  facet normal 1 -0 0
    outer loop
      vertex 184.25 46.9004 0.15
      vertex 184.25 49.0996 0
      vertex 184.25 49.0996 0.15
    endloop
  endfacet
  facet normal 1 0 0
    outer loop
      vertex 184.25 49.0996 0
      vertex 184.25 46.9004 0.15
      vertex 184.25 46.9004 0
    endloop
  endfacet
  facet normal 0 -1 0
    outer loop
      vertex 184.25 49.0996 0
      vertex 185.5 49.0996 0.15
      vertex 184.25 49.0996 0.15
    endloop
  endfacet
  facet normal 0 -1 -0
    outer loop
      vertex 185.5 49.0996 0.15
      vertex 184.25 49.0996 0
      vertex 185.5 49.0996 0
    endloop
  endfacet
  facet normal -1 0 0
    outer loop
      vertex 185.5 46.9004 0
      vertex 185.5 49.0996 0.15
      vertex 185.5 49.0996 0
    endloop
  endfacet
  facet normal -1 -0 0
    outer loop
      vertex 185.5 49.0996 0.15
      vertex 185.5 46.9004 0
      vertex 185.5 46.9004 0.15
    endloop
  endfacet
  facet normal 0 1 -0
    outer loop
      vertex 103.6 48.7334 0
      vertex 101.4 48.7334 0.15
      vertex 103.6 48.7334 0.15
    endloop
  endfacet
  facet normal 0 1 0
    outer loop
      vertex 101.4 48.7334 0.15
      vertex 103.6 48.7334 0
      vertex 101.4 48.7334 0
    endloop
  endfacet
  facet normal 1 -0 0
    outer loop
      vertex 101.4 48.7334 0.15
      vertex 101.4 50.9336 0
      vertex 101.4 50.9336 0.15
    endloop
  endfacet
  facet normal 1 0 0
    outer loop
      vertex 101.4 50.9336 0
      vertex 101.4 48.7334 0.15
      vertex 101.4 48.7334 0
    endloop
  endfacet
  facet normal 0 -1 0
    outer loop
      vertex 101.4 50.9336 0
      vertex 103.6 50.9336 0.15
      vertex 101.4 50.9336 0.15
    endloop
  endfacet
  facet normal 0 -1 -0
    outer loop
      vertex 103.6 50.9336 0.15
      vertex 101.4 50.9336 0
      vertex 103.6 50.9336 0
    endloop
  endfacet
  facet normal -1 0 0
    outer loop
      vertex 103.6 48.7334 0
      vertex 103.6 50.9336 0.15
      vertex 103.6 50.9336 0
    endloop
  endfacet
  facet normal -1 -0 0
    outer loop
      vertex 103.6 50.9336 0.15
      vertex 103.6 48.7334 0
      vertex 103.6 48.7334 0.15
    endloop
  endfacet
  facet normal 0 1 -0
    outer loop
      vertex 105.4 48.7334 0
      vertex 104.15 48.7334 0.15
      vertex 105.4 48.7334 0.15
    endloop
  endfacet
  facet normal 0 1 0
    outer loop
      vertex 104.15 48.7334 0.15
      vertex 105.4 48.7334 0
      vertex 104.15 48.7334 0
    endloop
  endfacet
  facet normal 1 -0 0
    outer loop
      vertex 104.15 48.7334 0.15
      vertex 104.15 50.9336 0
      vertex 104.15 50.9336 0.15
    endloop
  endfacet
  facet normal 1 0 0
    outer loop
      vertex 104.15 50.9336 0
      vertex 104.15 48.7334 0.15
      vertex 104.15 48.7334 0
    endloop
  endfacet
  facet normal 0 -1 0
    outer loop
      vertex 104.15 50.9336 0
      vertex 105.4 50.9336 0.15
      vertex 104.15 50.9336 0.15
    endloop
  endfacet
  facet normal 0 -1 -0
    outer loop
      vertex 105.4 50.9336 0.15
      vertex 104.15 50.9336 0
      vertex 105.4 50.9336 0
    endloop
  endfacet
  facet normal -1 0 0
    outer loop
      vertex 105.4 48.7334 0
      vertex 105.4 50.9336 0.15
      vertex 105.4 50.9336 0
    endloop
  endfacet
  facet normal -1 -0 0
    outer loop
      vertex 105.4 50.9336 0.15
      vertex 105.4 48.7334 0
      vertex 105.4 48.7334 0.15
    endloop
  endfacet
  facet normal 0 1 -0
    outer loop
      vertex 138.25 56.6504 0
      vertex 137 56.6504 0.15
      vertex 138.25 56.6504 0.15
    endloop
  endfacet
  facet normal 0 1 0
    outer loop
      vertex 137 56.6504 0.15
      vertex 138.25 56.6504 0
      vertex 137 56.6504 0
    endloop
  endfacet
  facet normal 1 -0 0
    outer loop
      vertex 137 56.6504 0.15
      vertex 137 58.8496 0
      vertex 137 58.8496 0.15
    endloop
  endfacet
  facet normal 1 0 0
    outer loop
      vertex 137 58.8496 0
      vertex 137 56.6504 0.15
      vertex 137 56.6504 0
    endloop
  endfacet
  facet normal 0 -1 0
    outer loop
      vertex 137 58.8496 0
      vertex 138.25 58.8496 0.15
      vertex 137 58.8496 0.15
    endloop
  endfacet
  facet normal 0 -1 -0
    outer loop
      vertex 138.25 58.8496 0.15
      vertex 137 58.8496 0
      vertex 138.25 58.8496 0
    endloop
  endfacet
  facet normal -1 0 0
    outer loop
      vertex 138.25 56.6504 0
      vertex 138.25 58.8496 0.15
      vertex 138.25 58.8496 0
    endloop
  endfacet
  facet normal -1 -0 0
    outer loop
      vertex 138.25 58.8496 0.15
      vertex 138.25 56.6504 0
      vertex 138.25 56.6504 0.15
    endloop
  endfacet
  facet normal 0 1 -0
    outer loop
      vertex 136.45 56.6504 0
      vertex 134.25 56.6504 0.15
      vertex 136.45 56.6504 0.15
    endloop
  endfacet
  facet normal 0 1 0
    outer loop
      vertex 134.25 56.6504 0.15
      vertex 136.45 56.6504 0
      vertex 134.25 56.6504 0
    endloop
  endfacet
  facet normal 1 -0 0
    outer loop
      vertex 134.25 56.6504 0.15
      vertex 134.25 58.8496 0
      vertex 134.25 58.8496 0.15
    endloop
  endfacet
  facet normal 1 0 0
    outer loop
      vertex 134.25 58.8496 0
      vertex 134.25 56.6504 0.15
      vertex 134.25 56.6504 0
    endloop
  endfacet
  facet normal 0 -1 0
    outer loop
      vertex 134.25 58.8496 0
      vertex 136.45 58.8496 0.15
      vertex 134.25 58.8496 0.15
    endloop
  endfacet
  facet normal 0 -1 -0
    outer loop
      vertex 136.45 58.8496 0.15
      vertex 134.25 58.8496 0
      vertex 136.45 58.8496 0
    endloop
  endfacet
  facet normal -1 0 0
    outer loop
      vertex 136.45 56.6504 0
      vertex 136.45 58.8496 0.15
      vertex 136.45 58.8496 0
    endloop
  endfacet
  facet normal -1 -0 0
    outer loop
      vertex 136.45 58.8496 0.15
      vertex 136.45 56.6504 0
      vertex 136.45 56.6504 0.15
    endloop
  endfacet
  facet normal 0 1 -0
    outer loop
      vertex 121.75 56.6504 0
      vertex 120.5 56.6504 0.15
      vertex 121.75 56.6504 0.15
    endloop
  endfacet
  facet normal 0 1 0
    outer loop
      vertex 120.5 56.6504 0.15
      vertex 121.75 56.6504 0
      vertex 120.5 56.6504 0
    endloop
  endfacet
  facet normal 1 -0 0
    outer loop
      vertex 120.5 56.6504 0.15
      vertex 120.5 58.8496 0
      vertex 120.5 58.8496 0.15
    endloop
  endfacet
  facet normal 1 0 0
    outer loop
      vertex 120.5 58.8496 0
      vertex 120.5 56.6504 0.15
      vertex 120.5 56.6504 0
    endloop
  endfacet
  facet normal 0 -1 0
    outer loop
      vertex 120.5 58.8496 0
      vertex 121.75 58.8496 0.15
      vertex 120.5 58.8496 0.15
    endloop
  endfacet
  facet normal 0 -1 -0
    outer loop
      vertex 121.75 58.8496 0.15
      vertex 120.5 58.8496 0
      vertex 121.75 58.8496 0
    endloop
  endfacet
  facet normal -1 0 0
    outer loop
      vertex 121.75 56.6504 0
      vertex 121.75 58.8496 0.15
      vertex 121.75 58.8496 0
    endloop
  endfacet
  facet normal -1 -0 0
    outer loop
      vertex 121.75 58.8496 0.15
      vertex 121.75 56.6504 0
      vertex 121.75 56.6504 0.15
    endloop
  endfacet
  facet normal 0 1 -0
    outer loop
      vertex 119.95 56.6504 0
      vertex 117.75 56.6504 0.15
      vertex 119.95 56.6504 0.15
    endloop
  endfacet
  facet normal 0 1 0
    outer loop
      vertex 117.75 56.6504 0.15
      vertex 119.95 56.6504 0
      vertex 117.75 56.6504 0
    endloop
  endfacet
  facet normal 1 -0 0
    outer loop
      vertex 117.75 56.6504 0.15
      vertex 117.75 58.8496 0
      vertex 117.75 58.8496 0.15
    endloop
  endfacet
  facet normal 1 0 0
    outer loop
      vertex 117.75 58.8496 0
      vertex 117.75 56.6504 0.15
      vertex 117.75 56.6504 0
    endloop
  endfacet
  facet normal 0 -1 0
    outer loop
      vertex 117.75 58.8496 0
      vertex 119.95 58.8496 0.15
      vertex 117.75 58.8496 0.15
    endloop
  endfacet
  facet normal 0 -1 -0
    outer loop
      vertex 119.95 58.8496 0.15
      vertex 117.75 58.8496 0
      vertex 119.95 58.8496 0
    endloop
  endfacet
  facet normal -1 0 0
    outer loop
      vertex 119.95 56.6504 0
      vertex 119.95 58.8496 0.15
      vertex 119.95 58.8496 0
    endloop
  endfacet
  facet normal -1 -0 0
    outer loop
      vertex 119.95 58.8496 0.15
      vertex 119.95 56.6504 0
      vertex 119.95 56.6504 0.15
    endloop
  endfacet
  facet normal 0 1 -0
    outer loop
      vertex 180.75 56.9004 0
      vertex 179.5 56.9004 0.15
      vertex 180.75 56.9004 0.15
    endloop
  endfacet
  facet normal 0 1 0
    outer loop
      vertex 179.5 56.9004 0.15
      vertex 180.75 56.9004 0
      vertex 179.5 56.9004 0
    endloop
  endfacet
  facet normal 1 -0 0
    outer loop
      vertex 179.5 56.9004 0.15
      vertex 179.5 59.0996 0
      vertex 179.5 59.0996 0.15
    endloop
  endfacet
  facet normal 1 0 0
    outer loop
      vertex 179.5 59.0996 0
      vertex 179.5 56.9004 0.15
      vertex 179.5 56.9004 0
    endloop
  endfacet
  facet normal 0 -1 0
    outer loop
      vertex 179.5 59.0996 0
      vertex 180.75 59.0996 0.15
      vertex 179.5 59.0996 0.15
    endloop
  endfacet
  facet normal 0 -1 -0
    outer loop
      vertex 180.75 59.0996 0.15
      vertex 179.5 59.0996 0
      vertex 180.75 59.0996 0
    endloop
  endfacet
  facet normal -1 0 0
    outer loop
      vertex 180.75 56.9004 0
      vertex 180.75 59.0996 0.15
      vertex 180.75 59.0996 0
    endloop
  endfacet
  facet normal -1 -0 0
    outer loop
      vertex 180.75 59.0996 0.15
      vertex 180.75 56.9004 0
      vertex 180.75 56.9004 0.15
    endloop
  endfacet
  facet normal 0 1 -0
    outer loop
      vertex 178.95 56.9004 0
      vertex 176.75 56.9004 0.15
      vertex 178.95 56.9004 0.15
    endloop
  endfacet
  facet normal 0 1 0
    outer loop
      vertex 176.75 56.9004 0.15
      vertex 178.95 56.9004 0
      vertex 176.75 56.9004 0
    endloop
  endfacet
  facet normal 1 -0 0
    outer loop
      vertex 176.75 56.9004 0.15
      vertex 176.75 59.0996 0
      vertex 176.75 59.0996 0.15
    endloop
  endfacet
  facet normal 1 0 0
    outer loop
      vertex 176.75 59.0996 0
      vertex 176.75 56.9004 0.15
      vertex 176.75 56.9004 0
    endloop
  endfacet
  facet normal 0 -1 0
    outer loop
      vertex 176.75 59.0996 0
      vertex 178.95 59.0996 0.15
      vertex 176.75 59.0996 0.15
    endloop
  endfacet
  facet normal 0 -1 -0
    outer loop
      vertex 178.95 59.0996 0.15
      vertex 176.75 59.0996 0
      vertex 178.95 59.0996 0
    endloop
  endfacet
  facet normal -1 0 0
    outer loop
      vertex 178.95 56.9004 0
      vertex 178.95 59.0996 0.15
      vertex 178.95 59.0996 0
    endloop
  endfacet
  facet normal -1 -0 0
    outer loop
      vertex 178.95 59.0996 0.15
      vertex 178.95 56.9004 0
      vertex 178.95 56.9004 0.15
    endloop
  endfacet
  facet normal 0 1 -0
    outer loop
      vertex 163.25 56.9004 0
      vertex 162 56.9004 0.15
      vertex 163.25 56.9004 0.15
    endloop
  endfacet
  facet normal 0 1 0
    outer loop
      vertex 162 56.9004 0.15
      vertex 163.25 56.9004 0
      vertex 162 56.9004 0
    endloop
  endfacet
  facet normal 1 -0 0
    outer loop
      vertex 162 56.9004 0.15
      vertex 162 59.0996 0
      vertex 162 59.0996 0.15
    endloop
  endfacet
  facet normal 1 0 0
    outer loop
      vertex 162 59.0996 0
      vertex 162 56.9004 0.15
      vertex 162 56.9004 0
    endloop
  endfacet
  facet normal 0 -1 0
    outer loop
      vertex 162 59.0996 0
      vertex 163.25 59.0996 0.15
      vertex 162 59.0996 0.15
    endloop
  endfacet
  facet normal 0 -1 -0
    outer loop
      vertex 163.25 59.0996 0.15
      vertex 162 59.0996 0
      vertex 163.25 59.0996 0
    endloop
  endfacet
  facet normal -1 0 0
    outer loop
      vertex 163.25 56.9004 0
      vertex 163.25 59.0996 0.15
      vertex 163.25 59.0996 0
    endloop
  endfacet
  facet normal -1 -0 0
    outer loop
      vertex 163.25 59.0996 0.15
      vertex 163.25 56.9004 0
      vertex 163.25 56.9004 0.15
    endloop
  endfacet
  facet normal 0 1 -0
    outer loop
      vertex 161.45 56.9004 0
      vertex 159.25 56.9004 0.15
      vertex 161.45 56.9004 0.15
    endloop
  endfacet
  facet normal 0 1 0
    outer loop
      vertex 159.25 56.9004 0.15
      vertex 161.45 56.9004 0
      vertex 159.25 56.9004 0
    endloop
  endfacet
  facet normal 1 -0 0
    outer loop
      vertex 159.25 56.9004 0.15
      vertex 159.25 59.0996 0
      vertex 159.25 59.0996 0.15
    endloop
  endfacet
  facet normal 1 0 0
    outer loop
      vertex 159.25 59.0996 0
      vertex 159.25 56.9004 0.15
      vertex 159.25 56.9004 0
    endloop
  endfacet
  facet normal 0 -1 0
    outer loop
      vertex 159.25 59.0996 0
      vertex 161.45 59.0996 0.15
      vertex 159.25 59.0996 0.15
    endloop
  endfacet
  facet normal 0 -1 -0
    outer loop
      vertex 161.45 59.0996 0.15
      vertex 159.25 59.0996 0
      vertex 161.45 59.0996 0
    endloop
  endfacet
  facet normal -1 0 0
    outer loop
      vertex 161.45 56.9004 0
      vertex 161.45 59.0996 0.15
      vertex 161.45 59.0996 0
    endloop
  endfacet
  facet normal -1 -0 0
    outer loop
      vertex 161.45 59.0996 0.15
      vertex 161.45 56.9004 0
      vertex 161.45 56.9004 0.15
    endloop
  endfacet
  facet normal -0.559649 -0.82873 0
    outer loop
      vertex 101.371 58.9561 0
      vertex 101.452 58.9014 0.15
      vertex 101.371 58.9561 0.15
    endloop
  endfacet
  facet normal -0.559649 -0.82873 -0
    outer loop
      vertex 101.452 58.9014 0.15
      vertex 101.371 58.9561 0
      vertex 101.452 58.9014 0
    endloop
  endfacet
  facet normal -0.832366 -0.554226 0
    outer loop
      vertex 101.506 58.8203 0
      vertex 101.452 58.9014 0.15
      vertex 101.452 58.9014 0
    endloop
  endfacet
  facet normal -0.832366 -0.554226 0
    outer loop
      vertex 101.452 58.9014 0.15
      vertex 101.506 58.8203 0
      vertex 101.506 58.8203 0.15
    endloop
  endfacet
  facet normal -0.980856 -0.194736 0
    outer loop
      vertex 101.525 58.7246 0
      vertex 101.506 58.8203 0.15
      vertex 101.506 58.8203 0
    endloop
  endfacet
  facet normal -0.980856 -0.194736 0
    outer loop
      vertex 101.506 58.8203 0.15
      vertex 101.525 58.7246 0
      vertex 101.525 58.7246 0.15
    endloop
  endfacet
  facet normal -1 0 0
    outer loop
      vertex 101.525 57.4746 0
      vertex 101.525 58.7246 0.15
      vertex 101.525 58.7246 0
    endloop
  endfacet
  facet normal -1 -0 0
    outer loop
      vertex 101.525 58.7246 0.15
      vertex 101.525 57.4746 0
      vertex 101.525 57.4746 0.15
    endloop
  endfacet
  facet normal -0.980856 0.194736 0
    outer loop
      vertex 101.506 57.3789 0
      vertex 101.525 57.4746 0.15
      vertex 101.525 57.4746 0
    endloop
  endfacet
  facet normal -0.980856 0.194736 0
    outer loop
      vertex 101.525 57.4746 0.15
      vertex 101.506 57.3789 0
      vertex 101.506 57.3789 0.15
    endloop
  endfacet
  facet normal -0.83205 0.5547 0
    outer loop
      vertex 101.452 57.2979 0
      vertex 101.506 57.3789 0.15
      vertex 101.506 57.3789 0
    endloop
  endfacet
  facet normal -0.83205 0.5547 0
    outer loop
      vertex 101.506 57.3789 0.15
      vertex 101.452 57.2979 0
      vertex 101.452 57.2979 0.15
    endloop
  endfacet
  facet normal -0.553275 0.832998 0
    outer loop
      vertex 101.452 57.2979 0
      vertex 101.371 57.2441 0.15
      vertex 101.452 57.2979 0.15
    endloop
  endfacet
  facet normal -0.553275 0.832998 0
    outer loop
      vertex 101.371 57.2441 0.15
      vertex 101.452 57.2979 0
      vertex 101.371 57.2441 0
    endloop
  endfacet
  facet normal -0.19906 0.979987 0
    outer loop
      vertex 101.371 57.2441 0
      vertex 101.275 57.2246 0.15
      vertex 101.371 57.2441 0.15
    endloop
  endfacet
  facet normal -0.19906 0.979987 0
    outer loop
      vertex 101.275 57.2246 0.15
      vertex 101.371 57.2441 0
      vertex 101.275 57.2246 0
    endloop
  endfacet
  facet normal 0 1 -0
    outer loop
      vertex 101.275 57.2246 0
      vertex 100.65 57.2246 0.15
      vertex 101.275 57.2246 0.15
    endloop
  endfacet
  facet normal 0 1 0
    outer loop
      vertex 100.65 57.2246 0.15
      vertex 101.275 57.2246 0
      vertex 100.65 57.2246 0
    endloop
  endfacet
  facet normal 0.201071 0.979577 -0
    outer loop
      vertex 100.65 57.2246 0
      vertex 100.555 57.2441 0.15
      vertex 100.65 57.2246 0.15
    endloop
  endfacet
  facet normal 0.201071 0.979577 0
    outer loop
      vertex 100.555 57.2441 0.15
      vertex 100.65 57.2246 0
      vertex 100.555 57.2441 0
    endloop
  endfacet
  facet normal 0.553275 0.832998 -0
    outer loop
      vertex 100.555 57.2441 0
      vertex 100.474 57.2979 0.15
      vertex 100.555 57.2441 0.15
    endloop
  endfacet
  facet normal 0.553275 0.832998 0
    outer loop
      vertex 100.474 57.2979 0.15
      vertex 100.555 57.2441 0
      vertex 100.474 57.2979 0
    endloop
  endfacet
  facet normal 0.827306 0.561751 0
    outer loop
      vertex 100.474 57.2979 0.15
      vertex 100.419 57.3789 0
      vertex 100.419 57.3789 0.15
    endloop
  endfacet
  facet normal 0.827306 0.561751 0
    outer loop
      vertex 100.419 57.3789 0
      vertex 100.474 57.2979 0.15
      vertex 100.474 57.2979 0
    endloop
  endfacet
  facet normal 0.980856 0.194736 0
    outer loop
      vertex 100.419 57.3789 0.15
      vertex 100.4 57.4746 0
      vertex 100.4 57.4746 0.15
    endloop
  endfacet
  facet normal 0.980856 0.194736 0
    outer loop
      vertex 100.4 57.4746 0
      vertex 100.419 57.3789 0.15
      vertex 100.419 57.3789 0
    endloop
  endfacet
  facet normal 1 -0 0
    outer loop
      vertex 100.4 57.4746 0.15
      vertex 100.4 58.7246 0
      vertex 100.4 58.7246 0.15
    endloop
  endfacet
  facet normal 1 0 0
    outer loop
      vertex 100.4 58.7246 0
      vertex 100.4 57.4746 0.15
      vertex 100.4 57.4746 0
    endloop
  endfacet
  facet normal 0.980856 -0.194736 0
    outer loop
      vertex 100.4 58.7246 0.15
      vertex 100.419 58.8203 0
      vertex 100.419 58.8203 0.15
    endloop
  endfacet
  facet normal 0.980856 -0.194736 0
    outer loop
      vertex 100.419 58.8203 0
      vertex 100.4 58.7246 0.15
      vertex 100.4 58.7246 0
    endloop
  endfacet
  facet normal 0.827628 -0.561277 0
    outer loop
      vertex 100.419 58.8203 0.15
      vertex 100.474 58.9014 0
      vertex 100.474 58.9014 0.15
    endloop
  endfacet
  facet normal 0.827628 -0.561277 0
    outer loop
      vertex 100.474 58.9014 0
      vertex 100.419 58.8203 0.15
      vertex 100.419 58.8203 0
    endloop
  endfacet
  facet normal 0.559649 -0.82873 0
    outer loop
      vertex 100.474 58.9014 0
      vertex 100.555 58.9561 0.15
      vertex 100.474 58.9014 0.15
    endloop
  endfacet
  facet normal 0.559649 -0.82873 0
    outer loop
      vertex 100.555 58.9561 0.15
      vertex 100.474 58.9014 0
      vertex 100.555 58.9561 0
    endloop
  endfacet
  facet normal 0.191146 -0.981562 0
    outer loop
      vertex 100.555 58.9561 0
      vertex 100.65 58.9746 0.15
      vertex 100.555 58.9561 0.15
    endloop
  endfacet
  facet normal 0.191146 -0.981562 0
    outer loop
      vertex 100.65 58.9746 0.15
      vertex 100.555 58.9561 0
      vertex 100.65 58.9746 0
    endloop
  endfacet
  facet normal 0 -1 0
    outer loop
      vertex 100.65 58.9746 0
      vertex 101.275 58.9746 0.15
      vertex 100.65 58.9746 0.15
    endloop
  endfacet
  facet normal 0 -1 -0
    outer loop
      vertex 101.275 58.9746 0.15
      vertex 100.65 58.9746 0
      vertex 101.275 58.9746 0
    endloop
  endfacet
  facet normal -0.189227 -0.981933 0
    outer loop
      vertex 101.275 58.9746 0
      vertex 101.371 58.9561 0.15
      vertex 101.275 58.9746 0.15
    endloop
  endfacet
  facet normal -0.189227 -0.981933 -0
    outer loop
      vertex 101.371 58.9561 0.15
      vertex 101.275 58.9746 0
      vertex 101.371 58.9561 0
    endloop
  endfacet
  facet normal -0.559174 -0.82905 0
    outer loop
      vertex 98.4453 58.9561 0
      vertex 98.5264 58.9014 0.15
      vertex 98.4453 58.9561 0.15
    endloop
  endfacet
  facet normal -0.559174 -0.82905 -0
    outer loop
      vertex 98.5264 58.9014 0.15
      vertex 98.4453 58.9561 0
      vertex 98.5264 58.9014 0
    endloop
  endfacet
  facet normal -0.82905 -0.559174 0
    outer loop
      vertex 98.5811 58.8203 0
      vertex 98.5264 58.9014 0.15
      vertex 98.5264 58.9014 0
    endloop
  endfacet
  facet normal -0.82905 -0.559174 0
    outer loop
      vertex 98.5264 58.9014 0.15
      vertex 98.5811 58.8203 0
      vertex 98.5811 58.8203 0.15
    endloop
  endfacet
  facet normal -0.981823 -0.189799 0
    outer loop
      vertex 98.5996 58.7246 0
      vertex 98.5811 58.8203 0.15
      vertex 98.5811 58.8203 0
    endloop
  endfacet
  facet normal -0.981823 -0.189799 0
    outer loop
      vertex 98.5811 58.8203 0.15
      vertex 98.5996 58.7246 0
      vertex 98.5996 58.7246 0.15
    endloop
  endfacet
  facet normal -1 0 0
    outer loop
      vertex 98.5996 57.4746 0
      vertex 98.5996 58.7246 0.15
      vertex 98.5996 58.7246 0
    endloop
  endfacet
  facet normal -1 -0 0
    outer loop
      vertex 98.5996 58.7246 0.15
      vertex 98.5996 57.4746 0
      vertex 98.5996 57.4746 0.15
    endloop
  endfacet
  facet normal -0.981823 0.189799 0
    outer loop
      vertex 98.5811 57.3789 0
      vertex 98.5996 57.4746 0.15
      vertex 98.5996 57.4746 0
    endloop
  endfacet
  facet normal -0.981823 0.189799 0
    outer loop
      vertex 98.5996 57.4746 0.15
      vertex 98.5811 57.3789 0
      vertex 98.5811 57.3789 0.15
    endloop
  endfacet
  facet normal -0.82873 0.559649 0
    outer loop
      vertex 98.5264 57.2979 0
      vertex 98.5811 57.3789 0.15
      vertex 98.5811 57.3789 0
    endloop
  endfacet
  facet normal -0.82873 0.559649 0
    outer loop
      vertex 98.5811 57.3789 0.15
      vertex 98.5264 57.2979 0
      vertex 98.5264 57.2979 0.15
    endloop
  endfacet
  facet normal -0.552802 0.833313 0
    outer loop
      vertex 98.5264 57.2979 0
      vertex 98.4453 57.2441 0.15
      vertex 98.5264 57.2979 0.15
    endloop
  endfacet
  facet normal -0.552802 0.833313 0
    outer loop
      vertex 98.4453 57.2441 0.15
      vertex 98.5264 57.2979 0
      vertex 98.4453 57.2441 0
    endloop
  endfacet
  facet normal -0.199659 0.979865 0
    outer loop
      vertex 98.4453 57.2441 0
      vertex 98.3496 57.2246 0.15
      vertex 98.4453 57.2441 0.15
    endloop
  endfacet
  facet normal -0.199659 0.979865 0
    outer loop
      vertex 98.3496 57.2246 0.15
      vertex 98.4453 57.2441 0
      vertex 98.3496 57.2246 0
    endloop
  endfacet
  facet normal 0 1 -0
    outer loop
      vertex 98.3496 57.2246 0
      vertex 97.7246 57.2246 0.15
      vertex 98.3496 57.2246 0.15
    endloop
  endfacet
  facet normal 0 1 0
    outer loop
      vertex 97.7246 57.2246 0.15
      vertex 98.3496 57.2246 0
      vertex 97.7246 57.2246 0
    endloop
  endfacet
  facet normal 0.199659 0.979865 -0
    outer loop
      vertex 97.7246 57.2246 0
      vertex 97.6289 57.2441 0.15
      vertex 97.7246 57.2246 0.15
    endloop
  endfacet
  facet normal 0.199659 0.979865 0
    outer loop
      vertex 97.6289 57.2441 0.15
      vertex 97.7246 57.2246 0
      vertex 97.6289 57.2441 0
    endloop
  endfacet
  facet normal 0.553275 0.832998 -0
    outer loop
      vertex 97.6289 57.2441 0
      vertex 97.5479 57.2979 0.15
      vertex 97.6289 57.2441 0.15
    endloop
  endfacet
  facet normal 0.553275 0.832998 0
    outer loop
      vertex 97.5479 57.2979 0.15
      vertex 97.6289 57.2441 0
      vertex 97.5479 57.2979 0
    endloop
  endfacet
  facet normal 0.832998 0.553275 0
    outer loop
      vertex 97.5479 57.2979 0.15
      vertex 97.4941 57.3789 0
      vertex 97.4941 57.3789 0.15
    endloop
  endfacet
  facet normal 0.832998 0.553275 0
    outer loop
      vertex 97.4941 57.3789 0
      vertex 97.5479 57.2979 0.15
      vertex 97.5479 57.2979 0
    endloop
  endfacet
  facet normal 0.979865 0.199659 0
    outer loop
      vertex 97.4941 57.3789 0.15
      vertex 97.4746 57.4746 0
      vertex 97.4746 57.4746 0.15
    endloop
  endfacet
  facet normal 0.979865 0.199659 0
    outer loop
      vertex 97.4746 57.4746 0
      vertex 97.4941 57.3789 0.15
      vertex 97.4941 57.3789 0
    endloop
  endfacet
  facet normal 1 -0 0
    outer loop
      vertex 97.4746 57.4746 0.15
      vertex 97.4746 58.7246 0
      vertex 97.4746 58.7246 0.15
    endloop
  endfacet
  facet normal 1 0 0
    outer loop
      vertex 97.4746 58.7246 0
      vertex 97.4746 57.4746 0.15
      vertex 97.4746 57.4746 0
    endloop
  endfacet
  facet normal 0.979865 -0.199659 0
    outer loop
      vertex 97.4746 58.7246 0.15
      vertex 97.4941 58.8203 0
      vertex 97.4941 58.8203 0.15
    endloop
  endfacet
  facet normal 0.979865 -0.199659 0
    outer loop
      vertex 97.4941 58.8203 0
      vertex 97.4746 58.7246 0.15
      vertex 97.4746 58.7246 0
    endloop
  endfacet
  facet normal 0.833313 -0.552802 0
    outer loop
      vertex 97.4941 58.8203 0.15
      vertex 97.5479 58.9014 0
      vertex 97.5479 58.9014 0.15
    endloop
  endfacet
  facet normal 0.833313 -0.552802 0
    outer loop
      vertex 97.5479 58.9014 0
      vertex 97.4941 58.8203 0.15
      vertex 97.4941 58.8203 0
    endloop
  endfacet
  facet normal 0.559649 -0.82873 0
    outer loop
      vertex 97.5479 58.9014 0
      vertex 97.6289 58.9561 0.15
      vertex 97.5479 58.9014 0.15
    endloop
  endfacet
  facet normal 0.559649 -0.82873 0
    outer loop
      vertex 97.6289 58.9561 0.15
      vertex 97.5479 58.9014 0
      vertex 97.6289 58.9561 0
    endloop
  endfacet
  facet normal 0.189799 -0.981823 0
    outer loop
      vertex 97.6289 58.9561 0
      vertex 97.7246 58.9746 0.15
      vertex 97.6289 58.9561 0.15
    endloop
  endfacet
  facet normal 0.189799 -0.981823 0
    outer loop
      vertex 97.7246 58.9746 0.15
      vertex 97.6289 58.9561 0
      vertex 97.7246 58.9746 0
    endloop
  endfacet
  facet normal 0 -1 0
    outer loop
      vertex 97.7246 58.9746 0
      vertex 98.3496 58.9746 0.15
      vertex 97.7246 58.9746 0.15
    endloop
  endfacet
  facet normal 0 -1 -0
    outer loop
      vertex 98.3496 58.9746 0.15
      vertex 97.7246 58.9746 0
      vertex 98.3496 58.9746 0
    endloop
  endfacet
  facet normal -0.189799 -0.981823 0
    outer loop
      vertex 98.3496 58.9746 0
      vertex 98.4453 58.9561 0.15
      vertex 98.3496 58.9746 0.15
    endloop
  endfacet
  facet normal -0.189799 -0.981823 -0
    outer loop
      vertex 98.4453 58.9561 0.15
      vertex 98.3496 58.9746 0
      vertex 98.4453 58.9561 0
    endloop
  endfacet
  facet normal 0 1 -0
    outer loop
      vertex 105.4 63.5664 0
      vertex 104.15 63.5664 0.15
      vertex 105.4 63.5664 0.15
    endloop
  endfacet
  facet normal 0 1 0
    outer loop
      vertex 104.15 63.5664 0.15
      vertex 105.4 63.5664 0
      vertex 104.15 63.5664 0
    endloop
  endfacet
  facet normal 1 -0 0
    outer loop
      vertex 104.15 63.5664 0.15
      vertex 104.15 65.7666 0
      vertex 104.15 65.7666 0.15
    endloop
  endfacet
  facet normal 1 0 0
    outer loop
      vertex 104.15 65.7666 0
      vertex 104.15 63.5664 0.15
      vertex 104.15 63.5664 0
    endloop
  endfacet
  facet normal 0 -1 0
    outer loop
      vertex 104.15 65.7666 0
      vertex 105.4 65.7666 0.15
      vertex 104.15 65.7666 0.15
    endloop
  endfacet
  facet normal 0 -1 -0
    outer loop
      vertex 105.4 65.7666 0.15
      vertex 104.15 65.7666 0
      vertex 105.4 65.7666 0
    endloop
  endfacet
  facet normal -1 0 0
    outer loop
      vertex 105.4 63.5664 0
      vertex 105.4 65.7666 0.15
      vertex 105.4 65.7666 0
    endloop
  endfacet
  facet normal -1 -0 0
    outer loop
      vertex 105.4 65.7666 0.15
      vertex 105.4 63.5664 0
      vertex 105.4 63.5664 0.15
    endloop
  endfacet
  facet normal 0 1 -0
    outer loop
      vertex 103.6 63.5664 0
      vertex 101.4 63.5664 0.15
      vertex 103.6 63.5664 0.15
    endloop
  endfacet
  facet normal 0 1 0
    outer loop
      vertex 101.4 63.5664 0.15
      vertex 103.6 63.5664 0
      vertex 101.4 63.5664 0
    endloop
  endfacet
  facet normal 1 -0 0
    outer loop
      vertex 101.4 63.5664 0.15
      vertex 101.4 65.7666 0
      vertex 101.4 65.7666 0.15
    endloop
  endfacet
  facet normal 1 0 0
    outer loop
      vertex 101.4 65.7666 0
      vertex 101.4 63.5664 0.15
      vertex 101.4 63.5664 0
    endloop
  endfacet
  facet normal 0 -1 0
    outer loop
      vertex 101.4 65.7666 0
      vertex 103.6 65.7666 0.15
      vertex 101.4 65.7666 0.15
    endloop
  endfacet
  facet normal 0 -1 -0
    outer loop
      vertex 103.6 65.7666 0.15
      vertex 101.4 65.7666 0
      vertex 103.6 65.7666 0
    endloop
  endfacet
  facet normal -1 0 0
    outer loop
      vertex 103.6 63.5664 0
      vertex 103.6 65.7666 0.15
      vertex 103.6 65.7666 0
    endloop
  endfacet
  facet normal -1 -0 0
    outer loop
      vertex 103.6 65.7666 0.15
      vertex 103.6 63.5664 0
      vertex 103.6 63.5664 0.15
    endloop
  endfacet
  facet normal -0.552088 -0.833786 0
    outer loop
      vertex 98.4453 70.5557 0
      vertex 98.5264 70.502 0.15
      vertex 98.4453 70.5557 0.15
    endloop
  endfacet
  facet normal -0.552088 -0.833786 -0
    outer loop
      vertex 98.5264 70.502 0.15
      vertex 98.4453 70.5557 0
      vertex 98.5264 70.502 0
    endloop
  endfacet
  facet normal -0.82905 -0.559174 0
    outer loop
      vertex 98.5811 70.4209 0
      vertex 98.5264 70.502 0.15
      vertex 98.5264 70.502 0
    endloop
  endfacet
  facet normal -0.82905 -0.559174 0
    outer loop
      vertex 98.5264 70.502 0.15
      vertex 98.5811 70.4209 0
      vertex 98.5811 70.4209 0.15
    endloop
  endfacet
  facet normal -0.981823 -0.189799 0
    outer loop
      vertex 98.5996 70.3252 0
      vertex 98.5811 70.4209 0.15
      vertex 98.5811 70.4209 0
    endloop
  endfacet
  facet normal -0.981823 -0.189799 0
    outer loop
      vertex 98.5811 70.4209 0.15
      vertex 98.5996 70.3252 0
      vertex 98.5996 70.3252 0.15
    endloop
  endfacet
  facet normal -1 0 0
    outer loop
      vertex 98.5996 69.0752 0
      vertex 98.5996 70.3252 0.15
      vertex 98.5996 70.3252 0
    endloop
  endfacet
  facet normal -1 -0 0
    outer loop
      vertex 98.5996 70.3252 0.15
      vertex 98.5996 69.0752 0
      vertex 98.5996 69.0752 0.15
    endloop
  endfacet
  facet normal -0.981823 0.189799 0
    outer loop
      vertex 98.5811 68.9795 0
      vertex 98.5996 69.0752 0.15
      vertex 98.5996 69.0752 0
    endloop
  endfacet
  facet normal -0.981823 0.189799 0
    outer loop
      vertex 98.5996 69.0752 0.15
      vertex 98.5811 68.9795 0
      vertex 98.5811 68.9795 0.15
    endloop
  endfacet
  facet normal -0.82905 0.559174 0
    outer loop
      vertex 98.5264 68.8984 0
      vertex 98.5811 68.9795 0.15
      vertex 98.5811 68.9795 0
    endloop
  endfacet
  facet normal -0.82905 0.559174 0
    outer loop
      vertex 98.5811 68.9795 0.15
      vertex 98.5264 68.8984 0
      vertex 98.5264 68.8984 0.15
    endloop
  endfacet
  facet normal -0.558471 0.829524 0
    outer loop
      vertex 98.5264 68.8984 0
      vertex 98.4453 68.8438 0.15
      vertex 98.5264 68.8984 0.15
    endloop
  endfacet
  facet normal -0.558471 0.829524 0
    outer loop
      vertex 98.4453 68.8438 0.15
      vertex 98.5264 68.8984 0
      vertex 98.4453 68.8438 0
    endloop
  endfacet
  facet normal -0.190787 0.981631 0
    outer loop
      vertex 98.4453 68.8438 0
      vertex 98.3496 68.8252 0.15
      vertex 98.4453 68.8438 0.15
    endloop
  endfacet
  facet normal -0.190787 0.981631 0
    outer loop
      vertex 98.3496 68.8252 0.15
      vertex 98.4453 68.8438 0
      vertex 98.3496 68.8252 0
    endloop
  endfacet
  facet normal 0 1 -0
    outer loop
      vertex 98.3496 68.8252 0
      vertex 97.7246 68.8252 0.15
      vertex 98.3496 68.8252 0.15
    endloop
  endfacet
  facet normal 0 1 0
    outer loop
      vertex 97.7246 68.8252 0.15
      vertex 98.3496 68.8252 0
      vertex 97.7246 68.8252 0
    endloop
  endfacet
  facet normal 0.190787 0.981631 -0
    outer loop
      vertex 97.7246 68.8252 0
      vertex 97.6289 68.8438 0.15
      vertex 97.7246 68.8252 0.15
    endloop
  endfacet
  facet normal 0.190787 0.981631 0
    outer loop
      vertex 97.6289 68.8438 0.15
      vertex 97.7246 68.8252 0
      vertex 97.6289 68.8438 0
    endloop
  endfacet
  facet normal 0.558945 0.829205 -0
    outer loop
      vertex 97.6289 68.8438 0
      vertex 97.5479 68.8984 0.15
      vertex 97.6289 68.8438 0.15
    endloop
  endfacet
  facet normal 0.558945 0.829205 0
    outer loop
      vertex 97.5479 68.8984 0.15
      vertex 97.6289 68.8438 0
      vertex 97.5479 68.8984 0
    endloop
  endfacet
  facet normal 0.833313 0.552802 0
    outer loop
      vertex 97.5479 68.8984 0.15
      vertex 97.4941 68.9795 0
      vertex 97.4941 68.9795 0.15
    endloop
  endfacet
  facet normal 0.833313 0.552802 0
    outer loop
      vertex 97.4941 68.9795 0
      vertex 97.5479 68.8984 0.15
      vertex 97.5479 68.8984 0
    endloop
  endfacet
  facet normal 0.979865 0.199659 0
    outer loop
      vertex 97.4941 68.9795 0.15
      vertex 97.4746 69.0752 0
      vertex 97.4746 69.0752 0.15
    endloop
  endfacet
  facet normal 0.979865 0.199659 0
    outer loop
      vertex 97.4746 69.0752 0
      vertex 97.4941 68.9795 0.15
      vertex 97.4941 68.9795 0
    endloop
  endfacet
  facet normal 1 -0 0
    outer loop
      vertex 97.4746 69.0752 0.15
      vertex 97.4746 70.3252 0
      vertex 97.4746 70.3252 0.15
    endloop
  endfacet
  facet normal 1 0 0
    outer loop
      vertex 97.4746 70.3252 0
      vertex 97.4746 69.0752 0.15
      vertex 97.4746 69.0752 0
    endloop
  endfacet
  facet normal 0.979865 -0.199659 0
    outer loop
      vertex 97.4746 70.3252 0.15
      vertex 97.4941 70.4209 0
      vertex 97.4941 70.4209 0.15
    endloop
  endfacet
  facet normal 0.979865 -0.199659 0
    outer loop
      vertex 97.4941 70.4209 0
      vertex 97.4746 70.3252 0.15
      vertex 97.4746 70.3252 0
    endloop
  endfacet
  facet normal 0.833313 -0.552802 0
    outer loop
      vertex 97.4941 70.4209 0.15
      vertex 97.5479 70.502 0
      vertex 97.5479 70.502 0.15
    endloop
  endfacet
  facet normal 0.833313 -0.552802 0
    outer loop
      vertex 97.5479 70.502 0
      vertex 97.4941 70.4209 0.15
      vertex 97.4941 70.4209 0
    endloop
  endfacet
  facet normal 0.552561 -0.833472 0
    outer loop
      vertex 97.5479 70.502 0
      vertex 97.6289 70.5557 0.15
      vertex 97.5479 70.502 0.15
    endloop
  endfacet
  facet normal 0.552561 -0.833472 0
    outer loop
      vertex 97.6289 70.5557 0.15
      vertex 97.5479 70.502 0
      vertex 97.6289 70.5557 0
    endloop
  endfacet
  facet normal 0.199659 -0.979865 0
    outer loop
      vertex 97.6289 70.5557 0
      vertex 97.7246 70.5752 0.15
      vertex 97.6289 70.5557 0.15
    endloop
  endfacet
  facet normal 0.199659 -0.979865 0
    outer loop
      vertex 97.7246 70.5752 0.15
      vertex 97.6289 70.5557 0
      vertex 97.7246 70.5752 0
    endloop
  endfacet
  facet normal 0 -1 0
    outer loop
      vertex 97.7246 70.5752 0
      vertex 98.3496 70.5752 0.15
      vertex 97.7246 70.5752 0.15
    endloop
  endfacet
  facet normal 0 -1 -0
    outer loop
      vertex 98.3496 70.5752 0.15
      vertex 97.7246 70.5752 0
      vertex 98.3496 70.5752 0
    endloop
  endfacet
  facet normal -0.199659 -0.979865 0
    outer loop
      vertex 98.3496 70.5752 0
      vertex 98.4453 70.5557 0.15
      vertex 98.3496 70.5752 0.15
    endloop
  endfacet
  facet normal -0.199659 -0.979865 -0
    outer loop
      vertex 98.4453 70.5557 0.15
      vertex 98.3496 70.5752 0
      vertex 98.4453 70.5557 0
    endloop
  endfacet
  facet normal -0.552561 -0.833472 0
    outer loop
      vertex 101.371 70.5557 0
      vertex 101.452 70.502 0.15
      vertex 101.371 70.5557 0.15
    endloop
  endfacet
  facet normal -0.552561 -0.833472 -0
    outer loop
      vertex 101.452 70.502 0.15
      vertex 101.371 70.5557 0
      vertex 101.452 70.502 0
    endloop
  endfacet
  facet normal -0.832366 -0.554226 0
    outer loop
      vertex 101.506 70.4209 0
      vertex 101.452 70.502 0.15
      vertex 101.452 70.502 0
    endloop
  endfacet
  facet normal -0.832366 -0.554226 0
    outer loop
      vertex 101.452 70.502 0.15
      vertex 101.506 70.4209 0
      vertex 101.506 70.4209 0.15
    endloop
  endfacet
  facet normal -0.980856 -0.194736 0
    outer loop
      vertex 101.525 70.3252 0
      vertex 101.506 70.4209 0.15
      vertex 101.506 70.4209 0
    endloop
  endfacet
  facet normal -0.980856 -0.194736 0
    outer loop
      vertex 101.506 70.4209 0.15
      vertex 101.525 70.3252 0
      vertex 101.525 70.3252 0.15
    endloop
  endfacet
  facet normal -1 0 0
    outer loop
      vertex 101.525 69.0752 0
      vertex 101.525 70.3252 0.15
      vertex 101.525 70.3252 0
    endloop
  endfacet
  facet normal -1 -0 0
    outer loop
      vertex 101.525 70.3252 0.15
      vertex 101.525 69.0752 0
      vertex 101.525 69.0752 0.15
    endloop
  endfacet
  facet normal -0.980856 0.194736 0
    outer loop
      vertex 101.506 68.9795 0
      vertex 101.525 69.0752 0.15
      vertex 101.525 69.0752 0
    endloop
  endfacet
  facet normal -0.980856 0.194736 0
    outer loop
      vertex 101.525 69.0752 0.15
      vertex 101.506 68.9795 0
      vertex 101.506 68.9795 0.15
    endloop
  endfacet
  facet normal -0.832366 0.554226 0
    outer loop
      vertex 101.452 68.8984 0
      vertex 101.506 68.9795 0.15
      vertex 101.506 68.9795 0
    endloop
  endfacet
  facet normal -0.832366 0.554226 0
    outer loop
      vertex 101.506 68.9795 0.15
      vertex 101.452 68.8984 0
      vertex 101.452 68.8984 0.15
    endloop
  endfacet
  facet normal -0.558945 0.829205 0
    outer loop
      vertex 101.452 68.8984 0
      vertex 101.371 68.8438 0.15
      vertex 101.452 68.8984 0.15
    endloop
  endfacet
  facet normal -0.558945 0.829205 0
    outer loop
      vertex 101.371 68.8438 0.15
      vertex 101.452 68.8984 0
      vertex 101.371 68.8438 0
    endloop
  endfacet
  facet normal -0.190213 0.981743 0
    outer loop
      vertex 101.371 68.8438 0
      vertex 101.275 68.8252 0.15
      vertex 101.371 68.8438 0.15
    endloop
  endfacet
  facet normal -0.190213 0.981743 0
    outer loop
      vertex 101.275 68.8252 0.15
      vertex 101.371 68.8438 0
      vertex 101.275 68.8252 0
    endloop
  endfacet
  facet normal 0 1 -0
    outer loop
      vertex 101.275 68.8252 0
      vertex 100.65 68.8252 0.15
      vertex 101.275 68.8252 0.15
    endloop
  endfacet
  facet normal 0 1 0
    outer loop
      vertex 100.65 68.8252 0.15
      vertex 101.275 68.8252 0
      vertex 100.65 68.8252 0
    endloop
  endfacet
  facet normal 0.192141 0.981367 -0
    outer loop
      vertex 100.65 68.8252 0
      vertex 100.555 68.8438 0.15
      vertex 100.65 68.8252 0.15
    endloop
  endfacet
  facet normal 0.192141 0.981367 0
    outer loop
      vertex 100.555 68.8438 0.15
      vertex 100.65 68.8252 0
      vertex 100.555 68.8438 0
    endloop
  endfacet
  facet normal 0.558945 0.829205 -0
    outer loop
      vertex 100.555 68.8438 0
      vertex 100.474 68.8984 0.15
      vertex 100.555 68.8438 0.15
    endloop
  endfacet
  facet normal 0.558945 0.829205 0
    outer loop
      vertex 100.474 68.8984 0.15
      vertex 100.555 68.8438 0
      vertex 100.474 68.8984 0
    endloop
  endfacet
  facet normal 0.827628 0.561277 0
    outer loop
      vertex 100.474 68.8984 0.15
      vertex 100.419 68.9795 0
      vertex 100.419 68.9795 0.15
    endloop
  endfacet
  facet normal 0.827628 0.561277 0
    outer loop
      vertex 100.419 68.9795 0
      vertex 100.474 68.8984 0.15
      vertex 100.474 68.8984 0
    endloop
  endfacet
  facet normal 0.980856 0.194736 0
    outer loop
      vertex 100.419 68.9795 0.15
      vertex 100.4 69.0752 0
      vertex 100.4 69.0752 0.15
    endloop
  endfacet
  facet normal 0.980856 0.194736 0
    outer loop
      vertex 100.4 69.0752 0
      vertex 100.419 68.9795 0.15
      vertex 100.419 68.9795 0
    endloop
  endfacet
  facet normal 1 -0 0
    outer loop
      vertex 100.4 69.0752 0.15
      vertex 100.4 70.3252 0
      vertex 100.4 70.3252 0.15
    endloop
  endfacet
  facet normal 1 0 0
    outer loop
      vertex 100.4 70.3252 0
      vertex 100.4 69.0752 0.15
      vertex 100.4 69.0752 0
    endloop
  endfacet
  facet normal 0.980856 -0.194736 0
    outer loop
      vertex 100.4 70.3252 0.15
      vertex 100.419 70.4209 0
      vertex 100.419 70.4209 0.15
    endloop
  endfacet
  facet normal 0.980856 -0.194736 0
    outer loop
      vertex 100.419 70.4209 0
      vertex 100.4 70.3252 0.15
      vertex 100.4 70.3252 0
    endloop
  endfacet
  facet normal 0.827628 -0.561277 0
    outer loop
      vertex 100.419 70.4209 0.15
      vertex 100.474 70.502 0
      vertex 100.474 70.502 0.15
    endloop
  endfacet
  facet normal 0.827628 -0.561277 0
    outer loop
      vertex 100.474 70.502 0
      vertex 100.419 70.4209 0.15
      vertex 100.419 70.4209 0
    endloop
  endfacet
  facet normal 0.552561 -0.833472 0
    outer loop
      vertex 100.474 70.502 0
      vertex 100.555 70.5557 0.15
      vertex 100.474 70.502 0.15
    endloop
  endfacet
  facet normal 0.552561 -0.833472 0
    outer loop
      vertex 100.555 70.5557 0.15
      vertex 100.474 70.502 0
      vertex 100.555 70.5557 0
    endloop
  endfacet
  facet normal 0.201071 -0.979577 0
    outer loop
      vertex 100.555 70.5557 0
      vertex 100.65 70.5752 0.15
      vertex 100.555 70.5557 0.15
    endloop
  endfacet
  facet normal 0.201071 -0.979577 0
    outer loop
      vertex 100.65 70.5752 0.15
      vertex 100.555 70.5557 0
      vertex 100.65 70.5752 0
    endloop
  endfacet
  facet normal 0 -1 0
    outer loop
      vertex 100.65 70.5752 0
      vertex 101.275 70.5752 0.15
      vertex 100.65 70.5752 0.15
    endloop
  endfacet
  facet normal 0 -1 -0
    outer loop
      vertex 101.275 70.5752 0.15
      vertex 100.65 70.5752 0
      vertex 101.275 70.5752 0
    endloop
  endfacet
  facet normal -0.19906 -0.979987 0
    outer loop
      vertex 101.275 70.5752 0
      vertex 101.371 70.5557 0.15
      vertex 101.275 70.5752 0.15
    endloop
  endfacet
  facet normal -0.19906 -0.979987 -0
    outer loop
      vertex 101.371 70.5557 0.15
      vertex 101.275 70.5752 0
      vertex 101.371 70.5557 0
    endloop
  endfacet
  facet normal 0 1 -0
    outer loop
      vertex 186.9 68.9004 0
      vertex 185.65 68.9004 0.15
      vertex 186.9 68.9004 0.15
    endloop
  endfacet
  facet normal 0 1 0
    outer loop
      vertex 185.65 68.9004 0.15
      vertex 186.9 68.9004 0
      vertex 185.65 68.9004 0
    endloop
  endfacet
  facet normal 1 -0 0
    outer loop
      vertex 185.65 68.9004 0.15
      vertex 185.65 71.0996 0
      vertex 185.65 71.0996 0.15
    endloop
  endfacet
  facet normal 1 0 0
    outer loop
      vertex 185.65 71.0996 0
      vertex 185.65 68.9004 0.15
      vertex 185.65 68.9004 0
    endloop
  endfacet
  facet normal 0 -1 0
    outer loop
      vertex 185.65 71.0996 0
      vertex 186.9 71.0996 0.15
      vertex 185.65 71.0996 0.15
    endloop
  endfacet
  facet normal 0 -1 -0
    outer loop
      vertex 186.9 71.0996 0.15
      vertex 185.65 71.0996 0
      vertex 186.9 71.0996 0
    endloop
  endfacet
  facet normal -1 0 0
    outer loop
      vertex 186.9 68.9004 0
      vertex 186.9 71.0996 0.15
      vertex 186.9 71.0996 0
    endloop
  endfacet
  facet normal -1 -0 0
    outer loop
      vertex 186.9 71.0996 0.15
      vertex 186.9 68.9004 0
      vertex 186.9 68.9004 0.15
    endloop
  endfacet
  facet normal 0 1 -0
    outer loop
      vertex 185.1 68.9004 0
      vertex 182.9 68.9004 0.15
      vertex 185.1 68.9004 0.15
    endloop
  endfacet
  facet normal 0 1 0
    outer loop
      vertex 182.9 68.9004 0.15
      vertex 185.1 68.9004 0
      vertex 182.9 68.9004 0
    endloop
  endfacet
  facet normal 1 -0 0
    outer loop
      vertex 182.9 68.9004 0.15
      vertex 182.9 71.0996 0
      vertex 182.9 71.0996 0.15
    endloop
  endfacet
  facet normal 1 0 0
    outer loop
      vertex 182.9 71.0996 0
      vertex 182.9 68.9004 0.15
      vertex 182.9 68.9004 0
    endloop
  endfacet
  facet normal 0 -1 0
    outer loop
      vertex 182.9 71.0996 0
      vertex 185.1 71.0996 0.15
      vertex 182.9 71.0996 0.15
    endloop
  endfacet
  facet normal 0 -1 -0
    outer loop
      vertex 185.1 71.0996 0.15
      vertex 182.9 71.0996 0
      vertex 185.1 71.0996 0
    endloop
  endfacet
  facet normal -1 0 0
    outer loop
      vertex 185.1 68.9004 0
      vertex 185.1 71.0996 0.15
      vertex 185.1 71.0996 0
    endloop
  endfacet
  facet normal -1 -0 0
    outer loop
      vertex 185.1 71.0996 0.15
      vertex 185.1 68.9004 0
      vertex 185.1 68.9004 0.15
    endloop
  endfacet
  facet normal 0 1 -0
    outer loop
      vertex 171.575 68.9004 0
      vertex 170.325 68.9004 0.15
      vertex 171.575 68.9004 0.15
    endloop
  endfacet
  facet normal 0 1 0
    outer loop
      vertex 170.325 68.9004 0.15
      vertex 171.575 68.9004 0
      vertex 170.325 68.9004 0
    endloop
  endfacet
  facet normal 1 -0 0
    outer loop
      vertex 170.325 68.9004 0.15
      vertex 170.325 71.0996 0
      vertex 170.325 71.0996 0.15
    endloop
  endfacet
  facet normal 1 0 0
    outer loop
      vertex 170.325 71.0996 0
      vertex 170.325 68.9004 0.15
      vertex 170.325 68.9004 0
    endloop
  endfacet
  facet normal 0 -1 0
    outer loop
      vertex 170.325 71.0996 0
      vertex 171.575 71.0996 0.15
      vertex 170.325 71.0996 0.15
    endloop
  endfacet
  facet normal 0 -1 -0
    outer loop
      vertex 171.575 71.0996 0.15
      vertex 170.325 71.0996 0
      vertex 171.575 71.0996 0
    endloop
  endfacet
  facet normal -1 0 0
    outer loop
      vertex 171.575 68.9004 0
      vertex 171.575 71.0996 0.15
      vertex 171.575 71.0996 0
    endloop
  endfacet
  facet normal -1 -0 0
    outer loop
      vertex 171.575 71.0996 0.15
      vertex 171.575 68.9004 0
      vertex 171.575 68.9004 0.15
    endloop
  endfacet
  facet normal 0 1 -0
    outer loop
      vertex 169.775 68.9004 0
      vertex 167.575 68.9004 0.15
      vertex 169.775 68.9004 0.15
    endloop
  endfacet
  facet normal 0 1 0
    outer loop
      vertex 167.575 68.9004 0.15
      vertex 169.775 68.9004 0
      vertex 167.575 68.9004 0
    endloop
  endfacet
  facet normal 1 -0 0
    outer loop
      vertex 167.575 68.9004 0.15
      vertex 167.575 71.0996 0
      vertex 167.575 71.0996 0.15
    endloop
  endfacet
  facet normal 1 0 0
    outer loop
      vertex 167.575 71.0996 0
      vertex 167.575 68.9004 0.15
      vertex 167.575 68.9004 0
    endloop
  endfacet
  facet normal 0 -1 0
    outer loop
      vertex 167.575 71.0996 0
      vertex 169.775 71.0996 0.15
      vertex 167.575 71.0996 0.15
    endloop
  endfacet
  facet normal 0 -1 -0
    outer loop
      vertex 169.775 71.0996 0.15
      vertex 167.575 71.0996 0
      vertex 169.775 71.0996 0
    endloop
  endfacet
  facet normal -1 0 0
    outer loop
      vertex 169.775 68.9004 0
      vertex 169.775 71.0996 0.15
      vertex 169.775 71.0996 0
    endloop
  endfacet
  facet normal -1 -0 0
    outer loop
      vertex 169.775 71.0996 0.15
      vertex 169.775 68.9004 0
      vertex 169.775 68.9004 0.15
    endloop
  endfacet
  facet normal 0 1 -0
    outer loop
      vertex 144.125 68.9004 0
      vertex 142.875 68.9004 0.15
      vertex 144.125 68.9004 0.15
    endloop
  endfacet
  facet normal 0 1 0
    outer loop
      vertex 142.875 68.9004 0.15
      vertex 144.125 68.9004 0
      vertex 142.875 68.9004 0
    endloop
  endfacet
  facet normal 1 -0 0
    outer loop
      vertex 142.875 68.9004 0.15
      vertex 142.875 71.0996 0
      vertex 142.875 71.0996 0.15
    endloop
  endfacet
  facet normal 1 0 0
    outer loop
      vertex 142.875 71.0996 0
      vertex 142.875 68.9004 0.15
      vertex 142.875 68.9004 0
    endloop
  endfacet
  facet normal 0 -1 0
    outer loop
      vertex 142.875 71.0996 0
      vertex 144.125 71.0996 0.15
      vertex 142.875 71.0996 0.15
    endloop
  endfacet
  facet normal 0 -1 -0
    outer loop
      vertex 144.125 71.0996 0.15
      vertex 142.875 71.0996 0
      vertex 144.125 71.0996 0
    endloop
  endfacet
  facet normal -1 0 0
    outer loop
      vertex 144.125 68.9004 0
      vertex 144.125 71.0996 0.15
      vertex 144.125 71.0996 0
    endloop
  endfacet
  facet normal -1 -0 0
    outer loop
      vertex 144.125 71.0996 0.15
      vertex 144.125 68.9004 0
      vertex 144.125 68.9004 0.15
    endloop
  endfacet
  facet normal 0 1 -0
    outer loop
      vertex 142.325 68.9004 0
      vertex 140.125 68.9004 0.15
      vertex 142.325 68.9004 0.15
    endloop
  endfacet
  facet normal 0 1 0
    outer loop
      vertex 140.125 68.9004 0.15
      vertex 142.325 68.9004 0
      vertex 140.125 68.9004 0
    endloop
  endfacet
  facet normal 1 -0 0
    outer loop
      vertex 140.125 68.9004 0.15
      vertex 140.125 71.0996 0
      vertex 140.125 71.0996 0.15
    endloop
  endfacet
  facet normal 1 0 0
    outer loop
      vertex 140.125 71.0996 0
      vertex 140.125 68.9004 0.15
      vertex 140.125 68.9004 0
    endloop
  endfacet
  facet normal 0 -1 0
    outer loop
      vertex 140.125 71.0996 0
      vertex 142.325 71.0996 0.15
      vertex 140.125 71.0996 0.15
    endloop
  endfacet
  facet normal 0 -1 -0
    outer loop
      vertex 142.325 71.0996 0.15
      vertex 140.125 71.0996 0
      vertex 142.325 71.0996 0
    endloop
  endfacet
  facet normal -1 0 0
    outer loop
      vertex 142.325 68.9004 0
      vertex 142.325 71.0996 0.15
      vertex 142.325 71.0996 0
    endloop
  endfacet
  facet normal -1 -0 0
    outer loop
      vertex 142.325 71.0996 0.15
      vertex 142.325 68.9004 0
      vertex 142.325 68.9004 0.15
    endloop
  endfacet
  facet normal 0 1 -0
    outer loop
      vertex 130.4 68.9004 0
      vertex 129.15 68.9004 0.15
      vertex 130.4 68.9004 0.15
    endloop
  endfacet
  facet normal 0 1 0
    outer loop
      vertex 129.15 68.9004 0.15
      vertex 130.4 68.9004 0
      vertex 129.15 68.9004 0
    endloop
  endfacet
  facet normal 1 -0 0
    outer loop
      vertex 129.15 68.9004 0.15
      vertex 129.15 71.0996 0
      vertex 129.15 71.0996 0.15
    endloop
  endfacet
  facet normal 1 0 0
    outer loop
      vertex 129.15 71.0996 0
      vertex 129.15 68.9004 0.15
      vertex 129.15 68.9004 0
    endloop
  endfacet
  facet normal 0 -1 0
    outer loop
      vertex 129.15 71.0996 0
      vertex 130.4 71.0996 0.15
      vertex 129.15 71.0996 0.15
    endloop
  endfacet
  facet normal 0 -1 -0
    outer loop
      vertex 130.4 71.0996 0.15
      vertex 129.15 71.0996 0
      vertex 130.4 71.0996 0
    endloop
  endfacet
  facet normal -1 0 0
    outer loop
      vertex 130.4 68.9004 0
      vertex 130.4 71.0996 0.15
      vertex 130.4 71.0996 0
    endloop
  endfacet
  facet normal -1 -0 0
    outer loop
      vertex 130.4 71.0996 0.15
      vertex 130.4 68.9004 0
      vertex 130.4 68.9004 0.15
    endloop
  endfacet
  facet normal 0 1 -0
    outer loop
      vertex 128.6 68.9004 0
      vertex 126.4 68.9004 0.15
      vertex 128.6 68.9004 0.15
    endloop
  endfacet
  facet normal 0 1 0
    outer loop
      vertex 126.4 68.9004 0.15
      vertex 128.6 68.9004 0
      vertex 126.4 68.9004 0
    endloop
  endfacet
  facet normal 1 -0 0
    outer loop
      vertex 126.4 68.9004 0.15
      vertex 126.4 71.0996 0
      vertex 126.4 71.0996 0.15
    endloop
  endfacet
  facet normal 1 0 0
    outer loop
      vertex 126.4 71.0996 0
      vertex 126.4 68.9004 0.15
      vertex 126.4 68.9004 0
    endloop
  endfacet
  facet normal 0 -1 0
    outer loop
      vertex 126.4 71.0996 0
      vertex 128.6 71.0996 0.15
      vertex 126.4 71.0996 0.15
    endloop
  endfacet
  facet normal 0 -1 -0
    outer loop
      vertex 128.6 71.0996 0.15
      vertex 126.4 71.0996 0
      vertex 128.6 71.0996 0
    endloop
  endfacet
  facet normal -1 0 0
    outer loop
      vertex 128.6 68.9004 0
      vertex 128.6 71.0996 0.15
      vertex 128.6 71.0996 0
    endloop
  endfacet
  facet normal -1 -0 0
    outer loop
      vertex 128.6 71.0996 0.15
      vertex 128.6 68.9004 0
      vertex 128.6 68.9004 0.15
    endloop
  endfacet
  facet normal 0 1 -0
    outer loop
      vertex 115.9 69 0
      vertex 114.65 69 0.15
      vertex 115.9 69 0.15
    endloop
  endfacet
  facet normal 0 1 0
    outer loop
      vertex 114.65 69 0.15
      vertex 115.9 69 0
      vertex 114.65 69 0
    endloop
  endfacet
  facet normal 1 -0 0
    outer loop
      vertex 114.65 69 0.15
      vertex 114.65 71.2002 0
      vertex 114.65 71.2002 0.15
    endloop
  endfacet
  facet normal 1 0 0
    outer loop
      vertex 114.65 71.2002 0
      vertex 114.65 69 0.15
      vertex 114.65 69 0
    endloop
  endfacet
  facet normal 0 -1 0
    outer loop
      vertex 114.65 71.2002 0
      vertex 115.9 71.2002 0.15
      vertex 114.65 71.2002 0.15
    endloop
  endfacet
  facet normal 0 -1 -0
    outer loop
      vertex 115.9 71.2002 0.15
      vertex 114.65 71.2002 0
      vertex 115.9 71.2002 0
    endloop
  endfacet
  facet normal -1 0 0
    outer loop
      vertex 115.9 69 0
      vertex 115.9 71.2002 0.15
      vertex 115.9 71.2002 0
    endloop
  endfacet
  facet normal -1 -0 0
    outer loop
      vertex 115.9 71.2002 0.15
      vertex 115.9 69 0
      vertex 115.9 69 0.15
    endloop
  endfacet
  facet normal 0 1 -0
    outer loop
      vertex 114.1 69 0
      vertex 111.9 69 0.15
      vertex 114.1 69 0.15
    endloop
  endfacet
  facet normal 0 1 0
    outer loop
      vertex 111.9 69 0.15
      vertex 114.1 69 0
      vertex 111.9 69 0
    endloop
  endfacet
  facet normal 1 -0 0
    outer loop
      vertex 111.9 69 0.15
      vertex 111.9 71.2002 0
      vertex 111.9 71.2002 0.15
    endloop
  endfacet
  facet normal 1 0 0
    outer loop
      vertex 111.9 71.2002 0
      vertex 111.9 69 0.15
      vertex 111.9 69 0
    endloop
  endfacet
  facet normal 0 -1 0
    outer loop
      vertex 111.9 71.2002 0
      vertex 114.1 71.2002 0.15
      vertex 111.9 71.2002 0.15
    endloop
  endfacet
  facet normal 0 -1 -0
    outer loop
      vertex 114.1 71.2002 0.15
      vertex 111.9 71.2002 0
      vertex 114.1 71.2002 0
    endloop
  endfacet
  facet normal -1 0 0
    outer loop
      vertex 114.1 69 0
      vertex 114.1 71.2002 0.15
      vertex 114.1 71.2002 0
    endloop
  endfacet
  facet normal -1 -0 0
    outer loop
      vertex 114.1 71.2002 0.15
      vertex 114.1 69 0
      vertex 114.1 69 0.15
    endloop
  endfacet
  facet normal 0 1 -0
    outer loop
      vertex 157.5 69.4004 0
      vertex 156.25 69.4004 0.15
      vertex 157.5 69.4004 0.15
    endloop
  endfacet
  facet normal 0 1 0
    outer loop
      vertex 156.25 69.4004 0.15
      vertex 157.5 69.4004 0
      vertex 156.25 69.4004 0
    endloop
  endfacet
  facet normal 1 -0 0
    outer loop
      vertex 156.25 69.4004 0.15
      vertex 156.25 71.5996 0
      vertex 156.25 71.5996 0.15
    endloop
  endfacet
  facet normal 1 0 0
    outer loop
      vertex 156.25 71.5996 0
      vertex 156.25 69.4004 0.15
      vertex 156.25 69.4004 0
    endloop
  endfacet
  facet normal 0 -1 0
    outer loop
      vertex 156.25 71.5996 0
      vertex 157.5 71.5996 0.15
      vertex 156.25 71.5996 0.15
    endloop
  endfacet
  facet normal 0 -1 -0
    outer loop
      vertex 157.5 71.5996 0.15
      vertex 156.25 71.5996 0
      vertex 157.5 71.5996 0
    endloop
  endfacet
  facet normal -1 0 0
    outer loop
      vertex 157.5 69.4004 0
      vertex 157.5 71.5996 0.15
      vertex 157.5 71.5996 0
    endloop
  endfacet
  facet normal -1 -0 0
    outer loop
      vertex 157.5 71.5996 0.15
      vertex 157.5 69.4004 0
      vertex 157.5 69.4004 0.15
    endloop
  endfacet
  facet normal 0 1 -0
    outer loop
      vertex 155.7 69.4004 0
      vertex 153.5 69.4004 0.15
      vertex 155.7 69.4004 0.15
    endloop
  endfacet
  facet normal 0 1 0
    outer loop
      vertex 153.5 69.4004 0.15
      vertex 155.7 69.4004 0
      vertex 153.5 69.4004 0
    endloop
  endfacet
  facet normal 1 -0 0
    outer loop
      vertex 153.5 69.4004 0.15
      vertex 153.5 71.5996 0
      vertex 153.5 71.5996 0.15
    endloop
  endfacet
  facet normal 1 0 0
    outer loop
      vertex 153.5 71.5996 0
      vertex 153.5 69.4004 0.15
      vertex 153.5 69.4004 0
    endloop
  endfacet
  facet normal 0 -1 0
    outer loop
      vertex 153.5 71.5996 0
      vertex 155.7 71.5996 0.15
      vertex 153.5 71.5996 0.15
    endloop
  endfacet
  facet normal 0 -1 -0
    outer loop
      vertex 155.7 71.5996 0.15
      vertex 153.5 71.5996 0
      vertex 155.7 71.5996 0
    endloop
  endfacet
  facet normal -1 0 0
    outer loop
      vertex 155.7 69.4004 0
      vertex 155.7 71.5996 0.15
      vertex 155.7 71.5996 0
    endloop
  endfacet
  facet normal -1 -0 0
    outer loop
      vertex 155.7 71.5996 0.15
      vertex 155.7 69.4004 0
      vertex 155.7 69.4004 0.15
    endloop
  endfacet
  facet normal 0 1 -0
    outer loop
      vertex 105.4 78.4004 0
      vertex 104.15 78.4004 0.15
      vertex 105.4 78.4004 0.15
    endloop
  endfacet
  facet normal 0 1 0
    outer loop
      vertex 104.15 78.4004 0.15
      vertex 105.4 78.4004 0
      vertex 104.15 78.4004 0
    endloop
  endfacet
  facet normal 1 -0 0
    outer loop
      vertex 104.15 78.4004 0.15
      vertex 104.15 80.5996 0
      vertex 104.15 80.5996 0.15
    endloop
  endfacet
  facet normal 1 0 0
    outer loop
      vertex 104.15 80.5996 0
      vertex 104.15 78.4004 0.15
      vertex 104.15 78.4004 0
    endloop
  endfacet
  facet normal 0 -1 0
    outer loop
      vertex 104.15 80.5996 0
      vertex 105.4 80.5996 0.15
      vertex 104.15 80.5996 0.15
    endloop
  endfacet
  facet normal 0 -1 -0
    outer loop
      vertex 105.4 80.5996 0.15
      vertex 104.15 80.5996 0
      vertex 105.4 80.5996 0
    endloop
  endfacet
  facet normal -1 0 0
    outer loop
      vertex 105.4 78.4004 0
      vertex 105.4 80.5996 0.15
      vertex 105.4 80.5996 0
    endloop
  endfacet
  facet normal -1 -0 0
    outer loop
      vertex 105.4 80.5996 0.15
      vertex 105.4 78.4004 0
      vertex 105.4 78.4004 0.15
    endloop
  endfacet
  facet normal 0 1 -0
    outer loop
      vertex 103.6 78.4004 0
      vertex 101.4 78.4004 0.15
      vertex 103.6 78.4004 0.15
    endloop
  endfacet
  facet normal 0 1 0
    outer loop
      vertex 101.4 78.4004 0.15
      vertex 103.6 78.4004 0
      vertex 101.4 78.4004 0
    endloop
  endfacet
  facet normal 1 -0 0
    outer loop
      vertex 101.4 78.4004 0.15
      vertex 101.4 80.5996 0
      vertex 101.4 80.5996 0.15
    endloop
  endfacet
  facet normal 1 0 0
    outer loop
      vertex 101.4 80.5996 0
      vertex 101.4 78.4004 0.15
      vertex 101.4 78.4004 0
    endloop
  endfacet
  facet normal 0 -1 0
    outer loop
      vertex 101.4 80.5996 0
      vertex 103.6 80.5996 0.15
      vertex 101.4 80.5996 0.15
    endloop
  endfacet
  facet normal 0 -1 -0
    outer loop
      vertex 103.6 80.5996 0.15
      vertex 101.4 80.5996 0
      vertex 103.6 80.5996 0
    endloop
  endfacet
  facet normal -1 0 0
    outer loop
      vertex 103.6 78.4004 0
      vertex 103.6 80.5996 0.15
      vertex 103.6 80.5996 0
    endloop
  endfacet
  facet normal -1 -0 0
    outer loop
      vertex 103.6 80.5996 0.15
      vertex 103.6 78.4004 0
      vertex 103.6 78.4004 0.15
    endloop
  endfacet
  facet normal -0.558945 -0.829205 0
    outer loop
      vertex 101.371 84.3564 0
      vertex 101.452 84.3018 0.15
      vertex 101.371 84.3564 0.15
    endloop
  endfacet
  facet normal -0.558945 -0.829205 -0
    outer loop
      vertex 101.452 84.3018 0.15
      vertex 101.371 84.3564 0
      vertex 101.452 84.3018 0
    endloop
  endfacet
  facet normal -0.832366 -0.554226 0
    outer loop
      vertex 101.506 84.2207 0
      vertex 101.452 84.3018 0.15
      vertex 101.452 84.3018 0
    endloop
  endfacet
  facet normal -0.832366 -0.554226 0
    outer loop
      vertex 101.452 84.3018 0.15
      vertex 101.506 84.2207 0
      vertex 101.506 84.2207 0.15
    endloop
  endfacet
  facet normal -0.980856 -0.194736 0
    outer loop
      vertex 101.525 84.125 0
      vertex 101.506 84.2207 0.15
      vertex 101.506 84.2207 0
    endloop
  endfacet
  facet normal -0.980856 -0.194736 0
    outer loop
      vertex 101.506 84.2207 0.15
      vertex 101.525 84.125 0
      vertex 101.525 84.125 0.15
    endloop
  endfacet
  facet normal -1 0 0
    outer loop
      vertex 101.525 82.875 0
      vertex 101.525 84.125 0.15
      vertex 101.525 84.125 0
    endloop
  endfacet
  facet normal -1 -0 0
    outer loop
      vertex 101.525 84.125 0.15
      vertex 101.525 82.875 0
      vertex 101.525 82.875 0.15
    endloop
  endfacet
  facet normal -0.980856 0.194736 0
    outer loop
      vertex 101.506 82.7793 0
      vertex 101.525 82.875 0.15
      vertex 101.525 82.875 0
    endloop
  endfacet
  facet normal -0.980856 0.194736 0
    outer loop
      vertex 101.525 82.875 0.15
      vertex 101.506 82.7793 0
      vertex 101.506 82.7793 0.15
    endloop
  endfacet
  facet normal -0.832366 0.554226 0
    outer loop
      vertex 101.452 82.6982 0
      vertex 101.506 82.7793 0.15
      vertex 101.506 82.7793 0
    endloop
  endfacet
  facet normal -0.832366 0.554226 0
    outer loop
      vertex 101.506 82.7793 0.15
      vertex 101.452 82.6982 0
      vertex 101.452 82.6982 0.15
    endloop
  endfacet
  facet normal -0.558945 0.829205 0
    outer loop
      vertex 101.452 82.6982 0
      vertex 101.371 82.6436 0.15
      vertex 101.452 82.6982 0.15
    endloop
  endfacet
  facet normal -0.558945 0.829205 0
    outer loop
      vertex 101.371 82.6436 0.15
      vertex 101.452 82.6982 0
      vertex 101.371 82.6436 0
    endloop
  endfacet
  facet normal -0.190213 0.981743 0
    outer loop
      vertex 101.371 82.6436 0
      vertex 101.275 82.625 0.15
      vertex 101.371 82.6436 0.15
    endloop
  endfacet
  facet normal -0.190213 0.981743 0
    outer loop
      vertex 101.275 82.625 0.15
      vertex 101.371 82.6436 0
      vertex 101.275 82.625 0
    endloop
  endfacet
  facet normal 0 1 -0
    outer loop
      vertex 101.275 82.625 0
      vertex 100.65 82.625 0.15
      vertex 101.275 82.625 0.15
    endloop
  endfacet
  facet normal 0 1 0
    outer loop
      vertex 100.65 82.625 0.15
      vertex 101.275 82.625 0
      vertex 100.65 82.625 0
    endloop
  endfacet
  facet normal 0.192141 0.981367 -0
    outer loop
      vertex 100.65 82.625 0
      vertex 100.555 82.6436 0.15
      vertex 100.65 82.625 0.15
    endloop
  endfacet
  facet normal 0.192141 0.981367 0
    outer loop
      vertex 100.555 82.6436 0.15
      vertex 100.65 82.625 0
      vertex 100.555 82.6436 0
    endloop
  endfacet
  facet normal 0.558945 0.829205 -0
    outer loop
      vertex 100.555 82.6436 0
      vertex 100.474 82.6982 0.15
      vertex 100.555 82.6436 0.15
    endloop
  endfacet
  facet normal 0.558945 0.829205 0
    outer loop
      vertex 100.474 82.6982 0.15
      vertex 100.555 82.6436 0
      vertex 100.474 82.6982 0
    endloop
  endfacet
  facet normal 0.827628 0.561277 0
    outer loop
      vertex 100.474 82.6982 0.15
      vertex 100.419 82.7793 0
      vertex 100.419 82.7793 0.15
    endloop
  endfacet
  facet normal 0.827628 0.561277 0
    outer loop
      vertex 100.419 82.7793 0
      vertex 100.474 82.6982 0.15
      vertex 100.474 82.6982 0
    endloop
  endfacet
  facet normal 0.980856 0.194736 0
    outer loop
      vertex 100.419 82.7793 0.15
      vertex 100.4 82.875 0
      vertex 100.4 82.875 0.15
    endloop
  endfacet
  facet normal 0.980856 0.194736 0
    outer loop
      vertex 100.4 82.875 0
      vertex 100.419 82.7793 0.15
      vertex 100.419 82.7793 0
    endloop
  endfacet
  facet normal 1 -0 0
    outer loop
      vertex 100.4 82.875 0.15
      vertex 100.4 84.125 0
      vertex 100.4 84.125 0.15
    endloop
  endfacet
  facet normal 1 0 0
    outer loop
      vertex 100.4 84.125 0
      vertex 100.4 82.875 0.15
      vertex 100.4 82.875 0
    endloop
  endfacet
  facet normal 0.980856 -0.194736 0
    outer loop
      vertex 100.4 84.125 0.15
      vertex 100.419 84.2207 0
      vertex 100.419 84.2207 0.15
    endloop
  endfacet
  facet normal 0.980856 -0.194736 0
    outer loop
      vertex 100.419 84.2207 0
      vertex 100.4 84.125 0.15
      vertex 100.4 84.125 0
    endloop
  endfacet
  facet normal 0.827628 -0.561277 0
    outer loop
      vertex 100.419 84.2207 0.15
      vertex 100.474 84.3018 0
      vertex 100.474 84.3018 0.15
    endloop
  endfacet
  facet normal 0.827628 -0.561277 0
    outer loop
      vertex 100.474 84.3018 0
      vertex 100.419 84.2207 0.15
      vertex 100.419 84.2207 0
    endloop
  endfacet
  facet normal 0.558945 -0.829205 0
    outer loop
      vertex 100.474 84.3018 0
      vertex 100.555 84.3564 0.15
      vertex 100.474 84.3018 0.15
    endloop
  endfacet
  facet normal 0.558945 -0.829205 0
    outer loop
      vertex 100.555 84.3564 0.15
      vertex 100.474 84.3018 0
      vertex 100.555 84.3564 0
    endloop
  endfacet
  facet normal 0.192141 -0.981367 0
    outer loop
      vertex 100.555 84.3564 0
      vertex 100.65 84.375 0.15
      vertex 100.555 84.3564 0.15
    endloop
  endfacet
  facet normal 0.192141 -0.981367 0
    outer loop
      vertex 100.65 84.375 0.15
      vertex 100.555 84.3564 0
      vertex 100.65 84.375 0
    endloop
  endfacet
  facet normal 0 -1 0
    outer loop
      vertex 100.65 84.375 0
      vertex 101.275 84.375 0.15
      vertex 100.65 84.375 0.15
    endloop
  endfacet
  facet normal 0 -1 -0
    outer loop
      vertex 101.275 84.375 0.15
      vertex 100.65 84.375 0
      vertex 101.275 84.375 0
    endloop
  endfacet
  facet normal -0.190213 -0.981743 0
    outer loop
      vertex 101.275 84.375 0
      vertex 101.371 84.3564 0.15
      vertex 101.275 84.375 0.15
    endloop
  endfacet
  facet normal -0.190213 -0.981743 -0
    outer loop
      vertex 101.371 84.3564 0.15
      vertex 101.275 84.375 0
      vertex 101.371 84.3564 0
    endloop
  endfacet
  facet normal -0.558471 -0.829524 0
    outer loop
      vertex 98.4453 84.3564 0
      vertex 98.5264 84.3018 0.15
      vertex 98.4453 84.3564 0.15
    endloop
  endfacet
  facet normal -0.558471 -0.829524 -0
    outer loop
      vertex 98.5264 84.3018 0.15
      vertex 98.4453 84.3564 0
      vertex 98.5264 84.3018 0
    endloop
  endfacet
  facet normal -0.82905 -0.559174 0
    outer loop
      vertex 98.5811 84.2207 0
      vertex 98.5264 84.3018 0.15
      vertex 98.5264 84.3018 0
    endloop
  endfacet
  facet normal -0.82905 -0.559174 0
    outer loop
      vertex 98.5264 84.3018 0.15
      vertex 98.5811 84.2207 0
      vertex 98.5811 84.2207 0.15
    endloop
  endfacet
  facet normal -0.981823 -0.189799 0
    outer loop
      vertex 98.5996 84.125 0
      vertex 98.5811 84.2207 0.15
      vertex 98.5811 84.2207 0
    endloop
  endfacet
  facet normal -0.981823 -0.189799 0
    outer loop
      vertex 98.5811 84.2207 0.15
      vertex 98.5996 84.125 0
      vertex 98.5996 84.125 0.15
    endloop
  endfacet
  facet normal -1 0 0
    outer loop
      vertex 98.5996 82.875 0
      vertex 98.5996 84.125 0.15
      vertex 98.5996 84.125 0
    endloop
  endfacet
  facet normal -1 -0 0
    outer loop
      vertex 98.5996 84.125 0.15
      vertex 98.5996 82.875 0
      vertex 98.5996 82.875 0.15
    endloop
  endfacet
  facet normal -0.981823 0.189799 0
    outer loop
      vertex 98.5811 82.7793 0
      vertex 98.5996 82.875 0.15
      vertex 98.5996 82.875 0
    endloop
  endfacet
  facet normal -0.981823 0.189799 0
    outer loop
      vertex 98.5996 82.875 0.15
      vertex 98.5811 82.7793 0
      vertex 98.5811 82.7793 0.15
    endloop
  endfacet
  facet normal -0.82905 0.559174 0
    outer loop
      vertex 98.5264 82.6982 0
      vertex 98.5811 82.7793 0.15
      vertex 98.5811 82.7793 0
    endloop
  endfacet
  facet normal -0.82905 0.559174 0
    outer loop
      vertex 98.5811 82.7793 0.15
      vertex 98.5264 82.6982 0
      vertex 98.5264 82.6982 0.15
    endloop
  endfacet
  facet normal -0.558471 0.829524 0
    outer loop
      vertex 98.5264 82.6982 0
      vertex 98.4453 82.6436 0.15
      vertex 98.5264 82.6982 0.15
    endloop
  endfacet
  facet normal -0.558471 0.829524 0
    outer loop
      vertex 98.4453 82.6436 0.15
      vertex 98.5264 82.6982 0
      vertex 98.4453 82.6436 0
    endloop
  endfacet
  facet normal -0.190787 0.981631 0
    outer loop
      vertex 98.4453 82.6436 0
      vertex 98.3496 82.625 0.15
      vertex 98.4453 82.6436 0.15
    endloop
  endfacet
  facet normal -0.190787 0.981631 0
    outer loop
      vertex 98.3496 82.625 0.15
      vertex 98.4453 82.6436 0
      vertex 98.3496 82.625 0
    endloop
  endfacet
  facet normal 0 1 -0
    outer loop
      vertex 98.3496 82.625 0
      vertex 97.7246 82.625 0.15
      vertex 98.3496 82.625 0.15
    endloop
  endfacet
  facet normal 0 1 0
    outer loop
      vertex 97.7246 82.625 0.15
      vertex 98.3496 82.625 0
      vertex 97.7246 82.625 0
    endloop
  endfacet
  facet normal 0.190787 0.981631 -0
    outer loop
      vertex 97.7246 82.625 0
      vertex 97.6289 82.6436 0.15
      vertex 97.7246 82.625 0.15
    endloop
  endfacet
  facet normal 0.190787 0.981631 0
    outer loop
      vertex 97.6289 82.6436 0.15
      vertex 97.7246 82.625 0
      vertex 97.6289 82.6436 0
    endloop
  endfacet
  facet normal 0.558945 0.829205 -0
    outer loop
      vertex 97.6289 82.6436 0
      vertex 97.5479 82.6982 0.15
      vertex 97.6289 82.6436 0.15
    endloop
  endfacet
  facet normal 0.558945 0.829205 0
    outer loop
      vertex 97.5479 82.6982 0.15
      vertex 97.6289 82.6436 0
      vertex 97.5479 82.6982 0
    endloop
  endfacet
  facet normal 0.833313 0.552802 0
    outer loop
      vertex 97.5479 82.6982 0.15
      vertex 97.4941 82.7793 0
      vertex 97.4941 82.7793 0.15
    endloop
  endfacet
  facet normal 0.833313 0.552802 0
    outer loop
      vertex 97.4941 82.7793 0
      vertex 97.5479 82.6982 0.15
      vertex 97.5479 82.6982 0
    endloop
  endfacet
  facet normal 0.979865 0.199659 0
    outer loop
      vertex 97.4941 82.7793 0.15
      vertex 97.4746 82.875 0
      vertex 97.4746 82.875 0.15
    endloop
  endfacet
  facet normal 0.979865 0.199659 0
    outer loop
      vertex 97.4746 82.875 0
      vertex 97.4941 82.7793 0.15
      vertex 97.4941 82.7793 0
    endloop
  endfacet
  facet normal 1 -0 0
    outer loop
      vertex 97.4746 82.875 0.15
      vertex 97.4746 84.125 0
      vertex 97.4746 84.125 0.15
    endloop
  endfacet
  facet normal 1 0 0
    outer loop
      vertex 97.4746 84.125 0
      vertex 97.4746 82.875 0.15
      vertex 97.4746 82.875 0
    endloop
  endfacet
  facet normal 0.979865 -0.199659 0
    outer loop
      vertex 97.4746 84.125 0.15
      vertex 97.4941 84.2207 0
      vertex 97.4941 84.2207 0.15
    endloop
  endfacet
  facet normal 0.979865 -0.199659 0
    outer loop
      vertex 97.4941 84.2207 0
      vertex 97.4746 84.125 0.15
      vertex 97.4746 84.125 0
    endloop
  endfacet
  facet normal 0.833313 -0.552802 0
    outer loop
      vertex 97.4941 84.2207 0.15
      vertex 97.5479 84.3018 0
      vertex 97.5479 84.3018 0.15
    endloop
  endfacet
  facet normal 0.833313 -0.552802 0
    outer loop
      vertex 97.5479 84.3018 0
      vertex 97.4941 84.2207 0.15
      vertex 97.4941 84.2207 0
    endloop
  endfacet
  facet normal 0.558945 -0.829205 0
    outer loop
      vertex 97.5479 84.3018 0
      vertex 97.6289 84.3564 0.15
      vertex 97.5479 84.3018 0.15
    endloop
  endfacet
  facet normal 0.558945 -0.829205 0
    outer loop
      vertex 97.6289 84.3564 0.15
      vertex 97.5479 84.3018 0
      vertex 97.6289 84.3564 0
    endloop
  endfacet
  facet normal 0.190787 -0.981631 0
    outer loop
      vertex 97.6289 84.3564 0
      vertex 97.7246 84.375 0.15
      vertex 97.6289 84.3564 0.15
    endloop
  endfacet
  facet normal 0.190787 -0.981631 0
    outer loop
      vertex 97.7246 84.375 0.15
      vertex 97.6289 84.3564 0
      vertex 97.7246 84.375 0
    endloop
  endfacet
  facet normal 0 -1 0
    outer loop
      vertex 97.7246 84.375 0
      vertex 98.3496 84.375 0.15
      vertex 97.7246 84.375 0.15
    endloop
  endfacet
  facet normal 0 -1 -0
    outer loop
      vertex 98.3496 84.375 0.15
      vertex 97.7246 84.375 0
      vertex 98.3496 84.375 0
    endloop
  endfacet
  facet normal -0.190787 -0.981631 0
    outer loop
      vertex 98.3496 84.375 0
      vertex 98.4453 84.3564 0.15
      vertex 98.3496 84.375 0.15
    endloop
  endfacet
  facet normal -0.190787 -0.981631 -0
    outer loop
      vertex 98.4453 84.3564 0.15
      vertex 98.3496 84.375 0
      vertex 98.4453 84.3564 0
    endloop
  endfacet
  facet normal 0 1 -0
    outer loop
      vertex 116 83.4004 0
      vertex 114.75 83.4004 0.15
      vertex 116 83.4004 0.15
    endloop
  endfacet
  facet normal 0 1 0
    outer loop
      vertex 114.75 83.4004 0.15
      vertex 116 83.4004 0
      vertex 114.75 83.4004 0
    endloop
  endfacet
  facet normal 1 -0 0
    outer loop
      vertex 114.75 83.4004 0.15
      vertex 114.75 85.5996 0
      vertex 114.75 85.5996 0.15
    endloop
  endfacet
  facet normal 1 0 0
    outer loop
      vertex 114.75 85.5996 0
      vertex 114.75 83.4004 0.15
      vertex 114.75 83.4004 0
    endloop
  endfacet
  facet normal 0 -1 0
    outer loop
      vertex 114.75 85.5996 0
      vertex 116 85.5996 0.15
      vertex 114.75 85.5996 0.15
    endloop
  endfacet
  facet normal 0 -1 -0
    outer loop
      vertex 116 85.5996 0.15
      vertex 114.75 85.5996 0
      vertex 116 85.5996 0
    endloop
  endfacet
  facet normal -1 0 0
    outer loop
      vertex 116 83.4004 0
      vertex 116 85.5996 0.15
      vertex 116 85.5996 0
    endloop
  endfacet
  facet normal -1 -0 0
    outer loop
      vertex 116 85.5996 0.15
      vertex 116 83.4004 0
      vertex 116 83.4004 0.15
    endloop
  endfacet
  facet normal 0 1 -0
    outer loop
      vertex 114.2 83.4004 0
      vertex 112 83.4004 0.15
      vertex 114.2 83.4004 0.15
    endloop
  endfacet
  facet normal 0 1 0
    outer loop
      vertex 112 83.4004 0.15
      vertex 114.2 83.4004 0
      vertex 112 83.4004 0
    endloop
  endfacet
  facet normal 1 -0 0
    outer loop
      vertex 112 83.4004 0.15
      vertex 112 85.5996 0
      vertex 112 85.5996 0.15
    endloop
  endfacet
  facet normal 1 0 0
    outer loop
      vertex 112 85.5996 0
      vertex 112 83.4004 0.15
      vertex 112 83.4004 0
    endloop
  endfacet
  facet normal 0 -1 0
    outer loop
      vertex 112 85.5996 0
      vertex 114.2 85.5996 0.15
      vertex 112 85.5996 0.15
    endloop
  endfacet
  facet normal 0 -1 -0
    outer loop
      vertex 114.2 85.5996 0.15
      vertex 112 85.5996 0
      vertex 114.2 85.5996 0
    endloop
  endfacet
  facet normal -1 0 0
    outer loop
      vertex 114.2 83.4004 0
      vertex 114.2 85.5996 0.15
      vertex 114.2 85.5996 0
    endloop
  endfacet
  facet normal -1 -0 0
    outer loop
      vertex 114.2 85.5996 0.15
      vertex 114.2 83.4004 0
      vertex 114.2 83.4004 0.15
    endloop
  endfacet
  facet normal 0 1 -0
    outer loop
      vertex 187.1 83.5 0
      vertex 185.85 83.5 0.15
      vertex 187.1 83.5 0.15
    endloop
  endfacet
  facet normal 0 1 0
    outer loop
      vertex 185.85 83.5 0.15
      vertex 187.1 83.5 0
      vertex 185.85 83.5 0
    endloop
  endfacet
  facet normal 1 -0 0
    outer loop
      vertex 185.85 83.5 0.15
      vertex 185.85 85.7002 0
      vertex 185.85 85.7002 0.15
    endloop
  endfacet
  facet normal 1 0 0
    outer loop
      vertex 185.85 85.7002 0
      vertex 185.85 83.5 0.15
      vertex 185.85 83.5 0
    endloop
  endfacet
  facet normal 0 -1 0
    outer loop
      vertex 185.85 85.7002 0
      vertex 187.1 85.7002 0.15
      vertex 185.85 85.7002 0.15
    endloop
  endfacet
  facet normal 0 -1 -0
    outer loop
      vertex 187.1 85.7002 0.15
      vertex 185.85 85.7002 0
      vertex 187.1 85.7002 0
    endloop
  endfacet
  facet normal -1 0 0
    outer loop
      vertex 187.1 83.5 0
      vertex 187.1 85.7002 0.15
      vertex 187.1 85.7002 0
    endloop
  endfacet
  facet normal -1 -0 0
    outer loop
      vertex 187.1 85.7002 0.15
      vertex 187.1 83.5 0
      vertex 187.1 83.5 0.15
    endloop
  endfacet
  facet normal 0 1 -0
    outer loop
      vertex 185.3 83.5 0
      vertex 183.1 83.5 0.15
      vertex 185.3 83.5 0.15
    endloop
  endfacet
  facet normal 0 1 0
    outer loop
      vertex 183.1 83.5 0.15
      vertex 185.3 83.5 0
      vertex 183.1 83.5 0
    endloop
  endfacet
  facet normal 1 -0 0
    outer loop
      vertex 183.1 83.5 0.15
      vertex 183.1 85.7002 0
      vertex 183.1 85.7002 0.15
    endloop
  endfacet
  facet normal 1 0 0
    outer loop
      vertex 183.1 85.7002 0
      vertex 183.1 83.5 0.15
      vertex 183.1 83.5 0
    endloop
  endfacet
  facet normal 0 -1 0
    outer loop
      vertex 183.1 85.7002 0
      vertex 185.3 85.7002 0.15
      vertex 183.1 85.7002 0.15
    endloop
  endfacet
  facet normal 0 -1 -0
    outer loop
      vertex 185.3 85.7002 0.15
      vertex 183.1 85.7002 0
      vertex 185.3 85.7002 0
    endloop
  endfacet
  facet normal -1 0 0
    outer loop
      vertex 185.3 83.5 0
      vertex 185.3 85.7002 0.15
      vertex 185.3 85.7002 0
    endloop
  endfacet
  facet normal -1 -0 0
    outer loop
      vertex 185.3 85.7002 0.15
      vertex 185.3 83.5 0
      vertex 185.3 83.5 0.15
    endloop
  endfacet
  facet normal 0 1 -0
    outer loop
      vertex 172.1 83.5 0
      vertex 170.85 83.5 0.15
      vertex 172.1 83.5 0.15
    endloop
  endfacet
  facet normal 0 1 0
    outer loop
      vertex 170.85 83.5 0.15
      vertex 172.1 83.5 0
      vertex 170.85 83.5 0
    endloop
  endfacet
  facet normal 1 -0 0
    outer loop
      vertex 170.85 83.5 0.15
      vertex 170.85 85.7002 0
      vertex 170.85 85.7002 0.15
    endloop
  endfacet
  facet normal 1 0 0
    outer loop
      vertex 170.85 85.7002 0
      vertex 170.85 83.5 0.15
      vertex 170.85 83.5 0
    endloop
  endfacet
  facet normal 0 -1 0
    outer loop
      vertex 170.85 85.7002 0
      vertex 172.1 85.7002 0.15
      vertex 170.85 85.7002 0.15
    endloop
  endfacet
  facet normal 0 -1 -0
    outer loop
      vertex 172.1 85.7002 0.15
      vertex 170.85 85.7002 0
      vertex 172.1 85.7002 0
    endloop
  endfacet
  facet normal -1 0 0
    outer loop
      vertex 172.1 83.5 0
      vertex 172.1 85.7002 0.15
      vertex 172.1 85.7002 0
    endloop
  endfacet
  facet normal -1 -0 0
    outer loop
      vertex 172.1 85.7002 0.15
      vertex 172.1 83.5 0
      vertex 172.1 83.5 0.15
    endloop
  endfacet
  facet normal 0 1 -0
    outer loop
      vertex 170.3 83.5 0
      vertex 168.1 83.5 0.15
      vertex 170.3 83.5 0.15
    endloop
  endfacet
  facet normal 0 1 0
    outer loop
      vertex 168.1 83.5 0.15
      vertex 170.3 83.5 0
      vertex 168.1 83.5 0
    endloop
  endfacet
  facet normal 1 -0 0
    outer loop
      vertex 168.1 83.5 0.15
      vertex 168.1 85.7002 0
      vertex 168.1 85.7002 0.15
    endloop
  endfacet
  facet normal 1 0 0
    outer loop
      vertex 168.1 85.7002 0
      vertex 168.1 83.5 0.15
      vertex 168.1 83.5 0
    endloop
  endfacet
  facet normal 0 -1 0
    outer loop
      vertex 168.1 85.7002 0
      vertex 170.3 85.7002 0.15
      vertex 168.1 85.7002 0.15
    endloop
  endfacet
  facet normal 0 -1 -0
    outer loop
      vertex 170.3 85.7002 0.15
      vertex 168.1 85.7002 0
      vertex 170.3 85.7002 0
    endloop
  endfacet
  facet normal -1 0 0
    outer loop
      vertex 170.3 83.5 0
      vertex 170.3 85.7002 0.15
      vertex 170.3 85.7002 0
    endloop
  endfacet
  facet normal -1 -0 0
    outer loop
      vertex 170.3 85.7002 0.15
      vertex 170.3 83.5 0
      vertex 170.3 83.5 0.15
    endloop
  endfacet
  facet normal 0 1 -0
    outer loop
      vertex 158.2 83.5 0
      vertex 156.95 83.5 0.15
      vertex 158.2 83.5 0.15
    endloop
  endfacet
  facet normal 0 1 0
    outer loop
      vertex 156.95 83.5 0.15
      vertex 158.2 83.5 0
      vertex 156.95 83.5 0
    endloop
  endfacet
  facet normal 1 -0 0
    outer loop
      vertex 156.95 83.5 0.15
      vertex 156.95 85.7002 0
      vertex 156.95 85.7002 0.15
    endloop
  endfacet
  facet normal 1 0 0
    outer loop
      vertex 156.95 85.7002 0
      vertex 156.95 83.5 0.15
      vertex 156.95 83.5 0
    endloop
  endfacet
  facet normal 0 -1 0
    outer loop
      vertex 156.95 85.7002 0
      vertex 158.2 85.7002 0.15
      vertex 156.95 85.7002 0.15
    endloop
  endfacet
  facet normal 0 -1 -0
    outer loop
      vertex 158.2 85.7002 0.15
      vertex 156.95 85.7002 0
      vertex 158.2 85.7002 0
    endloop
  endfacet
  facet normal -1 0 0
    outer loop
      vertex 158.2 83.5 0
      vertex 158.2 85.7002 0.15
      vertex 158.2 85.7002 0
    endloop
  endfacet
  facet normal -1 -0 0
    outer loop
      vertex 158.2 85.7002 0.15
      vertex 158.2 83.5 0
      vertex 158.2 83.5 0.15
    endloop
  endfacet
  facet normal 0 1 -0
    outer loop
      vertex 156.4 83.5 0
      vertex 154.2 83.5 0.15
      vertex 156.4 83.5 0.15
    endloop
  endfacet
  facet normal 0 1 0
    outer loop
      vertex 154.2 83.5 0.15
      vertex 156.4 83.5 0
      vertex 154.2 83.5 0
    endloop
  endfacet
  facet normal 1 -0 0
    outer loop
      vertex 154.2 83.5 0.15
      vertex 154.2 85.7002 0
      vertex 154.2 85.7002 0.15
    endloop
  endfacet
  facet normal 1 0 0
    outer loop
      vertex 154.2 85.7002 0
      vertex 154.2 83.5 0.15
      vertex 154.2 83.5 0
    endloop
  endfacet
  facet normal 0 -1 0
    outer loop
      vertex 154.2 85.7002 0
      vertex 156.4 85.7002 0.15
      vertex 154.2 85.7002 0.15
    endloop
  endfacet
  facet normal 0 -1 -0
    outer loop
      vertex 156.4 85.7002 0.15
      vertex 154.2 85.7002 0
      vertex 156.4 85.7002 0
    endloop
  endfacet
  facet normal -1 0 0
    outer loop
      vertex 156.4 83.5 0
      vertex 156.4 85.7002 0.15
      vertex 156.4 85.7002 0
    endloop
  endfacet
  facet normal -1 -0 0
    outer loop
      vertex 156.4 85.7002 0.15
      vertex 156.4 83.5 0
      vertex 156.4 83.5 0.15
    endloop
  endfacet
  facet normal 0 1 -0
    outer loop
      vertex 144.3 83.5 0
      vertex 143.05 83.5 0.15
      vertex 144.3 83.5 0.15
    endloop
  endfacet
  facet normal 0 1 0
    outer loop
      vertex 143.05 83.5 0.15
      vertex 144.3 83.5 0
      vertex 143.05 83.5 0
    endloop
  endfacet
  facet normal 1 -0 0
    outer loop
      vertex 143.05 83.5 0.15
      vertex 143.05 85.7002 0
      vertex 143.05 85.7002 0.15
    endloop
  endfacet
  facet normal 1 0 0
    outer loop
      vertex 143.05 85.7002 0
      vertex 143.05 83.5 0.15
      vertex 143.05 83.5 0
    endloop
  endfacet
  facet normal 0 -1 0
    outer loop
      vertex 143.05 85.7002 0
      vertex 144.3 85.7002 0.15
      vertex 143.05 85.7002 0.15
    endloop
  endfacet
  facet normal 0 -1 -0
    outer loop
      vertex 144.3 85.7002 0.15
      vertex 143.05 85.7002 0
      vertex 144.3 85.7002 0
    endloop
  endfacet
  facet normal -1 0 0
    outer loop
      vertex 144.3 83.5 0
      vertex 144.3 85.7002 0.15
      vertex 144.3 85.7002 0
    endloop
  endfacet
  facet normal -1 -0 0
    outer loop
      vertex 144.3 85.7002 0.15
      vertex 144.3 83.5 0
      vertex 144.3 83.5 0.15
    endloop
  endfacet
  facet normal 0 1 -0
    outer loop
      vertex 142.5 83.5 0
      vertex 140.3 83.5 0.15
      vertex 142.5 83.5 0.15
    endloop
  endfacet
  facet normal 0 1 0
    outer loop
      vertex 140.3 83.5 0.15
      vertex 142.5 83.5 0
      vertex 140.3 83.5 0
    endloop
  endfacet
  facet normal 1 -0 0
    outer loop
      vertex 140.3 83.5 0.15
      vertex 140.3 85.7002 0
      vertex 140.3 85.7002 0.15
    endloop
  endfacet
  facet normal 1 0 0
    outer loop
      vertex 140.3 85.7002 0
      vertex 140.3 83.5 0.15
      vertex 140.3 83.5 0
    endloop
  endfacet
  facet normal 0 -1 0
    outer loop
      vertex 140.3 85.7002 0
      vertex 142.5 85.7002 0.15
      vertex 140.3 85.7002 0.15
    endloop
  endfacet
  facet normal 0 -1 -0
    outer loop
      vertex 142.5 85.7002 0.15
      vertex 140.3 85.7002 0
      vertex 142.5 85.7002 0
    endloop
  endfacet
  facet normal -1 0 0
    outer loop
      vertex 142.5 83.5 0
      vertex 142.5 85.7002 0.15
      vertex 142.5 85.7002 0
    endloop
  endfacet
  facet normal -1 -0 0
    outer loop
      vertex 142.5 85.7002 0.15
      vertex 142.5 83.5 0
      vertex 142.5 83.5 0.15
    endloop
  endfacet
  facet normal 0 1 -0
    outer loop
      vertex 130.4 83.5 0
      vertex 129.15 83.5 0.15
      vertex 130.4 83.5 0.15
    endloop
  endfacet
  facet normal 0 1 0
    outer loop
      vertex 129.15 83.5 0.15
      vertex 130.4 83.5 0
      vertex 129.15 83.5 0
    endloop
  endfacet
  facet normal 1 -0 0
    outer loop
      vertex 129.15 83.5 0.15
      vertex 129.15 85.7002 0
      vertex 129.15 85.7002 0.15
    endloop
  endfacet
  facet normal 1 0 0
    outer loop
      vertex 129.15 85.7002 0
      vertex 129.15 83.5 0.15
      vertex 129.15 83.5 0
    endloop
  endfacet
  facet normal 0 -1 0
    outer loop
      vertex 129.15 85.7002 0
      vertex 130.4 85.7002 0.15
      vertex 129.15 85.7002 0.15
    endloop
  endfacet
  facet normal 0 -1 -0
    outer loop
      vertex 130.4 85.7002 0.15
      vertex 129.15 85.7002 0
      vertex 130.4 85.7002 0
    endloop
  endfacet
  facet normal -1 0 0
    outer loop
      vertex 130.4 83.5 0
      vertex 130.4 85.7002 0.15
      vertex 130.4 85.7002 0
    endloop
  endfacet
  facet normal -1 -0 0
    outer loop
      vertex 130.4 85.7002 0.15
      vertex 130.4 83.5 0
      vertex 130.4 83.5 0.15
    endloop
  endfacet
  facet normal 0 1 -0
    outer loop
      vertex 128.6 83.5 0
      vertex 126.4 83.5 0.15
      vertex 128.6 83.5 0.15
    endloop
  endfacet
  facet normal 0 1 0
    outer loop
      vertex 126.4 83.5 0.15
      vertex 128.6 83.5 0
      vertex 126.4 83.5 0
    endloop
  endfacet
  facet normal 1 -0 0
    outer loop
      vertex 126.4 83.5 0.15
      vertex 126.4 85.7002 0
      vertex 126.4 85.7002 0.15
    endloop
  endfacet
  facet normal 1 0 0
    outer loop
      vertex 126.4 85.7002 0
      vertex 126.4 83.5 0.15
      vertex 126.4 83.5 0
    endloop
  endfacet
  facet normal 0 -1 0
    outer loop
      vertex 126.4 85.7002 0
      vertex 128.6 85.7002 0.15
      vertex 126.4 85.7002 0.15
    endloop
  endfacet
  facet normal 0 -1 -0
    outer loop
      vertex 128.6 85.7002 0.15
      vertex 126.4 85.7002 0
      vertex 128.6 85.7002 0
    endloop
  endfacet
  facet normal -1 0 0
    outer loop
      vertex 128.6 83.5 0
      vertex 128.6 85.7002 0.15
      vertex 128.6 85.7002 0
    endloop
  endfacet
  facet normal -1 -0 0
    outer loop
      vertex 128.6 85.7002 0.15
      vertex 128.6 83.5 0
      vertex 128.6 83.5 0.15
    endloop
  endfacet
  facet normal -0.558471 -0.829524 0
    outer loop
      vertex 98.4453 91.3564 0
      vertex 98.5264 91.3018 0.15
      vertex 98.4453 91.3564 0.15
    endloop
  endfacet
  facet normal -0.558471 -0.829524 -0
    outer loop
      vertex 98.5264 91.3018 0.15
      vertex 98.4453 91.3564 0
      vertex 98.5264 91.3018 0
    endloop
  endfacet
  facet normal -0.82905 -0.559174 0
    outer loop
      vertex 98.5811 91.2207 0
      vertex 98.5264 91.3018 0.15
      vertex 98.5264 91.3018 0
    endloop
  endfacet
  facet normal -0.82905 -0.559174 0
    outer loop
      vertex 98.5264 91.3018 0.15
      vertex 98.5811 91.2207 0
      vertex 98.5811 91.2207 0.15
    endloop
  endfacet
  facet normal -0.981823 -0.189799 0
    outer loop
      vertex 98.5996 91.125 0
      vertex 98.5811 91.2207 0.15
      vertex 98.5811 91.2207 0
    endloop
  endfacet
  facet normal -0.981823 -0.189799 0
    outer loop
      vertex 98.5811 91.2207 0.15
      vertex 98.5996 91.125 0
      vertex 98.5996 91.125 0.15
    endloop
  endfacet
  facet normal -1 0 0
    outer loop
      vertex 98.5996 89.875 0
      vertex 98.5996 91.125 0.15
      vertex 98.5996 91.125 0
    endloop
  endfacet
  facet normal -1 -0 0
    outer loop
      vertex 98.5996 91.125 0.15
      vertex 98.5996 89.875 0
      vertex 98.5996 89.875 0.15
    endloop
  endfacet
  facet normal -0.981823 0.189799 0
    outer loop
      vertex 98.5811 89.7793 0
      vertex 98.5996 89.875 0.15
      vertex 98.5996 89.875 0
    endloop
  endfacet
  facet normal -0.981823 0.189799 0
    outer loop
      vertex 98.5996 89.875 0.15
      vertex 98.5811 89.7793 0
      vertex 98.5811 89.7793 0.15
    endloop
  endfacet
  facet normal -0.82905 0.559174 0
    outer loop
      vertex 98.5264 89.6982 0
      vertex 98.5811 89.7793 0.15
      vertex 98.5811 89.7793 0
    endloop
  endfacet
  facet normal -0.82905 0.559174 0
    outer loop
      vertex 98.5811 89.7793 0.15
      vertex 98.5264 89.6982 0
      vertex 98.5264 89.6982 0.15
    endloop
  endfacet
  facet normal -0.558471 0.829524 0
    outer loop
      vertex 98.5264 89.6982 0
      vertex 98.4453 89.6436 0.15
      vertex 98.5264 89.6982 0.15
    endloop
  endfacet
  facet normal -0.558471 0.829524 0
    outer loop
      vertex 98.4453 89.6436 0.15
      vertex 98.5264 89.6982 0
      vertex 98.4453 89.6436 0
    endloop
  endfacet
  facet normal -0.190787 0.981631 0
    outer loop
      vertex 98.4453 89.6436 0
      vertex 98.3496 89.625 0.15
      vertex 98.4453 89.6436 0.15
    endloop
  endfacet
  facet normal -0.190787 0.981631 0
    outer loop
      vertex 98.3496 89.625 0.15
      vertex 98.4453 89.6436 0
      vertex 98.3496 89.625 0
    endloop
  endfacet
  facet normal 0 1 -0
    outer loop
      vertex 98.3496 89.625 0
      vertex 97.7246 89.625 0.15
      vertex 98.3496 89.625 0.15
    endloop
  endfacet
  facet normal 0 1 0
    outer loop
      vertex 97.7246 89.625 0.15
      vertex 98.3496 89.625 0
      vertex 97.7246 89.625 0
    endloop
  endfacet
  facet normal 0.190787 0.981631 -0
    outer loop
      vertex 97.7246 89.625 0
      vertex 97.6289 89.6436 0.15
      vertex 97.7246 89.625 0.15
    endloop
  endfacet
  facet normal 0.190787 0.981631 0
    outer loop
      vertex 97.6289 89.6436 0.15
      vertex 97.7246 89.625 0
      vertex 97.6289 89.6436 0
    endloop
  endfacet
  facet normal 0.558945 0.829205 -0
    outer loop
      vertex 97.6289 89.6436 0
      vertex 97.5479 89.6982 0.15
      vertex 97.6289 89.6436 0.15
    endloop
  endfacet
  facet normal 0.558945 0.829205 0
    outer loop
      vertex 97.5479 89.6982 0.15
      vertex 97.6289 89.6436 0
      vertex 97.5479 89.6982 0
    endloop
  endfacet
  facet normal 0.833313 0.552802 0
    outer loop
      vertex 97.5479 89.6982 0.15
      vertex 97.4941 89.7793 0
      vertex 97.4941 89.7793 0.15
    endloop
  endfacet
  facet normal 0.833313 0.552802 0
    outer loop
      vertex 97.4941 89.7793 0
      vertex 97.5479 89.6982 0.15
      vertex 97.5479 89.6982 0
    endloop
  endfacet
  facet normal 0.979865 0.199659 0
    outer loop
      vertex 97.4941 89.7793 0.15
      vertex 97.4746 89.875 0
      vertex 97.4746 89.875 0.15
    endloop
  endfacet
  facet normal 0.979865 0.199659 0
    outer loop
      vertex 97.4746 89.875 0
      vertex 97.4941 89.7793 0.15
      vertex 97.4941 89.7793 0
    endloop
  endfacet
  facet normal 1 -0 0
    outer loop
      vertex 97.4746 89.875 0.15
      vertex 97.4746 91.125 0
      vertex 97.4746 91.125 0.15
    endloop
  endfacet
  facet normal 1 0 0
    outer loop
      vertex 97.4746 91.125 0
      vertex 97.4746 89.875 0.15
      vertex 97.4746 89.875 0
    endloop
  endfacet
  facet normal 0.979865 -0.199659 0
    outer loop
      vertex 97.4746 91.125 0.15
      vertex 97.4941 91.2207 0
      vertex 97.4941 91.2207 0.15
    endloop
  endfacet
  facet normal 0.979865 -0.199659 0
    outer loop
      vertex 97.4941 91.2207 0
      vertex 97.4746 91.125 0.15
      vertex 97.4746 91.125 0
    endloop
  endfacet
  facet normal 0.833313 -0.552802 0
    outer loop
      vertex 97.4941 91.2207 0.15
      vertex 97.5479 91.3018 0
      vertex 97.5479 91.3018 0.15
    endloop
  endfacet
  facet normal 0.833313 -0.552802 0
    outer loop
      vertex 97.5479 91.3018 0
      vertex 97.4941 91.2207 0.15
      vertex 97.4941 91.2207 0
    endloop
  endfacet
  facet normal 0.558945 -0.829205 0
    outer loop
      vertex 97.5479 91.3018 0
      vertex 97.6289 91.3564 0.15
      vertex 97.5479 91.3018 0.15
    endloop
  endfacet
  facet normal 0.558945 -0.829205 0
    outer loop
      vertex 97.6289 91.3564 0.15
      vertex 97.5479 91.3018 0
      vertex 97.6289 91.3564 0
    endloop
  endfacet
  facet normal 0.190787 -0.981631 0
    outer loop
      vertex 97.6289 91.3564 0
      vertex 97.7246 91.375 0.15
      vertex 97.6289 91.3564 0.15
    endloop
  endfacet
  facet normal 0.190787 -0.981631 0
    outer loop
      vertex 97.7246 91.375 0.15
      vertex 97.6289 91.3564 0
      vertex 97.7246 91.375 0
    endloop
  endfacet
  facet normal 0 -1 0
    outer loop
      vertex 97.7246 91.375 0
      vertex 98.3496 91.375 0.15
      vertex 97.7246 91.375 0.15
    endloop
  endfacet
  facet normal 0 -1 -0
    outer loop
      vertex 98.3496 91.375 0.15
      vertex 97.7246 91.375 0
      vertex 98.3496 91.375 0
    endloop
  endfacet
  facet normal -0.190787 -0.981631 0
    outer loop
      vertex 98.3496 91.375 0
      vertex 98.4453 91.3564 0.15
      vertex 98.3496 91.375 0.15
    endloop
  endfacet
  facet normal -0.190787 -0.981631 -0
    outer loop
      vertex 98.4453 91.3564 0.15
      vertex 98.3496 91.375 0
      vertex 98.4453 91.3564 0
    endloop
  endfacet
  facet normal -0.558945 -0.829205 0
    outer loop
      vertex 101.371 91.3564 0
      vertex 101.452 91.3018 0.15
      vertex 101.371 91.3564 0.15
    endloop
  endfacet
  facet normal -0.558945 -0.829205 -0
    outer loop
      vertex 101.452 91.3018 0.15
      vertex 101.371 91.3564 0
      vertex 101.452 91.3018 0
    endloop
  endfacet
  facet normal -0.832366 -0.554226 0
    outer loop
      vertex 101.506 91.2207 0
      vertex 101.452 91.3018 0.15
      vertex 101.452 91.3018 0
    endloop
  endfacet
  facet normal -0.832366 -0.554226 0
    outer loop
      vertex 101.452 91.3018 0.15
      vertex 101.506 91.2207 0
      vertex 101.506 91.2207 0.15
    endloop
  endfacet
  facet normal -0.980856 -0.194736 0
    outer loop
      vertex 101.525 91.125 0
      vertex 101.506 91.2207 0.15
      vertex 101.506 91.2207 0
    endloop
  endfacet
  facet normal -0.980856 -0.194736 0
    outer loop
      vertex 101.506 91.2207 0.15
      vertex 101.525 91.125 0
      vertex 101.525 91.125 0.15
    endloop
  endfacet
  facet normal -1 0 0
    outer loop
      vertex 101.525 89.875 0
      vertex 101.525 91.125 0.15
      vertex 101.525 91.125 0
    endloop
  endfacet
  facet normal -1 -0 0
    outer loop
      vertex 101.525 91.125 0.15
      vertex 101.525 89.875 0
      vertex 101.525 89.875 0.15
    endloop
  endfacet
  facet normal -0.980856 0.194736 0
    outer loop
      vertex 101.506 89.7793 0
      vertex 101.525 89.875 0.15
      vertex 101.525 89.875 0
    endloop
  endfacet
  facet normal -0.980856 0.194736 0
    outer loop
      vertex 101.525 89.875 0.15
      vertex 101.506 89.7793 0
      vertex 101.506 89.7793 0.15
    endloop
  endfacet
  facet normal -0.832366 0.554226 0
    outer loop
      vertex 101.452 89.6982 0
      vertex 101.506 89.7793 0.15
      vertex 101.506 89.7793 0
    endloop
  endfacet
  facet normal -0.832366 0.554226 0
    outer loop
      vertex 101.506 89.7793 0.15
      vertex 101.452 89.6982 0
      vertex 101.452 89.6982 0.15
    endloop
  endfacet
  facet normal -0.558945 0.829205 0
    outer loop
      vertex 101.452 89.6982 0
      vertex 101.371 89.6436 0.15
      vertex 101.452 89.6982 0.15
    endloop
  endfacet
  facet normal -0.558945 0.829205 0
    outer loop
      vertex 101.371 89.6436 0.15
      vertex 101.452 89.6982 0
      vertex 101.371 89.6436 0
    endloop
  endfacet
  facet normal -0.190213 0.981743 0
    outer loop
      vertex 101.371 89.6436 0
      vertex 101.275 89.625 0.15
      vertex 101.371 89.6436 0.15
    endloop
  endfacet
  facet normal -0.190213 0.981743 0
    outer loop
      vertex 101.275 89.625 0.15
      vertex 101.371 89.6436 0
      vertex 101.275 89.625 0
    endloop
  endfacet
  facet normal 0 1 -0
    outer loop
      vertex 101.275 89.625 0
      vertex 100.65 89.625 0.15
      vertex 101.275 89.625 0.15
    endloop
  endfacet
  facet normal 0 1 0
    outer loop
      vertex 100.65 89.625 0.15
      vertex 101.275 89.625 0
      vertex 100.65 89.625 0
    endloop
  endfacet
  facet normal 0.192141 0.981367 -0
    outer loop
      vertex 100.65 89.625 0
      vertex 100.555 89.6436 0.15
      vertex 100.65 89.625 0.15
    endloop
  endfacet
  facet normal 0.192141 0.981367 0
    outer loop
      vertex 100.555 89.6436 0.15
      vertex 100.65 89.625 0
      vertex 100.555 89.6436 0
    endloop
  endfacet
  facet normal 0.558945 0.829205 -0
    outer loop
      vertex 100.555 89.6436 0
      vertex 100.474 89.6982 0.15
      vertex 100.555 89.6436 0.15
    endloop
  endfacet
  facet normal 0.558945 0.829205 0
    outer loop
      vertex 100.474 89.6982 0.15
      vertex 100.555 89.6436 0
      vertex 100.474 89.6982 0
    endloop
  endfacet
  facet normal 0.827628 0.561277 0
    outer loop
      vertex 100.474 89.6982 0.15
      vertex 100.419 89.7793 0
      vertex 100.419 89.7793 0.15
    endloop
  endfacet
  facet normal 0.827628 0.561277 0
    outer loop
      vertex 100.419 89.7793 0
      vertex 100.474 89.6982 0.15
      vertex 100.474 89.6982 0
    endloop
  endfacet
  facet normal 0.980856 0.194736 0
    outer loop
      vertex 100.419 89.7793 0.15
      vertex 100.4 89.875 0
      vertex 100.4 89.875 0.15
    endloop
  endfacet
  facet normal 0.980856 0.194736 0
    outer loop
      vertex 100.4 89.875 0
      vertex 100.419 89.7793 0.15
      vertex 100.419 89.7793 0
    endloop
  endfacet
  facet normal 1 -0 0
    outer loop
      vertex 100.4 89.875 0.15
      vertex 100.4 91.125 0
      vertex 100.4 91.125 0.15
    endloop
  endfacet
  facet normal 1 0 0
    outer loop
      vertex 100.4 91.125 0
      vertex 100.4 89.875 0.15
      vertex 100.4 89.875 0
    endloop
  endfacet
  facet normal 0.980856 -0.194736 0
    outer loop
      vertex 100.4 91.125 0.15
      vertex 100.419 91.2207 0
      vertex 100.419 91.2207 0.15
    endloop
  endfacet
  facet normal 0.980856 -0.194736 0
    outer loop
      vertex 100.419 91.2207 0
      vertex 100.4 91.125 0.15
      vertex 100.4 91.125 0
    endloop
  endfacet
  facet normal 0.827628 -0.561277 0
    outer loop
      vertex 100.419 91.2207 0.15
      vertex 100.474 91.3018 0
      vertex 100.474 91.3018 0.15
    endloop
  endfacet
  facet normal 0.827628 -0.561277 0
    outer loop
      vertex 100.474 91.3018 0
      vertex 100.419 91.2207 0.15
      vertex 100.419 91.2207 0
    endloop
  endfacet
  facet normal 0.558945 -0.829205 0
    outer loop
      vertex 100.474 91.3018 0
      vertex 100.555 91.3564 0.15
      vertex 100.474 91.3018 0.15
    endloop
  endfacet
  facet normal 0.558945 -0.829205 0
    outer loop
      vertex 100.555 91.3564 0.15
      vertex 100.474 91.3018 0
      vertex 100.555 91.3564 0
    endloop
  endfacet
  facet normal 0.192141 -0.981367 0
    outer loop
      vertex 100.555 91.3564 0
      vertex 100.65 91.375 0.15
      vertex 100.555 91.3564 0.15
    endloop
  endfacet
  facet normal 0.192141 -0.981367 0
    outer loop
      vertex 100.65 91.375 0.15
      vertex 100.555 91.3564 0
      vertex 100.65 91.375 0
    endloop
  endfacet
  facet normal 0 -1 0
    outer loop
      vertex 100.65 91.375 0
      vertex 101.275 91.375 0.15
      vertex 100.65 91.375 0.15
    endloop
  endfacet
  facet normal 0 -1 -0
    outer loop
      vertex 101.275 91.375 0.15
      vertex 100.65 91.375 0
      vertex 101.275 91.375 0
    endloop
  endfacet
  facet normal -0.190213 -0.981743 0
    outer loop
      vertex 101.275 91.375 0
      vertex 101.371 91.3564 0.15
      vertex 101.275 91.375 0.15
    endloop
  endfacet
  facet normal -0.190213 -0.981743 -0
    outer loop
      vertex 101.371 91.3564 0.15
      vertex 101.275 91.375 0
      vertex 101.371 91.3564 0
    endloop
  endfacet
  facet normal 0 1 -0
    outer loop
      vertex 105.4 93.2334 0
      vertex 104.15 93.2334 0.15
      vertex 105.4 93.2334 0.15
    endloop
  endfacet
  facet normal 0 1 0
    outer loop
      vertex 104.15 93.2334 0.15
      vertex 105.4 93.2334 0
      vertex 104.15 93.2334 0
    endloop
  endfacet
  facet normal 1 -0 0
    outer loop
      vertex 104.15 93.2334 0.15
      vertex 104.15 95.4336 0
      vertex 104.15 95.4336 0.15
    endloop
  endfacet
  facet normal 1 0 0
    outer loop
      vertex 104.15 95.4336 0
      vertex 104.15 93.2334 0.15
      vertex 104.15 93.2334 0
    endloop
  endfacet
  facet normal 0 -1 0
    outer loop
      vertex 104.15 95.4336 0
      vertex 105.4 95.4336 0.15
      vertex 104.15 95.4336 0.15
    endloop
  endfacet
  facet normal 0 -1 -0
    outer loop
      vertex 105.4 95.4336 0.15
      vertex 104.15 95.4336 0
      vertex 105.4 95.4336 0
    endloop
  endfacet
  facet normal -1 0 0
    outer loop
      vertex 105.4 93.2334 0
      vertex 105.4 95.4336 0.15
      vertex 105.4 95.4336 0
    endloop
  endfacet
  facet normal -1 -0 0
    outer loop
      vertex 105.4 95.4336 0.15
      vertex 105.4 93.2334 0
      vertex 105.4 93.2334 0.15
    endloop
  endfacet
  facet normal 0 1 -0
    outer loop
      vertex 103.6 93.2334 0
      vertex 101.4 93.2334 0.15
      vertex 103.6 93.2334 0.15
    endloop
  endfacet
  facet normal 0 1 0
    outer loop
      vertex 101.4 93.2334 0.15
      vertex 103.6 93.2334 0
      vertex 101.4 93.2334 0
    endloop
  endfacet
  facet normal 1 -0 0
    outer loop
      vertex 101.4 93.2334 0.15
      vertex 101.4 95.4336 0
      vertex 101.4 95.4336 0.15
    endloop
  endfacet
  facet normal 1 0 0
    outer loop
      vertex 101.4 95.4336 0
      vertex 101.4 93.2334 0.15
      vertex 101.4 93.2334 0
    endloop
  endfacet
  facet normal 0 -1 0
    outer loop
      vertex 101.4 95.4336 0
      vertex 103.6 95.4336 0.15
      vertex 101.4 95.4336 0.15
    endloop
  endfacet
  facet normal 0 -1 -0
    outer loop
      vertex 103.6 95.4336 0.15
      vertex 101.4 95.4336 0
      vertex 103.6 95.4336 0
    endloop
  endfacet
  facet normal -1 0 0
    outer loop
      vertex 103.6 93.2334 0
      vertex 103.6 95.4336 0.15
      vertex 103.6 95.4336 0
    endloop
  endfacet
  facet normal -1 -0 0
    outer loop
      vertex 103.6 95.4336 0.15
      vertex 103.6 93.2334 0
      vertex 103.6 93.2334 0.15
    endloop
  endfacet
  facet normal 0 1 -0
    outer loop
      vertex 138.25 94.9004 0
      vertex 137 94.9004 0.15
      vertex 138.25 94.9004 0.15
    endloop
  endfacet
  facet normal 0 1 0
    outer loop
      vertex 137 94.9004 0.15
      vertex 138.25 94.9004 0
      vertex 137 94.9004 0
    endloop
  endfacet
  facet normal 1 -0 0
    outer loop
      vertex 137 94.9004 0.15
      vertex 137 97.0996 0
      vertex 137 97.0996 0.15
    endloop
  endfacet
  facet normal 1 0 0
    outer loop
      vertex 137 97.0996 0
      vertex 137 94.9004 0.15
      vertex 137 94.9004 0
    endloop
  endfacet
  facet normal 0 -1 0
    outer loop
      vertex 137 97.0996 0
      vertex 138.25 97.0996 0.15
      vertex 137 97.0996 0.15
    endloop
  endfacet
  facet normal 0 -1 -0
    outer loop
      vertex 138.25 97.0996 0.15
      vertex 137 97.0996 0
      vertex 138.25 97.0996 0
    endloop
  endfacet
  facet normal -1 0 0
    outer loop
      vertex 138.25 94.9004 0
      vertex 138.25 97.0996 0.15
      vertex 138.25 97.0996 0
    endloop
  endfacet
  facet normal -1 -0 0
    outer loop
      vertex 138.25 97.0996 0.15
      vertex 138.25 94.9004 0
      vertex 138.25 94.9004 0.15
    endloop
  endfacet
  facet normal 0 1 -0
    outer loop
      vertex 136.45 94.9004 0
      vertex 134.25 94.9004 0.15
      vertex 136.45 94.9004 0.15
    endloop
  endfacet
  facet normal 0 1 0
    outer loop
      vertex 134.25 94.9004 0.15
      vertex 136.45 94.9004 0
      vertex 134.25 94.9004 0
    endloop
  endfacet
  facet normal 1 -0 0
    outer loop
      vertex 134.25 94.9004 0.15
      vertex 134.25 97.0996 0
      vertex 134.25 97.0996 0.15
    endloop
  endfacet
  facet normal 1 0 0
    outer loop
      vertex 134.25 97.0996 0
      vertex 134.25 94.9004 0.15
      vertex 134.25 94.9004 0
    endloop
  endfacet
  facet normal 0 -1 0
    outer loop
      vertex 134.25 97.0996 0
      vertex 136.45 97.0996 0.15
      vertex 134.25 97.0996 0.15
    endloop
  endfacet
  facet normal 0 -1 -0
    outer loop
      vertex 136.45 97.0996 0.15
      vertex 134.25 97.0996 0
      vertex 136.45 97.0996 0
    endloop
  endfacet
  facet normal -1 0 0
    outer loop
      vertex 136.45 94.9004 0
      vertex 136.45 97.0996 0.15
      vertex 136.45 97.0996 0
    endloop
  endfacet
  facet normal -1 -0 0
    outer loop
      vertex 136.45 97.0996 0.15
      vertex 136.45 94.9004 0
      vertex 136.45 94.9004 0.15
    endloop
  endfacet
  facet normal 0 1 -0
    outer loop
      vertex 122.5 94.9004 0
      vertex 121.25 94.9004 0.15
      vertex 122.5 94.9004 0.15
    endloop
  endfacet
  facet normal 0 1 0
    outer loop
      vertex 121.25 94.9004 0.15
      vertex 122.5 94.9004 0
      vertex 121.25 94.9004 0
    endloop
  endfacet
  facet normal 1 -0 0
    outer loop
      vertex 121.25 94.9004 0.15
      vertex 121.25 97.0996 0
      vertex 121.25 97.0996 0.15
    endloop
  endfacet
  facet normal 1 0 0
    outer loop
      vertex 121.25 97.0996 0
      vertex 121.25 94.9004 0.15
      vertex 121.25 94.9004 0
    endloop
  endfacet
  facet normal 0 -1 0
    outer loop
      vertex 121.25 97.0996 0
      vertex 122.5 97.0996 0.15
      vertex 121.25 97.0996 0.15
    endloop
  endfacet
  facet normal 0 -1 -0
    outer loop
      vertex 122.5 97.0996 0.15
      vertex 121.25 97.0996 0
      vertex 122.5 97.0996 0
    endloop
  endfacet
  facet normal -1 0 0
    outer loop
      vertex 122.5 94.9004 0
      vertex 122.5 97.0996 0.15
      vertex 122.5 97.0996 0
    endloop
  endfacet
  facet normal -1 -0 0
    outer loop
      vertex 122.5 97.0996 0.15
      vertex 122.5 94.9004 0
      vertex 122.5 94.9004 0.15
    endloop
  endfacet
  facet normal 0 1 -0
    outer loop
      vertex 120.7 94.9004 0
      vertex 118.5 94.9004 0.15
      vertex 120.7 94.9004 0.15
    endloop
  endfacet
  facet normal 0 1 0
    outer loop
      vertex 118.5 94.9004 0.15
      vertex 120.7 94.9004 0
      vertex 118.5 94.9004 0
    endloop
  endfacet
  facet normal 1 -0 0
    outer loop
      vertex 118.5 94.9004 0.15
      vertex 118.5 97.0996 0
      vertex 118.5 97.0996 0.15
    endloop
  endfacet
  facet normal 1 0 0
    outer loop
      vertex 118.5 97.0996 0
      vertex 118.5 94.9004 0.15
      vertex 118.5 94.9004 0
    endloop
  endfacet
  facet normal 0 -1 0
    outer loop
      vertex 118.5 97.0996 0
      vertex 120.7 97.0996 0.15
      vertex 118.5 97.0996 0.15
    endloop
  endfacet
  facet normal 0 -1 -0
    outer loop
      vertex 120.7 97.0996 0.15
      vertex 118.5 97.0996 0
      vertex 120.7 97.0996 0
    endloop
  endfacet
  facet normal -1 0 0
    outer loop
      vertex 120.7 94.9004 0
      vertex 120.7 97.0996 0.15
      vertex 120.7 97.0996 0
    endloop
  endfacet
  facet normal -1 -0 0
    outer loop
      vertex 120.7 97.0996 0.15
      vertex 120.7 94.9004 0
      vertex 120.7 94.9004 0.15
    endloop
  endfacet
  facet normal 0 1 -0
    outer loop
      vertex 180.75 95.4004 0
      vertex 179.5 95.4004 0.15
      vertex 180.75 95.4004 0.15
    endloop
  endfacet
  facet normal 0 1 0
    outer loop
      vertex 179.5 95.4004 0.15
      vertex 180.75 95.4004 0
      vertex 179.5 95.4004 0
    endloop
  endfacet
  facet normal 1 -0 0
    outer loop
      vertex 179.5 95.4004 0.15
      vertex 179.5 97.5996 0
      vertex 179.5 97.5996 0.15
    endloop
  endfacet
  facet normal 1 0 0
    outer loop
      vertex 179.5 97.5996 0
      vertex 179.5 95.4004 0.15
      vertex 179.5 95.4004 0
    endloop
  endfacet
  facet normal 0 -1 0
    outer loop
      vertex 179.5 97.5996 0
      vertex 180.75 97.5996 0.15
      vertex 179.5 97.5996 0.15
    endloop
  endfacet
  facet normal 0 -1 -0
    outer loop
      vertex 180.75 97.5996 0.15
      vertex 179.5 97.5996 0
      vertex 180.75 97.5996 0
    endloop
  endfacet
  facet normal -1 0 0
    outer loop
      vertex 180.75 95.4004 0
      vertex 180.75 97.5996 0.15
      vertex 180.75 97.5996 0
    endloop
  endfacet
  facet normal -1 -0 0
    outer loop
      vertex 180.75 97.5996 0.15
      vertex 180.75 95.4004 0
      vertex 180.75 95.4004 0.15
    endloop
  endfacet
  facet normal 0 1 -0
    outer loop
      vertex 178.95 95.4004 0
      vertex 176.75 95.4004 0.15
      vertex 178.95 95.4004 0.15
    endloop
  endfacet
  facet normal 0 1 0
    outer loop
      vertex 176.75 95.4004 0.15
      vertex 178.95 95.4004 0
      vertex 176.75 95.4004 0
    endloop
  endfacet
  facet normal 1 -0 0
    outer loop
      vertex 176.75 95.4004 0.15
      vertex 176.75 97.5996 0
      vertex 176.75 97.5996 0.15
    endloop
  endfacet
  facet normal 1 0 0
    outer loop
      vertex 176.75 97.5996 0
      vertex 176.75 95.4004 0.15
      vertex 176.75 95.4004 0
    endloop
  endfacet
  facet normal 0 -1 0
    outer loop
      vertex 176.75 97.5996 0
      vertex 178.95 97.5996 0.15
      vertex 176.75 97.5996 0.15
    endloop
  endfacet
  facet normal 0 -1 -0
    outer loop
      vertex 178.95 97.5996 0.15
      vertex 176.75 97.5996 0
      vertex 178.95 97.5996 0
    endloop
  endfacet
  facet normal -1 0 0
    outer loop
      vertex 178.95 95.4004 0
      vertex 178.95 97.5996 0.15
      vertex 178.95 97.5996 0
    endloop
  endfacet
  facet normal -1 -0 0
    outer loop
      vertex 178.95 97.5996 0.15
      vertex 178.95 95.4004 0
      vertex 178.95 95.4004 0.15
    endloop
  endfacet
  facet normal 0 1 -0
    outer loop
      vertex 163.25 95.4004 0
      vertex 162 95.4004 0.15
      vertex 163.25 95.4004 0.15
    endloop
  endfacet
  facet normal 0 1 0
    outer loop
      vertex 162 95.4004 0.15
      vertex 163.25 95.4004 0
      vertex 162 95.4004 0
    endloop
  endfacet
  facet normal 1 -0 0
    outer loop
      vertex 162 95.4004 0.15
      vertex 162 97.5996 0
      vertex 162 97.5996 0.15
    endloop
  endfacet
  facet normal 1 0 0
    outer loop
      vertex 162 97.5996 0
      vertex 162 95.4004 0.15
      vertex 162 95.4004 0
    endloop
  endfacet
  facet normal 0 -1 0
    outer loop
      vertex 162 97.5996 0
      vertex 163.25 97.5996 0.15
      vertex 162 97.5996 0.15
    endloop
  endfacet
  facet normal 0 -1 -0
    outer loop
      vertex 163.25 97.5996 0.15
      vertex 162 97.5996 0
      vertex 163.25 97.5996 0
    endloop
  endfacet
  facet normal -1 0 0
    outer loop
      vertex 163.25 95.4004 0
      vertex 163.25 97.5996 0.15
      vertex 163.25 97.5996 0
    endloop
  endfacet
  facet normal -1 -0 0
    outer loop
      vertex 163.25 97.5996 0.15
      vertex 163.25 95.4004 0
      vertex 163.25 95.4004 0.15
    endloop
  endfacet
  facet normal 0 1 -0
    outer loop
      vertex 161.45 95.4004 0
      vertex 159.25 95.4004 0.15
      vertex 161.45 95.4004 0.15
    endloop
  endfacet
  facet normal 0 1 0
    outer loop
      vertex 159.25 95.4004 0.15
      vertex 161.45 95.4004 0
      vertex 159.25 95.4004 0
    endloop
  endfacet
  facet normal 1 -0 0
    outer loop
      vertex 159.25 95.4004 0.15
      vertex 159.25 97.5996 0
      vertex 159.25 97.5996 0.15
    endloop
  endfacet
  facet normal 1 0 0
    outer loop
      vertex 159.25 97.5996 0
      vertex 159.25 95.4004 0.15
      vertex 159.25 95.4004 0
    endloop
  endfacet
  facet normal 0 -1 0
    outer loop
      vertex 159.25 97.5996 0
      vertex 161.45 97.5996 0.15
      vertex 159.25 97.5996 0.15
    endloop
  endfacet
  facet normal 0 -1 -0
    outer loop
      vertex 161.45 97.5996 0.15
      vertex 159.25 97.5996 0
      vertex 161.45 97.5996 0
    endloop
  endfacet
  facet normal -1 0 0
    outer loop
      vertex 161.45 95.4004 0
      vertex 161.45 97.5996 0.15
      vertex 161.45 97.5996 0
    endloop
  endfacet
  facet normal -1 -0 0
    outer loop
      vertex 161.45 97.5996 0.15
      vertex 161.45 95.4004 0
      vertex 161.45 95.4004 0.15
    endloop
  endfacet
  facet normal -0.5547 -0.83205 0
    outer loop
      vertex 101.371 105.356 0
      vertex 101.452 105.302 0.15
      vertex 101.371 105.356 0.15
    endloop
  endfacet
  facet normal -0.5547 -0.83205 -0
    outer loop
      vertex 101.452 105.302 0.15
      vertex 101.371 105.356 0
      vertex 101.452 105.302 0
    endloop
  endfacet
  facet normal -0.83205 -0.5547 0
    outer loop
      vertex 101.506 105.221 0
      vertex 101.452 105.302 0.15
      vertex 101.452 105.302 0
    endloop
  endfacet
  facet normal -0.83205 -0.5547 0
    outer loop
      vertex 101.452 105.302 0.15
      vertex 101.506 105.221 0
      vertex 101.506 105.221 0.15
    endloop
  endfacet
  facet normal -0.980972 -0.194151 0
    outer loop
      vertex 101.525 105.125 0
      vertex 101.506 105.221 0.15
      vertex 101.506 105.221 0
    endloop
  endfacet
  facet normal -0.980972 -0.194151 0
    outer loop
      vertex 101.506 105.221 0.15
      vertex 101.525 105.125 0
      vertex 101.525 105.125 0.15
    endloop
  endfacet
  facet normal -1 0 0
    outer loop
      vertex 101.525 103.875 0
      vertex 101.525 105.125 0.15
      vertex 101.525 105.125 0
    endloop
  endfacet
  facet normal -1 -0 0
    outer loop
      vertex 101.525 105.125 0.15
      vertex 101.525 103.875 0
      vertex 101.525 103.875 0.15
    endloop
  endfacet
  facet normal -0.980972 0.194151 0
    outer loop
      vertex 101.506 103.779 0
      vertex 101.525 103.875 0.15
      vertex 101.525 103.875 0
    endloop
  endfacet
  facet normal -0.980972 0.194151 0
    outer loop
      vertex 101.525 103.875 0.15
      vertex 101.506 103.779 0
      vertex 101.506 103.779 0.15
    endloop
  endfacet
  facet normal -0.83205 0.5547 0
    outer loop
      vertex 101.452 103.698 0
      vertex 101.506 103.779 0.15
      vertex 101.506 103.779 0
    endloop
  endfacet
  facet normal -0.83205 0.5547 0
    outer loop
      vertex 101.506 103.779 0.15
      vertex 101.452 103.698 0
      vertex 101.452 103.698 0.15
    endloop
  endfacet
  facet normal -0.5547 0.83205 0
    outer loop
      vertex 101.452 103.698 0
      vertex 101.371 103.644 0.15
      vertex 101.452 103.698 0.15
    endloop
  endfacet
  facet normal -0.5547 0.83205 0
    outer loop
      vertex 101.371 103.644 0.15
      vertex 101.452 103.698 0
      vertex 101.371 103.644 0
    endloop
  endfacet
  facet normal -0.194151 0.980972 0
    outer loop
      vertex 101.371 103.644 0
      vertex 101.275 103.625 0.15
      vertex 101.371 103.644 0.15
    endloop
  endfacet
  facet normal -0.194151 0.980972 0
    outer loop
      vertex 101.275 103.625 0.15
      vertex 101.371 103.644 0
      vertex 101.275 103.625 0
    endloop
  endfacet
  facet normal 0 1 -0
    outer loop
      vertex 101.275 103.625 0
      vertex 100.65 103.625 0.15
      vertex 101.275 103.625 0.15
    endloop
  endfacet
  facet normal 0 1 0
    outer loop
      vertex 100.65 103.625 0.15
      vertex 101.275 103.625 0
      vertex 100.65 103.625 0
    endloop
  endfacet
  facet normal 0.196116 0.980581 -0
    outer loop
      vertex 100.65 103.625 0
      vertex 100.555 103.644 0.15
      vertex 100.65 103.625 0.15
    endloop
  endfacet
  facet normal 0.196116 0.980581 0
    outer loop
      vertex 100.555 103.644 0.15
      vertex 100.65 103.625 0
      vertex 100.555 103.644 0
    endloop
  endfacet
  facet normal 0.5547 0.83205 -0
    outer loop
      vertex 100.555 103.644 0
      vertex 100.474 103.698 0.15
      vertex 100.555 103.644 0.15
    endloop
  endfacet
  facet normal 0.5547 0.83205 0
    outer loop
      vertex 100.474 103.698 0.15
      vertex 100.555 103.644 0
      vertex 100.474 103.698 0
    endloop
  endfacet
  facet normal 0.827306 0.561751 0
    outer loop
      vertex 100.474 103.698 0.15
      vertex 100.419 103.779 0
      vertex 100.419 103.779 0.15
    endloop
  endfacet
  facet normal 0.827306 0.561751 0
    outer loop
      vertex 100.419 103.779 0
      vertex 100.474 103.698 0.15
      vertex 100.474 103.698 0
    endloop
  endfacet
  facet normal 0.980972 0.194151 0
    outer loop
      vertex 100.419 103.779 0.15
      vertex 100.4 103.875 0
      vertex 100.4 103.875 0.15
    endloop
  endfacet
  facet normal 0.980972 0.194151 0
    outer loop
      vertex 100.4 103.875 0
      vertex 100.419 103.779 0.15
      vertex 100.419 103.779 0
    endloop
  endfacet
  facet normal 1 -0 0
    outer loop
      vertex 100.4 103.875 0.15
      vertex 100.4 105.125 0
      vertex 100.4 105.125 0.15
    endloop
  endfacet
  facet normal 1 0 0
    outer loop
      vertex 100.4 105.125 0
      vertex 100.4 103.875 0.15
      vertex 100.4 103.875 0
    endloop
  endfacet
  facet normal 0.980972 -0.194151 0
    outer loop
      vertex 100.4 105.125 0.15
      vertex 100.419 105.221 0
      vertex 100.419 105.221 0.15
    endloop
  endfacet
  facet normal 0.980972 -0.194151 0
    outer loop
      vertex 100.419 105.221 0
      vertex 100.4 105.125 0.15
      vertex 100.4 105.125 0
    endloop
  endfacet
  facet normal 0.827306 -0.561751 0
    outer loop
      vertex 100.419 105.221 0.15
      vertex 100.474 105.302 0
      vertex 100.474 105.302 0.15
    endloop
  endfacet
  facet normal 0.827306 -0.561751 0
    outer loop
      vertex 100.474 105.302 0
      vertex 100.419 105.221 0.15
      vertex 100.419 105.221 0
    endloop
  endfacet
  facet normal 0.5547 -0.83205 0
    outer loop
      vertex 100.474 105.302 0
      vertex 100.555 105.356 0.15
      vertex 100.474 105.302 0.15
    endloop
  endfacet
  facet normal 0.5547 -0.83205 0
    outer loop
      vertex 100.555 105.356 0.15
      vertex 100.474 105.302 0
      vertex 100.555 105.356 0
    endloop
  endfacet
  facet normal 0.196116 -0.980581 0
    outer loop
      vertex 100.555 105.356 0
      vertex 100.65 105.375 0.15
      vertex 100.555 105.356 0.15
    endloop
  endfacet
  facet normal 0.196116 -0.980581 0
    outer loop
      vertex 100.65 105.375 0.15
      vertex 100.555 105.356 0
      vertex 100.65 105.375 0
    endloop
  endfacet
  facet normal 0 -1 0
    outer loop
      vertex 100.65 105.375 0
      vertex 101.275 105.375 0.15
      vertex 100.65 105.375 0.15
    endloop
  endfacet
  facet normal 0 -1 -0
    outer loop
      vertex 101.275 105.375 0.15
      vertex 100.65 105.375 0
      vertex 101.275 105.375 0
    endloop
  endfacet
  facet normal -0.194151 -0.980972 0
    outer loop
      vertex 101.275 105.375 0
      vertex 101.371 105.356 0.15
      vertex 101.275 105.375 0.15
    endloop
  endfacet
  facet normal -0.194151 -0.980972 -0
    outer loop
      vertex 101.371 105.356 0.15
      vertex 101.275 105.375 0
      vertex 101.371 105.356 0
    endloop
  endfacet
  facet normal -0.554226 -0.832366 0
    outer loop
      vertex 98.4453 105.356 0
      vertex 98.5264 105.302 0.15
      vertex 98.4453 105.356 0.15
    endloop
  endfacet
  facet normal -0.554226 -0.832366 -0
    outer loop
      vertex 98.5264 105.302 0.15
      vertex 98.4453 105.356 0
      vertex 98.5264 105.302 0
    endloop
  endfacet
  facet normal -0.82873 -0.559649 0
    outer loop
      vertex 98.5811 105.221 0
      vertex 98.5264 105.302 0.15
      vertex 98.5264 105.302 0
    endloop
  endfacet
  facet normal -0.82873 -0.559649 0
    outer loop
      vertex 98.5264 105.302 0.15
      vertex 98.5811 105.221 0
      vertex 98.5811 105.221 0.15
    endloop
  endfacet
  facet normal -0.981933 -0.189227 0
    outer loop
      vertex 98.5996 105.125 0
      vertex 98.5811 105.221 0.15
      vertex 98.5811 105.221 0
    endloop
  endfacet
  facet normal -0.981933 -0.189227 0
    outer loop
      vertex 98.5811 105.221 0.15
      vertex 98.5996 105.125 0
      vertex 98.5996 105.125 0.15
    endloop
  endfacet
  facet normal -1 0 0
    outer loop
      vertex 98.5996 103.875 0
      vertex 98.5996 105.125 0.15
      vertex 98.5996 105.125 0
    endloop
  endfacet
  facet normal -1 -0 0
    outer loop
      vertex 98.5996 105.125 0.15
      vertex 98.5996 103.875 0
      vertex 98.5996 103.875 0.15
    endloop
  endfacet
  facet normal -0.981933 0.189227 0
    outer loop
      vertex 98.5811 103.779 0
      vertex 98.5996 103.875 0.15
      vertex 98.5996 103.875 0
    endloop
  endfacet
  facet normal -0.981933 0.189227 0
    outer loop
      vertex 98.5996 103.875 0.15
      vertex 98.5811 103.779 0
      vertex 98.5811 103.779 0.15
    endloop
  endfacet
  facet normal -0.82873 0.559649 0
    outer loop
      vertex 98.5264 103.698 0
      vertex 98.5811 103.779 0.15
      vertex 98.5811 103.779 0
    endloop
  endfacet
  facet normal -0.82873 0.559649 0
    outer loop
      vertex 98.5811 103.779 0.15
      vertex 98.5264 103.698 0
      vertex 98.5264 103.698 0.15
    endloop
  endfacet
  facet normal -0.554226 0.832366 0
    outer loop
      vertex 98.5264 103.698 0
      vertex 98.4453 103.644 0.15
      vertex 98.5264 103.698 0.15
    endloop
  endfacet
  facet normal -0.554226 0.832366 0
    outer loop
      vertex 98.4453 103.644 0.15
      vertex 98.5264 103.698 0
      vertex 98.4453 103.644 0
    endloop
  endfacet
  facet normal -0.194736 0.980856 0
    outer loop
      vertex 98.4453 103.644 0
      vertex 98.3496 103.625 0.15
      vertex 98.4453 103.644 0.15
    endloop
  endfacet
  facet normal -0.194736 0.980856 0
    outer loop
      vertex 98.3496 103.625 0.15
      vertex 98.4453 103.644 0
      vertex 98.3496 103.625 0
    endloop
  endfacet
  facet normal 0 1 -0
    outer loop
      vertex 98.3496 103.625 0
      vertex 97.7246 103.625 0.15
      vertex 98.3496 103.625 0.15
    endloop
  endfacet
  facet normal 0 1 0
    outer loop
      vertex 97.7246 103.625 0.15
      vertex 98.3496 103.625 0
      vertex 97.7246 103.625 0
    endloop
  endfacet
  facet normal 0.194736 0.980856 -0
    outer loop
      vertex 97.7246 103.625 0
      vertex 97.6289 103.644 0.15
      vertex 97.7246 103.625 0.15
    endloop
  endfacet
  facet normal 0.194736 0.980856 0
    outer loop
      vertex 97.6289 103.644 0.15
      vertex 97.7246 103.625 0
      vertex 97.6289 103.644 0
    endloop
  endfacet
  facet normal 0.5547 0.83205 -0
    outer loop
      vertex 97.6289 103.644 0
      vertex 97.5479 103.698 0.15
      vertex 97.6289 103.644 0.15
    endloop
  endfacet
  facet normal 0.5547 0.83205 0
    outer loop
      vertex 97.5479 103.698 0.15
      vertex 97.6289 103.644 0
      vertex 97.5479 103.698 0
    endloop
  endfacet
  facet normal 0.832998 0.553275 0
    outer loop
      vertex 97.5479 103.698 0.15
      vertex 97.4941 103.779 0
      vertex 97.4941 103.779 0.15
    endloop
  endfacet
  facet normal 0.832998 0.553275 0
    outer loop
      vertex 97.4941 103.779 0
      vertex 97.5479 103.698 0.15
      vertex 97.5479 103.698 0
    endloop
  endfacet
  facet normal 0.979987 0.19906 0
    outer loop
      vertex 97.4941 103.779 0.15
      vertex 97.4746 103.875 0
      vertex 97.4746 103.875 0.15
    endloop
  endfacet
  facet normal 0.979987 0.19906 0
    outer loop
      vertex 97.4746 103.875 0
      vertex 97.4941 103.779 0.15
      vertex 97.4941 103.779 0
    endloop
  endfacet
  facet normal 1 -0 0
    outer loop
      vertex 97.4746 103.875 0.15
      vertex 97.4746 105.125 0
      vertex 97.4746 105.125 0.15
    endloop
  endfacet
  facet normal 1 0 0
    outer loop
      vertex 97.4746 105.125 0
      vertex 97.4746 103.875 0.15
      vertex 97.4746 103.875 0
    endloop
  endfacet
  facet normal 0.979987 -0.19906 0
    outer loop
      vertex 97.4746 105.125 0.15
      vertex 97.4941 105.221 0
      vertex 97.4941 105.221 0.15
    endloop
  endfacet
  facet normal 0.979987 -0.19906 0
    outer loop
      vertex 97.4941 105.221 0
      vertex 97.4746 105.125 0.15
      vertex 97.4746 105.125 0
    endloop
  endfacet
  facet normal 0.832998 -0.553275 0
    outer loop
      vertex 97.4941 105.221 0.15
      vertex 97.5479 105.302 0
      vertex 97.5479 105.302 0.15
    endloop
  endfacet
  facet normal 0.832998 -0.553275 0
    outer loop
      vertex 97.5479 105.302 0
      vertex 97.4941 105.221 0.15
      vertex 97.4941 105.221 0
    endloop
  endfacet
  facet normal 0.5547 -0.83205 0
    outer loop
      vertex 97.5479 105.302 0
      vertex 97.6289 105.356 0.15
      vertex 97.5479 105.302 0.15
    endloop
  endfacet
  facet normal 0.5547 -0.83205 0
    outer loop
      vertex 97.6289 105.356 0.15
      vertex 97.5479 105.302 0
      vertex 97.6289 105.356 0
    endloop
  endfacet
  facet normal 0.194736 -0.980856 0
    outer loop
      vertex 97.6289 105.356 0
      vertex 97.7246 105.375 0.15
      vertex 97.6289 105.356 0.15
    endloop
  endfacet
  facet normal 0.194736 -0.980856 0
    outer loop
      vertex 97.7246 105.375 0.15
      vertex 97.6289 105.356 0
      vertex 97.7246 105.375 0
    endloop
  endfacet
  facet normal 0 -1 0
    outer loop
      vertex 97.7246 105.375 0
      vertex 98.3496 105.375 0.15
      vertex 97.7246 105.375 0.15
    endloop
  endfacet
  facet normal 0 -1 -0
    outer loop
      vertex 98.3496 105.375 0.15
      vertex 97.7246 105.375 0
      vertex 98.3496 105.375 0
    endloop
  endfacet
  facet normal -0.194736 -0.980856 0
    outer loop
      vertex 98.3496 105.375 0
      vertex 98.4453 105.356 0.15
      vertex 98.3496 105.375 0.15
    endloop
  endfacet
  facet normal -0.194736 -0.980856 -0
    outer loop
      vertex 98.4453 105.356 0.15
      vertex 98.3496 105.375 0
      vertex 98.4453 105.356 0
    endloop
  endfacet
  facet normal 0 1 -0
    outer loop
      vertex 114.7 107.9 0
      vertex 112.5 107.9 0.15
      vertex 114.7 107.9 0.15
    endloop
  endfacet
  facet normal 0 1 0
    outer loop
      vertex 112.5 107.9 0.15
      vertex 114.7 107.9 0
      vertex 112.5 107.9 0
    endloop
  endfacet
  facet normal 1 -0 0
    outer loop
      vertex 112.5 107.9 0.15
      vertex 112.5 110.1 0
      vertex 112.5 110.1 0.15
    endloop
  endfacet
  facet normal 1 0 0
    outer loop
      vertex 112.5 110.1 0
      vertex 112.5 107.9 0.15
      vertex 112.5 107.9 0
    endloop
  endfacet
  facet normal 0 -1 0
    outer loop
      vertex 112.5 110.1 0
      vertex 114.7 110.1 0.15
      vertex 112.5 110.1 0.15
    endloop
  endfacet
  facet normal 0 -1 -0
    outer loop
      vertex 114.7 110.1 0.15
      vertex 112.5 110.1 0
      vertex 114.7 110.1 0
    endloop
  endfacet
  facet normal -1 0 0
    outer loop
      vertex 114.7 107.9 0
      vertex 114.7 110.1 0.15
      vertex 114.7 110.1 0
    endloop
  endfacet
  facet normal -1 -0 0
    outer loop
      vertex 114.7 110.1 0.15
      vertex 114.7 107.9 0
      vertex 114.7 107.9 0.15
    endloop
  endfacet
  facet normal 0 1 -0
    outer loop
      vertex 116.5 107.9 0
      vertex 115.25 107.9 0.15
      vertex 116.5 107.9 0.15
    endloop
  endfacet
  facet normal 0 1 0
    outer loop
      vertex 115.25 107.9 0.15
      vertex 116.5 107.9 0
      vertex 115.25 107.9 0
    endloop
  endfacet
  facet normal 1 -0 0
    outer loop
      vertex 115.25 107.9 0.15
      vertex 115.25 110.1 0
      vertex 115.25 110.1 0.15
    endloop
  endfacet
  facet normal 1 0 0
    outer loop
      vertex 115.25 110.1 0
      vertex 115.25 107.9 0.15
      vertex 115.25 107.9 0
    endloop
  endfacet
  facet normal 0 -1 0
    outer loop
      vertex 115.25 110.1 0
      vertex 116.5 110.1 0.15
      vertex 115.25 110.1 0.15
    endloop
  endfacet
  facet normal 0 -1 -0
    outer loop
      vertex 116.5 110.1 0.15
      vertex 115.25 110.1 0
      vertex 116.5 110.1 0
    endloop
  endfacet
  facet normal -1 0 0
    outer loop
      vertex 116.5 107.9 0
      vertex 116.5 110.1 0.15
      vertex 116.5 110.1 0
    endloop
  endfacet
  facet normal -1 -0 0
    outer loop
      vertex 116.5 110.1 0.15
      vertex 116.5 107.9 0
      vertex 116.5 107.9 0.15
    endloop
  endfacet
  facet normal 0 1 -0
    outer loop
      vertex 158.2 107.9 0
      vertex 156.95 107.9 0.15
      vertex 158.2 107.9 0.15
    endloop
  endfacet
  facet normal 0 1 0
    outer loop
      vertex 156.95 107.9 0.15
      vertex 158.2 107.9 0
      vertex 156.95 107.9 0
    endloop
  endfacet
  facet normal 1 -0 0
    outer loop
      vertex 156.95 107.9 0.15
      vertex 156.95 110.1 0
      vertex 156.95 110.1 0.15
    endloop
  endfacet
  facet normal 1 0 0
    outer loop
      vertex 156.95 110.1 0
      vertex 156.95 107.9 0.15
      vertex 156.95 107.9 0
    endloop
  endfacet
  facet normal 0 -1 0
    outer loop
      vertex 156.95 110.1 0
      vertex 158.2 110.1 0.15
      vertex 156.95 110.1 0.15
    endloop
  endfacet
  facet normal 0 -1 -0
    outer loop
      vertex 158.2 110.1 0.15
      vertex 156.95 110.1 0
      vertex 158.2 110.1 0
    endloop
  endfacet
  facet normal -1 0 0
    outer loop
      vertex 158.2 107.9 0
      vertex 158.2 110.1 0.15
      vertex 158.2 110.1 0
    endloop
  endfacet
  facet normal -1 -0 0
    outer loop
      vertex 158.2 110.1 0.15
      vertex 158.2 107.9 0
      vertex 158.2 107.9 0.15
    endloop
  endfacet
  facet normal 0 1 -0
    outer loop
      vertex 156.4 107.9 0
      vertex 154.2 107.9 0.15
      vertex 156.4 107.9 0.15
    endloop
  endfacet
  facet normal 0 1 0
    outer loop
      vertex 154.2 107.9 0.15
      vertex 156.4 107.9 0
      vertex 154.2 107.9 0
    endloop
  endfacet
  facet normal 1 -0 0
    outer loop
      vertex 154.2 107.9 0.15
      vertex 154.2 110.1 0
      vertex 154.2 110.1 0.15
    endloop
  endfacet
  facet normal 1 0 0
    outer loop
      vertex 154.2 110.1 0
      vertex 154.2 107.9 0.15
      vertex 154.2 107.9 0
    endloop
  endfacet
  facet normal 0 -1 0
    outer loop
      vertex 154.2 110.1 0
      vertex 156.4 110.1 0.15
      vertex 154.2 110.1 0.15
    endloop
  endfacet
  facet normal 0 -1 -0
    outer loop
      vertex 156.4 110.1 0.15
      vertex 154.2 110.1 0
      vertex 156.4 110.1 0
    endloop
  endfacet
  facet normal -1 0 0
    outer loop
      vertex 156.4 107.9 0
      vertex 156.4 110.1 0.15
      vertex 156.4 110.1 0
    endloop
  endfacet
  facet normal -1 -0 0
    outer loop
      vertex 156.4 110.1 0.15
      vertex 156.4 107.9 0
      vertex 156.4 107.9 0.15
    endloop
  endfacet
  facet normal 0 1 -0
    outer loop
      vertex 105.4 108.066 0
      vertex 104.15 108.066 0.15
      vertex 105.4 108.066 0.15
    endloop
  endfacet
  facet normal 0 1 0
    outer loop
      vertex 104.15 108.066 0.15
      vertex 105.4 108.066 0
      vertex 104.15 108.066 0
    endloop
  endfacet
  facet normal 1 -0 0
    outer loop
      vertex 104.15 108.066 0.15
      vertex 104.15 110.267 0
      vertex 104.15 110.267 0.15
    endloop
  endfacet
  facet normal 1 0 0
    outer loop
      vertex 104.15 110.267 0
      vertex 104.15 108.066 0.15
      vertex 104.15 108.066 0
    endloop
  endfacet
  facet normal 0 -1 0
    outer loop
      vertex 104.15 110.267 0
      vertex 105.4 110.267 0.15
      vertex 104.15 110.267 0.15
    endloop
  endfacet
  facet normal 0 -1 -0
    outer loop
      vertex 105.4 110.267 0.15
      vertex 104.15 110.267 0
      vertex 105.4 110.267 0
    endloop
  endfacet
  facet normal -1 0 0
    outer loop
      vertex 105.4 108.066 0
      vertex 105.4 110.267 0.15
      vertex 105.4 110.267 0
    endloop
  endfacet
  facet normal -1 -0 0
    outer loop
      vertex 105.4 110.267 0.15
      vertex 105.4 108.066 0
      vertex 105.4 108.066 0.15
    endloop
  endfacet
  facet normal 0 1 -0
    outer loop
      vertex 103.6 108.066 0
      vertex 101.4 108.066 0.15
      vertex 103.6 108.066 0.15
    endloop
  endfacet
  facet normal 0 1 0
    outer loop
      vertex 101.4 108.066 0.15
      vertex 103.6 108.066 0
      vertex 101.4 108.066 0
    endloop
  endfacet
  facet normal 1 -0 0
    outer loop
      vertex 101.4 108.066 0.15
      vertex 101.4 110.267 0
      vertex 101.4 110.267 0.15
    endloop
  endfacet
  facet normal 1 0 0
    outer loop
      vertex 101.4 110.267 0
      vertex 101.4 108.066 0.15
      vertex 101.4 108.066 0
    endloop
  endfacet
  facet normal 0 -1 0
    outer loop
      vertex 101.4 110.267 0
      vertex 103.6 110.267 0.15
      vertex 101.4 110.267 0.15
    endloop
  endfacet
  facet normal 0 -1 -0
    outer loop
      vertex 103.6 110.267 0.15
      vertex 101.4 110.267 0
      vertex 103.6 110.267 0
    endloop
  endfacet
  facet normal -1 0 0
    outer loop
      vertex 103.6 108.066 0
      vertex 103.6 110.267 0.15
      vertex 103.6 110.267 0
    endloop
  endfacet
  facet normal -1 -0 0
    outer loop
      vertex 103.6 110.267 0.15
      vertex 103.6 108.066 0
      vertex 103.6 108.066 0.15
    endloop
  endfacet
  facet normal 0 1 -0
    outer loop
      vertex 187.1 108.2 0
      vertex 185.85 108.2 0.15
      vertex 187.1 108.2 0.15
    endloop
  endfacet
  facet normal 0 1 0
    outer loop
      vertex 185.85 108.2 0.15
      vertex 187.1 108.2 0
      vertex 185.85 108.2 0
    endloop
  endfacet
  facet normal 1 -0 0
    outer loop
      vertex 185.85 108.2 0.15
      vertex 185.85 110.4 0
      vertex 185.85 110.4 0.15
    endloop
  endfacet
  facet normal 1 0 0
    outer loop
      vertex 185.85 110.4 0
      vertex 185.85 108.2 0.15
      vertex 185.85 108.2 0
    endloop
  endfacet
  facet normal 0 -1 0
    outer loop
      vertex 185.85 110.4 0
      vertex 187.1 110.4 0.15
      vertex 185.85 110.4 0.15
    endloop
  endfacet
  facet normal 0 -1 -0
    outer loop
      vertex 187.1 110.4 0.15
      vertex 185.85 110.4 0
      vertex 187.1 110.4 0
    endloop
  endfacet
  facet normal -1 0 0
    outer loop
      vertex 187.1 108.2 0
      vertex 187.1 110.4 0.15
      vertex 187.1 110.4 0
    endloop
  endfacet
  facet normal -1 -0 0
    outer loop
      vertex 187.1 110.4 0.15
      vertex 187.1 108.2 0
      vertex 187.1 108.2 0.15
    endloop
  endfacet
  facet normal 0 1 -0
    outer loop
      vertex 185.3 108.2 0
      vertex 183.1 108.2 0.15
      vertex 185.3 108.2 0.15
    endloop
  endfacet
  facet normal 0 1 0
    outer loop
      vertex 183.1 108.2 0.15
      vertex 185.3 108.2 0
      vertex 183.1 108.2 0
    endloop
  endfacet
  facet normal 1 -0 0
    outer loop
      vertex 183.1 108.2 0.15
      vertex 183.1 110.4 0
      vertex 183.1 110.4 0.15
    endloop
  endfacet
  facet normal 1 0 0
    outer loop
      vertex 183.1 110.4 0
      vertex 183.1 108.2 0.15
      vertex 183.1 108.2 0
    endloop
  endfacet
  facet normal 0 -1 0
    outer loop
      vertex 183.1 110.4 0
      vertex 185.3 110.4 0.15
      vertex 183.1 110.4 0.15
    endloop
  endfacet
  facet normal 0 -1 -0
    outer loop
      vertex 185.3 110.4 0.15
      vertex 183.1 110.4 0
      vertex 185.3 110.4 0
    endloop
  endfacet
  facet normal -1 0 0
    outer loop
      vertex 185.3 108.2 0
      vertex 185.3 110.4 0.15
      vertex 185.3 110.4 0
    endloop
  endfacet
  facet normal -1 -0 0
    outer loop
      vertex 185.3 110.4 0.15
      vertex 185.3 108.2 0
      vertex 185.3 108.2 0.15
    endloop
  endfacet
  facet normal 0 1 -0
    outer loop
      vertex 172.1 108.2 0
      vertex 170.85 108.2 0.15
      vertex 172.1 108.2 0.15
    endloop
  endfacet
  facet normal 0 1 0
    outer loop
      vertex 170.85 108.2 0.15
      vertex 172.1 108.2 0
      vertex 170.85 108.2 0
    endloop
  endfacet
  facet normal 1 -0 0
    outer loop
      vertex 170.85 108.2 0.15
      vertex 170.85 110.4 0
      vertex 170.85 110.4 0.15
    endloop
  endfacet
  facet normal 1 0 0
    outer loop
      vertex 170.85 110.4 0
      vertex 170.85 108.2 0.15
      vertex 170.85 108.2 0
    endloop
  endfacet
  facet normal 0 -1 0
    outer loop
      vertex 170.85 110.4 0
      vertex 172.1 110.4 0.15
      vertex 170.85 110.4 0.15
    endloop
  endfacet
  facet normal 0 -1 -0
    outer loop
      vertex 172.1 110.4 0.15
      vertex 170.85 110.4 0
      vertex 172.1 110.4 0
    endloop
  endfacet
  facet normal -1 0 0
    outer loop
      vertex 172.1 108.2 0
      vertex 172.1 110.4 0.15
      vertex 172.1 110.4 0
    endloop
  endfacet
  facet normal -1 -0 0
    outer loop
      vertex 172.1 110.4 0.15
      vertex 172.1 108.2 0
      vertex 172.1 108.2 0.15
    endloop
  endfacet
  facet normal 0 1 -0
    outer loop
      vertex 170.3 108.2 0
      vertex 168.1 108.2 0.15
      vertex 170.3 108.2 0.15
    endloop
  endfacet
  facet normal 0 1 0
    outer loop
      vertex 168.1 108.2 0.15
      vertex 170.3 108.2 0
      vertex 168.1 108.2 0
    endloop
  endfacet
  facet normal 1 -0 0
    outer loop
      vertex 168.1 108.2 0.15
      vertex 168.1 110.4 0
      vertex 168.1 110.4 0.15
    endloop
  endfacet
  facet normal 1 0 0
    outer loop
      vertex 168.1 110.4 0
      vertex 168.1 108.2 0.15
      vertex 168.1 108.2 0
    endloop
  endfacet
  facet normal 0 -1 0
    outer loop
      vertex 168.1 110.4 0
      vertex 170.3 110.4 0.15
      vertex 168.1 110.4 0.15
    endloop
  endfacet
  facet normal 0 -1 -0
    outer loop
      vertex 170.3 110.4 0.15
      vertex 168.1 110.4 0
      vertex 170.3 110.4 0
    endloop
  endfacet
  facet normal -1 0 0
    outer loop
      vertex 170.3 108.2 0
      vertex 170.3 110.4 0.15
      vertex 170.3 110.4 0
    endloop
  endfacet
  facet normal -1 -0 0
    outer loop
      vertex 170.3 110.4 0.15
      vertex 170.3 108.2 0
      vertex 170.3 108.2 0.15
    endloop
  endfacet
  facet normal 0 1 -0
    outer loop
      vertex 144.3 108.2 0
      vertex 143.05 108.2 0.15
      vertex 144.3 108.2 0.15
    endloop
  endfacet
  facet normal 0 1 0
    outer loop
      vertex 143.05 108.2 0.15
      vertex 144.3 108.2 0
      vertex 143.05 108.2 0
    endloop
  endfacet
  facet normal 1 -0 0
    outer loop
      vertex 143.05 108.2 0.15
      vertex 143.05 110.4 0
      vertex 143.05 110.4 0.15
    endloop
  endfacet
  facet normal 1 0 0
    outer loop
      vertex 143.05 110.4 0
      vertex 143.05 108.2 0.15
      vertex 143.05 108.2 0
    endloop
  endfacet
  facet normal 0 -1 0
    outer loop
      vertex 143.05 110.4 0
      vertex 144.3 110.4 0.15
      vertex 143.05 110.4 0.15
    endloop
  endfacet
  facet normal 0 -1 -0
    outer loop
      vertex 144.3 110.4 0.15
      vertex 143.05 110.4 0
      vertex 144.3 110.4 0
    endloop
  endfacet
  facet normal -1 0 0
    outer loop
      vertex 144.3 108.2 0
      vertex 144.3 110.4 0.15
      vertex 144.3 110.4 0
    endloop
  endfacet
  facet normal -1 -0 0
    outer loop
      vertex 144.3 110.4 0.15
      vertex 144.3 108.2 0
      vertex 144.3 108.2 0.15
    endloop
  endfacet
  facet normal 0 1 -0
    outer loop
      vertex 142.5 108.2 0
      vertex 140.3 108.2 0.15
      vertex 142.5 108.2 0.15
    endloop
  endfacet
  facet normal 0 1 0
    outer loop
      vertex 140.3 108.2 0.15
      vertex 142.5 108.2 0
      vertex 140.3 108.2 0
    endloop
  endfacet
  facet normal 1 -0 0
    outer loop
      vertex 140.3 108.2 0.15
      vertex 140.3 110.4 0
      vertex 140.3 110.4 0.15
    endloop
  endfacet
  facet normal 1 0 0
    outer loop
      vertex 140.3 110.4 0
      vertex 140.3 108.2 0.15
      vertex 140.3 108.2 0
    endloop
  endfacet
  facet normal 0 -1 0
    outer loop
      vertex 140.3 110.4 0
      vertex 142.5 110.4 0.15
      vertex 140.3 110.4 0.15
    endloop
  endfacet
  facet normal 0 -1 -0
    outer loop
      vertex 142.5 110.4 0.15
      vertex 140.3 110.4 0
      vertex 142.5 110.4 0
    endloop
  endfacet
  facet normal -1 0 0
    outer loop
      vertex 142.5 108.2 0
      vertex 142.5 110.4 0.15
      vertex 142.5 110.4 0
    endloop
  endfacet
  facet normal -1 -0 0
    outer loop
      vertex 142.5 110.4 0.15
      vertex 142.5 108.2 0
      vertex 142.5 108.2 0.15
    endloop
  endfacet
  facet normal 0 1 -0
    outer loop
      vertex 130.4 108.2 0
      vertex 129.15 108.2 0.15
      vertex 130.4 108.2 0.15
    endloop
  endfacet
  facet normal 0 1 0
    outer loop
      vertex 129.15 108.2 0.15
      vertex 130.4 108.2 0
      vertex 129.15 108.2 0
    endloop
  endfacet
  facet normal 1 -0 0
    outer loop
      vertex 129.15 108.2 0.15
      vertex 129.15 110.4 0
      vertex 129.15 110.4 0.15
    endloop
  endfacet
  facet normal 1 0 0
    outer loop
      vertex 129.15 110.4 0
      vertex 129.15 108.2 0.15
      vertex 129.15 108.2 0
    endloop
  endfacet
  facet normal 0 -1 0
    outer loop
      vertex 129.15 110.4 0
      vertex 130.4 110.4 0.15
      vertex 129.15 110.4 0.15
    endloop
  endfacet
  facet normal 0 -1 -0
    outer loop
      vertex 130.4 110.4 0.15
      vertex 129.15 110.4 0
      vertex 130.4 110.4 0
    endloop
  endfacet
  facet normal -1 0 0
    outer loop
      vertex 130.4 108.2 0
      vertex 130.4 110.4 0.15
      vertex 130.4 110.4 0
    endloop
  endfacet
  facet normal -1 -0 0
    outer loop
      vertex 130.4 110.4 0.15
      vertex 130.4 108.2 0
      vertex 130.4 108.2 0.15
    endloop
  endfacet
  facet normal 0 1 -0
    outer loop
      vertex 128.6 108.2 0
      vertex 126.4 108.2 0.15
      vertex 128.6 108.2 0.15
    endloop
  endfacet
  facet normal 0 1 0
    outer loop
      vertex 126.4 108.2 0.15
      vertex 128.6 108.2 0
      vertex 126.4 108.2 0
    endloop
  endfacet
  facet normal 1 -0 0
    outer loop
      vertex 126.4 108.2 0.15
      vertex 126.4 110.4 0
      vertex 126.4 110.4 0.15
    endloop
  endfacet
  facet normal 1 0 0
    outer loop
      vertex 126.4 110.4 0
      vertex 126.4 108.2 0.15
      vertex 126.4 108.2 0
    endloop
  endfacet
  facet normal 0 -1 0
    outer loop
      vertex 126.4 110.4 0
      vertex 128.6 110.4 0.15
      vertex 126.4 110.4 0.15
    endloop
  endfacet
  facet normal 0 -1 -0
    outer loop
      vertex 128.6 110.4 0.15
      vertex 126.4 110.4 0
      vertex 128.6 110.4 0
    endloop
  endfacet
  facet normal -1 0 0
    outer loop
      vertex 128.6 108.2 0
      vertex 128.6 110.4 0.15
      vertex 128.6 110.4 0
    endloop
  endfacet
  facet normal -1 -0 0
    outer loop
      vertex 128.6 110.4 0.15
      vertex 128.6 108.2 0
      vertex 128.6 108.2 0.15
    endloop
  endfacet
  facet normal -0.5547 -0.83205 0
    outer loop
      vertex 101.833 117.356 0
      vertex 101.914 117.302 0.15
      vertex 101.833 117.356 0.15
    endloop
  endfacet
  facet normal -0.5547 -0.83205 -0
    outer loop
      vertex 101.914 117.302 0.15
      vertex 101.833 117.356 0
      vertex 101.914 117.302 0
    endloop
  endfacet
  facet normal -0.827306 -0.561751 0
    outer loop
      vertex 101.969 117.221 0
      vertex 101.914 117.302 0.15
      vertex 101.914 117.302 0
    endloop
  endfacet
  facet normal -0.827306 -0.561751 0
    outer loop
      vertex 101.914 117.302 0.15
      vertex 101.969 117.221 0
      vertex 101.969 117.221 0.15
    endloop
  endfacet
  facet normal -0.982872 -0.184289 0
    outer loop
      vertex 101.987 117.125 0
      vertex 101.969 117.221 0.15
      vertex 101.969 117.221 0
    endloop
  endfacet
  facet normal -0.982872 -0.184289 0
    outer loop
      vertex 101.969 117.221 0.15
      vertex 101.987 117.125 0
      vertex 101.987 117.125 0.15
    endloop
  endfacet
  facet normal -1 0 0
    outer loop
      vertex 101.987 115.875 0
      vertex 101.987 117.125 0.15
      vertex 101.987 117.125 0
    endloop
  endfacet
  facet normal -1 -0 0
    outer loop
      vertex 101.987 117.125 0.15
      vertex 101.987 115.875 0
      vertex 101.987 115.875 0.15
    endloop
  endfacet
  facet normal -0.982872 0.184289 0
    outer loop
      vertex 101.969 115.779 0
      vertex 101.987 115.875 0.15
      vertex 101.987 115.875 0
    endloop
  endfacet
  facet normal -0.982872 0.184289 0
    outer loop
      vertex 101.987 115.875 0.15
      vertex 101.969 115.779 0
      vertex 101.969 115.779 0.15
    endloop
  endfacet
  facet normal -0.827306 0.561751 0
    outer loop
      vertex 101.914 115.698 0
      vertex 101.969 115.779 0.15
      vertex 101.969 115.779 0
    endloop
  endfacet
  facet normal -0.827306 0.561751 0
    outer loop
      vertex 101.969 115.779 0.15
      vertex 101.914 115.698 0
      vertex 101.914 115.698 0.15
    endloop
  endfacet
  facet normal -0.5547 0.83205 0
    outer loop
      vertex 101.914 115.698 0
      vertex 101.833 115.644 0.15
      vertex 101.914 115.698 0.15
    endloop
  endfacet
  facet normal -0.5547 0.83205 0
    outer loop
      vertex 101.833 115.644 0.15
      vertex 101.914 115.698 0
      vertex 101.833 115.644 0
    endloop
  endfacet
  facet normal -0.194151 0.980972 0
    outer loop
      vertex 101.833 115.644 0
      vertex 101.737 115.625 0.15
      vertex 101.833 115.644 0.15
    endloop
  endfacet
  facet normal -0.194151 0.980972 0
    outer loop
      vertex 101.737 115.625 0.15
      vertex 101.833 115.644 0
      vertex 101.737 115.625 0
    endloop
  endfacet
  facet normal 0 1 -0
    outer loop
      vertex 101.737 115.625 0
      vertex 101.112 115.625 0.15
      vertex 101.737 115.625 0.15
    endloop
  endfacet
  facet normal 0 1 0
    outer loop
      vertex 101.112 115.625 0.15
      vertex 101.737 115.625 0
      vertex 101.112 115.625 0
    endloop
  endfacet
  facet normal 0.196116 0.980581 -0
    outer loop
      vertex 101.112 115.625 0
      vertex 101.017 115.644 0.15
      vertex 101.112 115.625 0.15
    endloop
  endfacet
  facet normal 0.196116 0.980581 0
    outer loop
      vertex 101.017 115.644 0.15
      vertex 101.112 115.625 0
      vertex 101.017 115.644 0
    endloop
  endfacet
  facet normal 0.5547 0.83205 -0
    outer loop
      vertex 101.017 115.644 0
      vertex 100.936 115.698 0.15
      vertex 101.017 115.644 0.15
    endloop
  endfacet
  facet normal 0.5547 0.83205 0
    outer loop
      vertex 100.936 115.698 0.15
      vertex 101.017 115.644 0
      vertex 100.936 115.698 0
    endloop
  endfacet
  facet normal 0.83205 0.5547 0
    outer loop
      vertex 100.936 115.698 0.15
      vertex 100.882 115.779 0
      vertex 100.882 115.779 0.15
    endloop
  endfacet
  facet normal 0.83205 0.5547 0
    outer loop
      vertex 100.882 115.779 0
      vertex 100.936 115.698 0.15
      vertex 100.936 115.698 0
    endloop
  endfacet
  facet normal 0.97898 0.203954 0
    outer loop
      vertex 100.882 115.779 0.15
      vertex 100.862 115.875 0
      vertex 100.862 115.875 0.15
    endloop
  endfacet
  facet normal 0.97898 0.203954 0
    outer loop
      vertex 100.862 115.875 0
      vertex 100.882 115.779 0.15
      vertex 100.882 115.779 0
    endloop
  endfacet
  facet normal 1 -0 0
    outer loop
      vertex 100.862 115.875 0.15
      vertex 100.862 117.125 0
      vertex 100.862 117.125 0.15
    endloop
  endfacet
  facet normal 1 0 0
    outer loop
      vertex 100.862 117.125 0
      vertex 100.862 115.875 0.15
      vertex 100.862 115.875 0
    endloop
  endfacet
  facet normal 0.97898 -0.203954 0
    outer loop
      vertex 100.862 117.125 0.15
      vertex 100.882 117.221 0
      vertex 100.882 117.221 0.15
    endloop
  endfacet
  facet normal 0.97898 -0.203954 0
    outer loop
      vertex 100.882 117.221 0
      vertex 100.862 117.125 0.15
      vertex 100.862 117.125 0
    endloop
  endfacet
  facet normal 0.83205 -0.5547 0
    outer loop
      vertex 100.882 117.221 0.15
      vertex 100.936 117.302 0
      vertex 100.936 117.302 0.15
    endloop
  endfacet
  facet normal 0.83205 -0.5547 0
    outer loop
      vertex 100.936 117.302 0
      vertex 100.882 117.221 0.15
      vertex 100.882 117.221 0
    endloop
  endfacet
  facet normal 0.5547 -0.83205 0
    outer loop
      vertex 100.936 117.302 0
      vertex 101.017 117.356 0.15
      vertex 100.936 117.302 0.15
    endloop
  endfacet
  facet normal 0.5547 -0.83205 0
    outer loop
      vertex 101.017 117.356 0.15
      vertex 100.936 117.302 0
      vertex 101.017 117.356 0
    endloop
  endfacet
  facet normal 0.196116 -0.980581 0
    outer loop
      vertex 101.017 117.356 0
      vertex 101.112 117.375 0.15
      vertex 101.017 117.356 0.15
    endloop
  endfacet
  facet normal 0.196116 -0.980581 0
    outer loop
      vertex 101.112 117.375 0.15
      vertex 101.017 117.356 0
      vertex 101.112 117.375 0
    endloop
  endfacet
  facet normal 0 -1 0
    outer loop
      vertex 101.112 117.375 0
      vertex 101.737 117.375 0.15
      vertex 101.112 117.375 0.15
    endloop
  endfacet
  facet normal 0 -1 -0
    outer loop
      vertex 101.737 117.375 0.15
      vertex 101.112 117.375 0
      vertex 101.737 117.375 0
    endloop
  endfacet
  facet normal -0.194151 -0.980972 0
    outer loop
      vertex 101.737 117.375 0
      vertex 101.833 117.356 0.15
      vertex 101.737 117.375 0.15
    endloop
  endfacet
  facet normal -0.194151 -0.980972 -0
    outer loop
      vertex 101.833 117.356 0.15
      vertex 101.737 117.375 0
      vertex 101.833 117.356 0
    endloop
  endfacet
  facet normal -0.554226 -0.832366 0
    outer loop
      vertex 98.9082 117.356 0
      vertex 98.9893 117.302 0.15
      vertex 98.9082 117.356 0.15
    endloop
  endfacet
  facet normal -0.554226 -0.832366 -0
    outer loop
      vertex 98.9893 117.302 0.15
      vertex 98.9082 117.356 0
      vertex 98.9893 117.302 0
    endloop
  endfacet
  facet normal -0.829205 -0.558945 0
    outer loop
      vertex 99.0439 117.221 0
      vertex 98.9893 117.302 0.15
      vertex 98.9893 117.302 0
    endloop
  endfacet
  facet normal -0.829205 -0.558945 0
    outer loop
      vertex 98.9893 117.302 0.15
      vertex 99.0439 117.221 0
      vertex 99.0439 117.221 0.15
    endloop
  endfacet
  facet normal -0.981743 -0.190213 0
    outer loop
      vertex 99.0625 117.125 0
      vertex 99.0439 117.221 0.15
      vertex 99.0439 117.221 0
    endloop
  endfacet
  facet normal -0.981743 -0.190213 0
    outer loop
      vertex 99.0439 117.221 0.15
      vertex 99.0625 117.125 0
      vertex 99.0625 117.125 0.15
    endloop
  endfacet
  facet normal -1 0 0
    outer loop
      vertex 99.0625 115.875 0
      vertex 99.0625 117.125 0.15
      vertex 99.0625 117.125 0
    endloop
  endfacet
  facet normal -1 -0 0
    outer loop
      vertex 99.0625 117.125 0.15
      vertex 99.0625 115.875 0
      vertex 99.0625 115.875 0.15
    endloop
  endfacet
  facet normal -0.981743 0.190213 0
    outer loop
      vertex 99.0439 115.779 0
      vertex 99.0625 115.875 0.15
      vertex 99.0625 115.875 0
    endloop
  endfacet
  facet normal -0.981743 0.190213 0
    outer loop
      vertex 99.0625 115.875 0.15
      vertex 99.0439 115.779 0
      vertex 99.0439 115.779 0.15
    endloop
  endfacet
  facet normal -0.829205 0.558945 0
    outer loop
      vertex 98.9893 115.698 0
      vertex 99.0439 115.779 0.15
      vertex 99.0439 115.779 0
    endloop
  endfacet
  facet normal -0.829205 0.558945 0
    outer loop
      vertex 99.0439 115.779 0.15
      vertex 98.9893 115.698 0
      vertex 98.9893 115.698 0.15
    endloop
  endfacet
  facet normal -0.554226 0.832366 0
    outer loop
      vertex 98.9893 115.698 0
      vertex 98.9082 115.644 0.15
      vertex 98.9893 115.698 0.15
    endloop
  endfacet
  facet normal -0.554226 0.832366 0
    outer loop
      vertex 98.9082 115.644 0.15
      vertex 98.9893 115.698 0
      vertex 98.9082 115.644 0
    endloop
  endfacet
  facet normal -0.194736 0.980856 0
    outer loop
      vertex 98.9082 115.644 0
      vertex 98.8125 115.625 0.15
      vertex 98.9082 115.644 0.15
    endloop
  endfacet
  facet normal -0.194736 0.980856 0
    outer loop
      vertex 98.8125 115.625 0.15
      vertex 98.9082 115.644 0
      vertex 98.8125 115.625 0
    endloop
  endfacet
  facet normal 0 1 -0
    outer loop
      vertex 98.8125 115.625 0
      vertex 98.1875 115.625 0.15
      vertex 98.8125 115.625 0.15
    endloop
  endfacet
  facet normal 0 1 0
    outer loop
      vertex 98.1875 115.625 0.15
      vertex 98.8125 115.625 0
      vertex 98.1875 115.625 0
    endloop
  endfacet
  facet normal 0.194736 0.980856 -0
    outer loop
      vertex 98.1875 115.625 0
      vertex 98.0918 115.644 0.15
      vertex 98.1875 115.625 0.15
    endloop
  endfacet
  facet normal 0.194736 0.980856 0
    outer loop
      vertex 98.0918 115.644 0.15
      vertex 98.1875 115.625 0
      vertex 98.0918 115.644 0
    endloop
  endfacet
  facet normal 0.554226 0.832366 -0
    outer loop
      vertex 98.0918 115.644 0
      vertex 98.0107 115.698 0.15
      vertex 98.0918 115.644 0.15
    endloop
  endfacet
  facet normal 0.554226 0.832366 0
    outer loop
      vertex 98.0107 115.698 0.15
      vertex 98.0918 115.644 0
      vertex 98.0107 115.698 0
    endloop
  endfacet
  facet normal 0.829205 0.558945 0
    outer loop
      vertex 98.0107 115.698 0.15
      vertex 97.9561 115.779 0
      vertex 97.9561 115.779 0.15
    endloop
  endfacet
  facet normal 0.829205 0.558945 0
    outer loop
      vertex 97.9561 115.779 0
      vertex 98.0107 115.698 0.15
      vertex 98.0107 115.698 0
    endloop
  endfacet
  facet normal 0.981743 0.190213 0
    outer loop
      vertex 97.9561 115.779 0.15
      vertex 97.9375 115.875 0
      vertex 97.9375 115.875 0.15
    endloop
  endfacet
  facet normal 0.981743 0.190213 0
    outer loop
      vertex 97.9375 115.875 0
      vertex 97.9561 115.779 0.15
      vertex 97.9561 115.779 0
    endloop
  endfacet
  facet normal 1 -0 0
    outer loop
      vertex 97.9375 115.875 0.15
      vertex 97.9375 117.125 0
      vertex 97.9375 117.125 0.15
    endloop
  endfacet
  facet normal 1 0 0
    outer loop
      vertex 97.9375 117.125 0
      vertex 97.9375 115.875 0.15
      vertex 97.9375 115.875 0
    endloop
  endfacet
  facet normal 0.981743 -0.190213 0
    outer loop
      vertex 97.9375 117.125 0.15
      vertex 97.9561 117.221 0
      vertex 97.9561 117.221 0.15
    endloop
  endfacet
  facet normal 0.981743 -0.190213 0
    outer loop
      vertex 97.9561 117.221 0
      vertex 97.9375 117.125 0.15
      vertex 97.9375 117.125 0
    endloop
  endfacet
  facet normal 0.829205 -0.558945 0
    outer loop
      vertex 97.9561 117.221 0.15
      vertex 98.0107 117.302 0
      vertex 98.0107 117.302 0.15
    endloop
  endfacet
  facet normal 0.829205 -0.558945 0
    outer loop
      vertex 98.0107 117.302 0
      vertex 97.9561 117.221 0.15
      vertex 97.9561 117.221 0
    endloop
  endfacet
  facet normal 0.554226 -0.832366 0
    outer loop
      vertex 98.0107 117.302 0
      vertex 98.0918 117.356 0.15
      vertex 98.0107 117.302 0.15
    endloop
  endfacet
  facet normal 0.554226 -0.832366 0
    outer loop
      vertex 98.0918 117.356 0.15
      vertex 98.0107 117.302 0
      vertex 98.0918 117.356 0
    endloop
  endfacet
  facet normal 0.194736 -0.980856 0
    outer loop
      vertex 98.0918 117.356 0
      vertex 98.1875 117.375 0.15
      vertex 98.0918 117.356 0.15
    endloop
  endfacet
  facet normal 0.194736 -0.980856 0
    outer loop
      vertex 98.1875 117.375 0.15
      vertex 98.0918 117.356 0
      vertex 98.1875 117.375 0
    endloop
  endfacet
  facet normal 0 -1 0
    outer loop
      vertex 98.1875 117.375 0
      vertex 98.8125 117.375 0.15
      vertex 98.1875 117.375 0.15
    endloop
  endfacet
  facet normal 0 -1 -0
    outer loop
      vertex 98.8125 117.375 0.15
      vertex 98.1875 117.375 0
      vertex 98.8125 117.375 0
    endloop
  endfacet
  facet normal -0.194736 -0.980856 0
    outer loop
      vertex 98.8125 117.375 0
      vertex 98.9082 117.356 0.15
      vertex 98.8125 117.375 0.15
    endloop
  endfacet
  facet normal -0.194736 -0.980856 -0
    outer loop
      vertex 98.9082 117.356 0.15
      vertex 98.8125 117.375 0
      vertex 98.9082 117.356 0
    endloop
  endfacet
  facet normal 0 1 -0
    outer loop
      vertex 162.1 118.75 0
      vertex 161.1 118.75 0.15
      vertex 162.1 118.75 0.15
    endloop
  endfacet
  facet normal 0 1 0
    outer loop
      vertex 161.1 118.75 0.15
      vertex 162.1 118.75 0
      vertex 161.1 118.75 0
    endloop
  endfacet
  facet normal 1 -0 0
    outer loop
      vertex 161.1 118.75 0.15
      vertex 161.1 122.25 0
      vertex 161.1 122.25 0.15
    endloop
  endfacet
  facet normal 1 0 0
    outer loop
      vertex 161.1 122.25 0
      vertex 161.1 118.75 0.15
      vertex 161.1 118.75 0
    endloop
  endfacet
  facet normal 0 -1 0
    outer loop
      vertex 161.1 122.25 0
      vertex 162.1 122.25 0.15
      vertex 161.1 122.25 0.15
    endloop
  endfacet
  facet normal 0 -1 -0
    outer loop
      vertex 162.1 122.25 0.15
      vertex 161.1 122.25 0
      vertex 162.1 122.25 0
    endloop
  endfacet
  facet normal -1 0 0
    outer loop
      vertex 162.1 118.75 0
      vertex 162.1 122.25 0.15
      vertex 162.1 122.25 0
    endloop
  endfacet
  facet normal -1 -0 0
    outer loop
      vertex 162.1 122.25 0.15
      vertex 162.1 118.75 0
      vertex 162.1 118.75 0.15
    endloop
  endfacet
  facet normal 0 1 -0
    outer loop
      vertex 164.1 118.75 0
      vertex 163.1 118.75 0.15
      vertex 164.1 118.75 0.15
    endloop
  endfacet
  facet normal 0 1 0
    outer loop
      vertex 163.1 118.75 0.15
      vertex 164.1 118.75 0
      vertex 163.1 118.75 0
    endloop
  endfacet
  facet normal 1 -0 0
    outer loop
      vertex 163.1 118.75 0.15
      vertex 163.1 122.25 0
      vertex 163.1 122.25 0.15
    endloop
  endfacet
  facet normal 1 0 0
    outer loop
      vertex 163.1 122.25 0
      vertex 163.1 118.75 0.15
      vertex 163.1 118.75 0
    endloop
  endfacet
  facet normal 0 -1 0
    outer loop
      vertex 163.1 122.25 0
      vertex 164.1 122.25 0.15
      vertex 163.1 122.25 0.15
    endloop
  endfacet
  facet normal 0 -1 -0
    outer loop
      vertex 164.1 122.25 0.15
      vertex 163.1 122.25 0
      vertex 164.1 122.25 0
    endloop
  endfacet
  facet normal -1 0 0
    outer loop
      vertex 164.1 118.75 0
      vertex 164.1 122.25 0.15
      vertex 164.1 122.25 0
    endloop
  endfacet
  facet normal -1 -0 0
    outer loop
      vertex 164.1 122.25 0.15
      vertex 164.1 118.75 0
      vertex 164.1 118.75 0.15
    endloop
  endfacet
  facet normal 0 1 -0
    outer loop
      vertex 174.5 122.15 0
      vertex 173.25 122.15 0.15
      vertex 174.5 122.15 0.15
    endloop
  endfacet
  facet normal 0 1 0
    outer loop
      vertex 173.25 122.15 0.15
      vertex 174.5 122.15 0
      vertex 173.25 122.15 0
    endloop
  endfacet
  facet normal 1 -0 0
    outer loop
      vertex 173.25 122.15 0.15
      vertex 173.25 124.35 0
      vertex 173.25 124.35 0.15
    endloop
  endfacet
  facet normal 1 0 0
    outer loop
      vertex 173.25 124.35 0
      vertex 173.25 122.15 0.15
      vertex 173.25 122.15 0
    endloop
  endfacet
  facet normal 0 -1 0
    outer loop
      vertex 173.25 124.35 0
      vertex 174.5 124.35 0.15
      vertex 173.25 124.35 0.15
    endloop
  endfacet
  facet normal 0 -1 -0
    outer loop
      vertex 174.5 124.35 0.15
      vertex 173.25 124.35 0
      vertex 174.5 124.35 0
    endloop
  endfacet
  facet normal -1 0 0
    outer loop
      vertex 174.5 122.15 0
      vertex 174.5 124.35 0.15
      vertex 174.5 124.35 0
    endloop
  endfacet
  facet normal -1 -0 0
    outer loop
      vertex 174.5 124.35 0.15
      vertex 174.5 122.15 0
      vertex 174.5 122.15 0.15
    endloop
  endfacet
  facet normal 0 1 -0
    outer loop
      vertex 172.7 122.15 0
      vertex 170.5 122.15 0.15
      vertex 172.7 122.15 0.15
    endloop
  endfacet
  facet normal 0 1 0
    outer loop
      vertex 170.5 122.15 0.15
      vertex 172.7 122.15 0
      vertex 170.5 122.15 0
    endloop
  endfacet
  facet normal 1 -0 0
    outer loop
      vertex 170.5 122.15 0.15
      vertex 170.5 124.35 0
      vertex 170.5 124.35 0.15
    endloop
  endfacet
  facet normal 1 0 0
    outer loop
      vertex 170.5 124.35 0
      vertex 170.5 122.15 0.15
      vertex 170.5 122.15 0
    endloop
  endfacet
  facet normal 0 -1 0
    outer loop
      vertex 170.5 124.35 0
      vertex 172.7 124.35 0.15
      vertex 170.5 124.35 0.15
    endloop
  endfacet
  facet normal 0 -1 -0
    outer loop
      vertex 172.7 124.35 0.15
      vertex 170.5 124.35 0
      vertex 172.7 124.35 0
    endloop
  endfacet
  facet normal -1 0 0
    outer loop
      vertex 172.7 122.15 0
      vertex 172.7 124.35 0.15
      vertex 172.7 124.35 0
    endloop
  endfacet
  facet normal -1 -0 0
    outer loop
      vertex 172.7 124.35 0.15
      vertex 172.7 122.15 0
      vertex 172.7 122.15 0.15
    endloop
  endfacet
  facet normal 0 1 -0
    outer loop
      vertex 185.5 122.4 0
      vertex 184.25 122.4 0.15
      vertex 185.5 122.4 0.15
    endloop
  endfacet
  facet normal 0 1 0
    outer loop
      vertex 184.25 122.4 0.15
      vertex 185.5 122.4 0
      vertex 184.25 122.4 0
    endloop
  endfacet
  facet normal 1 -0 0
    outer loop
      vertex 184.25 122.4 0.15
      vertex 184.25 124.6 0
      vertex 184.25 124.6 0.15
    endloop
  endfacet
  facet normal 1 0 0
    outer loop
      vertex 184.25 124.6 0
      vertex 184.25 122.4 0.15
      vertex 184.25 122.4 0
    endloop
  endfacet
  facet normal 0 -1 0
    outer loop
      vertex 184.25 124.6 0
      vertex 185.5 124.6 0.15
      vertex 184.25 124.6 0.15
    endloop
  endfacet
  facet normal 0 -1 -0
    outer loop
      vertex 185.5 124.6 0.15
      vertex 184.25 124.6 0
      vertex 185.5 124.6 0
    endloop
  endfacet
  facet normal -1 0 0
    outer loop
      vertex 185.5 122.4 0
      vertex 185.5 124.6 0.15
      vertex 185.5 124.6 0
    endloop
  endfacet
  facet normal -1 -0 0
    outer loop
      vertex 185.5 124.6 0.15
      vertex 185.5 122.4 0
      vertex 185.5 122.4 0.15
    endloop
  endfacet
  facet normal 0 1 -0
    outer loop
      vertex 183.7 122.4 0
      vertex 181.5 122.4 0.15
      vertex 183.7 122.4 0.15
    endloop
  endfacet
  facet normal 0 1 0
    outer loop
      vertex 181.5 122.4 0.15
      vertex 183.7 122.4 0
      vertex 181.5 122.4 0
    endloop
  endfacet
  facet normal 1 -0 0
    outer loop
      vertex 181.5 122.4 0.15
      vertex 181.5 124.6 0
      vertex 181.5 124.6 0.15
    endloop
  endfacet
  facet normal 1 0 0
    outer loop
      vertex 181.5 124.6 0
      vertex 181.5 122.4 0.15
      vertex 181.5 122.4 0
    endloop
  endfacet
  facet normal 0 -1 0
    outer loop
      vertex 181.5 124.6 0
      vertex 183.7 124.6 0.15
      vertex 181.5 124.6 0.15
    endloop
  endfacet
  facet normal 0 -1 -0
    outer loop
      vertex 183.7 124.6 0.15
      vertex 181.5 124.6 0
      vertex 183.7 124.6 0
    endloop
  endfacet
  facet normal -1 0 0
    outer loop
      vertex 183.7 122.4 0
      vertex 183.7 124.6 0.15
      vertex 183.7 124.6 0
    endloop
  endfacet
  facet normal -1 -0 0
    outer loop
      vertex 183.7 124.6 0.15
      vertex 183.7 122.4 0
      vertex 183.7 122.4 0.15
    endloop
  endfacet
  facet normal 0 1 -0
    outer loop
      vertex 156 122.4 0
      vertex 154.75 122.4 0.15
      vertex 156 122.4 0.15
    endloop
  endfacet
  facet normal 0 1 0
    outer loop
      vertex 154.75 122.4 0.15
      vertex 156 122.4 0
      vertex 154.75 122.4 0
    endloop
  endfacet
  facet normal 1 -0 0
    outer loop
      vertex 154.75 122.4 0.15
      vertex 154.75 124.6 0
      vertex 154.75 124.6 0.15
    endloop
  endfacet
  facet normal 1 0 0
    outer loop
      vertex 154.75 124.6 0
      vertex 154.75 122.4 0.15
      vertex 154.75 122.4 0
    endloop
  endfacet
  facet normal 0 -1 0
    outer loop
      vertex 154.75 124.6 0
      vertex 156 124.6 0.15
      vertex 154.75 124.6 0.15
    endloop
  endfacet
  facet normal 0 -1 -0
    outer loop
      vertex 156 124.6 0.15
      vertex 154.75 124.6 0
      vertex 156 124.6 0
    endloop
  endfacet
  facet normal -1 0 0
    outer loop
      vertex 156 122.4 0
      vertex 156 124.6 0.15
      vertex 156 124.6 0
    endloop
  endfacet
  facet normal -1 -0 0
    outer loop
      vertex 156 124.6 0.15
      vertex 156 122.4 0
      vertex 156 122.4 0.15
    endloop
  endfacet
  facet normal 0 1 -0
    outer loop
      vertex 154.2 122.4 0
      vertex 152 122.4 0.15
      vertex 154.2 122.4 0.15
    endloop
  endfacet
  facet normal 0 1 0
    outer loop
      vertex 152 122.4 0.15
      vertex 154.2 122.4 0
      vertex 152 122.4 0
    endloop
  endfacet
  facet normal 1 -0 0
    outer loop
      vertex 152 122.4 0.15
      vertex 152 124.6 0
      vertex 152 124.6 0.15
    endloop
  endfacet
  facet normal 1 0 0
    outer loop
      vertex 152 124.6 0
      vertex 152 122.4 0.15
      vertex 152 122.4 0
    endloop
  endfacet
  facet normal 0 -1 0
    outer loop
      vertex 152 124.6 0
      vertex 154.2 124.6 0.15
      vertex 152 124.6 0.15
    endloop
  endfacet
  facet normal 0 -1 -0
    outer loop
      vertex 154.2 124.6 0.15
      vertex 152 124.6 0
      vertex 154.2 124.6 0
    endloop
  endfacet
  facet normal -1 0 0
    outer loop
      vertex 154.2 122.4 0
      vertex 154.2 124.6 0.15
      vertex 154.2 124.6 0
    endloop
  endfacet
  facet normal -1 -0 0
    outer loop
      vertex 154.2 124.6 0.15
      vertex 154.2 122.4 0
      vertex 154.2 122.4 0.15
    endloop
  endfacet
  facet normal 0 1 -0
    outer loop
      vertex 144.1 122.4 0
      vertex 142.85 122.4 0.15
      vertex 144.1 122.4 0.15
    endloop
  endfacet
  facet normal 0 1 0
    outer loop
      vertex 142.85 122.4 0.15
      vertex 144.1 122.4 0
      vertex 142.85 122.4 0
    endloop
  endfacet
  facet normal 1 -0 0
    outer loop
      vertex 142.85 122.4 0.15
      vertex 142.85 124.6 0
      vertex 142.85 124.6 0.15
    endloop
  endfacet
  facet normal 1 0 0
    outer loop
      vertex 142.85 124.6 0
      vertex 142.85 122.4 0.15
      vertex 142.85 122.4 0
    endloop
  endfacet
  facet normal 0 -1 0
    outer loop
      vertex 142.85 124.6 0
      vertex 144.1 124.6 0.15
      vertex 142.85 124.6 0.15
    endloop
  endfacet
  facet normal 0 -1 -0
    outer loop
      vertex 144.1 124.6 0.15
      vertex 142.85 124.6 0
      vertex 144.1 124.6 0
    endloop
  endfacet
  facet normal -1 0 0
    outer loop
      vertex 144.1 122.4 0
      vertex 144.1 124.6 0.15
      vertex 144.1 124.6 0
    endloop
  endfacet
  facet normal -1 -0 0
    outer loop
      vertex 144.1 124.6 0.15
      vertex 144.1 122.4 0
      vertex 144.1 122.4 0.15
    endloop
  endfacet
  facet normal 0 1 -0
    outer loop
      vertex 142.3 122.4 0
      vertex 140.1 122.4 0.15
      vertex 142.3 122.4 0.15
    endloop
  endfacet
  facet normal 0 1 0
    outer loop
      vertex 140.1 122.4 0.15
      vertex 142.3 122.4 0
      vertex 140.1 122.4 0
    endloop
  endfacet
  facet normal 1 -0 0
    outer loop
      vertex 140.1 122.4 0.15
      vertex 140.1 124.6 0
      vertex 140.1 124.6 0.15
    endloop
  endfacet
  facet normal 1 0 0
    outer loop
      vertex 140.1 124.6 0
      vertex 140.1 122.4 0.15
      vertex 140.1 122.4 0
    endloop
  endfacet
  facet normal 0 -1 0
    outer loop
      vertex 140.1 124.6 0
      vertex 142.3 124.6 0.15
      vertex 140.1 124.6 0.15
    endloop
  endfacet
  facet normal 0 -1 -0
    outer loop
      vertex 142.3 124.6 0.15
      vertex 140.1 124.6 0
      vertex 142.3 124.6 0
    endloop
  endfacet
  facet normal -1 0 0
    outer loop
      vertex 142.3 122.4 0
      vertex 142.3 124.6 0.15
      vertex 142.3 124.6 0
    endloop
  endfacet
  facet normal -1 -0 0
    outer loop
      vertex 142.3 124.6 0.15
      vertex 142.3 122.4 0
      vertex 142.3 122.4 0.15
    endloop
  endfacet
  facet normal 0 1 -0
    outer loop
      vertex 130.3 122.4 0
      vertex 129.05 122.4 0.15
      vertex 130.3 122.4 0.15
    endloop
  endfacet
  facet normal 0 1 0
    outer loop
      vertex 129.05 122.4 0.15
      vertex 130.3 122.4 0
      vertex 129.05 122.4 0
    endloop
  endfacet
  facet normal 1 -0 0
    outer loop
      vertex 129.05 122.4 0.15
      vertex 129.05 124.6 0
      vertex 129.05 124.6 0.15
    endloop
  endfacet
  facet normal 1 0 0
    outer loop
      vertex 129.05 124.6 0
      vertex 129.05 122.4 0.15
      vertex 129.05 122.4 0
    endloop
  endfacet
  facet normal 0 -1 0
    outer loop
      vertex 129.05 124.6 0
      vertex 130.3 124.6 0.15
      vertex 129.05 124.6 0.15
    endloop
  endfacet
  facet normal 0 -1 -0
    outer loop
      vertex 130.3 124.6 0.15
      vertex 129.05 124.6 0
      vertex 130.3 124.6 0
    endloop
  endfacet
  facet normal -1 0 0
    outer loop
      vertex 130.3 122.4 0
      vertex 130.3 124.6 0.15
      vertex 130.3 124.6 0
    endloop
  endfacet
  facet normal -1 -0 0
    outer loop
      vertex 130.3 124.6 0.15
      vertex 130.3 122.4 0
      vertex 130.3 122.4 0.15
    endloop
  endfacet
  facet normal 0 1 -0
    outer loop
      vertex 128.5 122.4 0
      vertex 126.3 122.4 0.15
      vertex 128.5 122.4 0.15
    endloop
  endfacet
  facet normal 0 1 0
    outer loop
      vertex 126.3 122.4 0.15
      vertex 128.5 122.4 0
      vertex 126.3 122.4 0
    endloop
  endfacet
  facet normal 1 -0 0
    outer loop
      vertex 126.3 122.4 0.15
      vertex 126.3 124.6 0
      vertex 126.3 124.6 0.15
    endloop
  endfacet
  facet normal 1 0 0
    outer loop
      vertex 126.3 124.6 0
      vertex 126.3 122.4 0.15
      vertex 126.3 122.4 0
    endloop
  endfacet
  facet normal 0 -1 0
    outer loop
      vertex 126.3 124.6 0
      vertex 128.5 124.6 0.15
      vertex 126.3 124.6 0.15
    endloop
  endfacet
  facet normal 0 -1 -0
    outer loop
      vertex 128.5 124.6 0.15
      vertex 126.3 124.6 0
      vertex 128.5 124.6 0
    endloop
  endfacet
  facet normal -1 0 0
    outer loop
      vertex 128.5 122.4 0
      vertex 128.5 124.6 0.15
      vertex 128.5 124.6 0
    endloop
  endfacet
  facet normal -1 -0 0
    outer loop
      vertex 128.5 124.6 0.15
      vertex 128.5 122.4 0
      vertex 128.5 122.4 0.15
    endloop
  endfacet
  facet normal 0 1 -0
    outer loop
      vertex 115.9 122.9 0
      vertex 114.65 122.9 0.15
      vertex 115.9 122.9 0.15
    endloop
  endfacet
  facet normal 0 1 0
    outer loop
      vertex 114.65 122.9 0.15
      vertex 115.9 122.9 0
      vertex 114.65 122.9 0
    endloop
  endfacet
  facet normal 1 -0 0
    outer loop
      vertex 114.65 122.9 0.15
      vertex 114.65 125.1 0
      vertex 114.65 125.1 0.15
    endloop
  endfacet
  facet normal 1 0 0
    outer loop
      vertex 114.65 125.1 0
      vertex 114.65 122.9 0.15
      vertex 114.65 122.9 0
    endloop
  endfacet
  facet normal 0 -1 0
    outer loop
      vertex 114.65 125.1 0
      vertex 115.9 125.1 0.15
      vertex 114.65 125.1 0.15
    endloop
  endfacet
  facet normal 0 -1 -0
    outer loop
      vertex 115.9 125.1 0.15
      vertex 114.65 125.1 0
      vertex 115.9 125.1 0
    endloop
  endfacet
  facet normal -1 0 0
    outer loop
      vertex 115.9 122.9 0
      vertex 115.9 125.1 0.15
      vertex 115.9 125.1 0
    endloop
  endfacet
  facet normal -1 -0 0
    outer loop
      vertex 115.9 125.1 0.15
      vertex 115.9 122.9 0
      vertex 115.9 122.9 0.15
    endloop
  endfacet
  facet normal 0 1 -0
    outer loop
      vertex 114.1 122.9 0
      vertex 111.9 122.9 0.15
      vertex 114.1 122.9 0.15
    endloop
  endfacet
  facet normal 0 1 0
    outer loop
      vertex 111.9 122.9 0.15
      vertex 114.1 122.9 0
      vertex 111.9 122.9 0
    endloop
  endfacet
  facet normal 1 -0 0
    outer loop
      vertex 111.9 122.9 0.15
      vertex 111.9 125.1 0
      vertex 111.9 125.1 0.15
    endloop
  endfacet
  facet normal 1 0 0
    outer loop
      vertex 111.9 125.1 0
      vertex 111.9 122.9 0.15
      vertex 111.9 122.9 0
    endloop
  endfacet
  facet normal 0 -1 0
    outer loop
      vertex 111.9 125.1 0
      vertex 114.1 125.1 0.15
      vertex 111.9 125.1 0.15
    endloop
  endfacet
  facet normal 0 -1 -0
    outer loop
      vertex 114.1 125.1 0.15
      vertex 111.9 125.1 0
      vertex 114.1 125.1 0
    endloop
  endfacet
  facet normal -1 0 0
    outer loop
      vertex 114.1 122.9 0
      vertex 114.1 125.1 0.15
      vertex 114.1 125.1 0
    endloop
  endfacet
  facet normal -1 -0 0
    outer loop
      vertex 114.1 125.1 0.15
      vertex 114.1 122.9 0
      vertex 114.1 122.9 0.15
    endloop
  endfacet
  facet normal 0 1 -0
    outer loop
      vertex 105.4 122.9 0
      vertex 104.15 122.9 0.15
      vertex 105.4 122.9 0.15
    endloop
  endfacet
  facet normal 0 1 0
    outer loop
      vertex 104.15 122.9 0.15
      vertex 105.4 122.9 0
      vertex 104.15 122.9 0
    endloop
  endfacet
  facet normal 1 -0 0
    outer loop
      vertex 104.15 122.9 0.15
      vertex 104.15 125.1 0
      vertex 104.15 125.1 0.15
    endloop
  endfacet
  facet normal 1 0 0
    outer loop
      vertex 104.15 125.1 0
      vertex 104.15 122.9 0.15
      vertex 104.15 122.9 0
    endloop
  endfacet
  facet normal 0 -1 0
    outer loop
      vertex 104.15 125.1 0
      vertex 105.4 125.1 0.15
      vertex 104.15 125.1 0.15
    endloop
  endfacet
  facet normal 0 -1 -0
    outer loop
      vertex 105.4 125.1 0.15
      vertex 104.15 125.1 0
      vertex 105.4 125.1 0
    endloop
  endfacet
  facet normal -1 0 0
    outer loop
      vertex 105.4 122.9 0
      vertex 105.4 125.1 0.15
      vertex 105.4 125.1 0
    endloop
  endfacet
  facet normal -1 -0 0
    outer loop
      vertex 105.4 125.1 0.15
      vertex 105.4 122.9 0
      vertex 105.4 122.9 0.15
    endloop
  endfacet
  facet normal 0 1 -0
    outer loop
      vertex 103.6 122.9 0
      vertex 101.4 122.9 0.15
      vertex 103.6 122.9 0.15
    endloop
  endfacet
  facet normal 0 1 0
    outer loop
      vertex 101.4 122.9 0.15
      vertex 103.6 122.9 0
      vertex 101.4 122.9 0
    endloop
  endfacet
  facet normal 1 -0 0
    outer loop
      vertex 101.4 122.9 0.15
      vertex 101.4 125.1 0
      vertex 101.4 125.1 0.15
    endloop
  endfacet
  facet normal 1 0 0
    outer loop
      vertex 101.4 125.1 0
      vertex 101.4 122.9 0.15
      vertex 101.4 122.9 0
    endloop
  endfacet
  facet normal 0 -1 0
    outer loop
      vertex 101.4 125.1 0
      vertex 103.6 125.1 0.15
      vertex 101.4 125.1 0.15
    endloop
  endfacet
  facet normal 0 -1 -0
    outer loop
      vertex 103.6 125.1 0.15
      vertex 101.4 125.1 0
      vertex 103.6 125.1 0
    endloop
  endfacet
  facet normal -1 0 0
    outer loop
      vertex 103.6 122.9 0
      vertex 103.6 125.1 0.15
      vertex 103.6 125.1 0
    endloop
  endfacet
  facet normal -1 -0 0
    outer loop
      vertex 103.6 125.1 0.15
      vertex 103.6 122.9 0
      vertex 103.6 122.9 0.15
    endloop
  endfacet
  facet normal 0 1 -0
    outer loop
      vertex 166.7 124.55 0
      vertex 165.2 124.55 0.15
      vertex 166.7 124.55 0.15
    endloop
  endfacet
  facet normal 0 1 0
    outer loop
      vertex 165.2 124.55 0.15
      vertex 166.7 124.55 0
      vertex 165.2 124.55 0
    endloop
  endfacet
  facet normal 1 -0 0
    outer loop
      vertex 165.2 124.55 0.15
      vertex 165.2 127.95 0
      vertex 165.2 127.95 0.15
    endloop
  endfacet
  facet normal 1 0 0
    outer loop
      vertex 165.2 127.95 0
      vertex 165.2 124.55 0.15
      vertex 165.2 124.55 0
    endloop
  endfacet
  facet normal 0 -1 0
    outer loop
      vertex 165.2 127.95 0
      vertex 166.7 127.95 0.15
      vertex 165.2 127.95 0.15
    endloop
  endfacet
  facet normal 0 -1 -0
    outer loop
      vertex 166.7 127.95 0.15
      vertex 165.2 127.95 0
      vertex 166.7 127.95 0
    endloop
  endfacet
  facet normal -1 0 0
    outer loop
      vertex 166.7 124.55 0
      vertex 166.7 127.95 0.15
      vertex 166.7 127.95 0
    endloop
  endfacet
  facet normal -1 -0 0
    outer loop
      vertex 166.7 127.95 0.15
      vertex 166.7 124.55 0
      vertex 166.7 124.55 0.15
    endloop
  endfacet
  facet normal 0 1 -0
    outer loop
      vertex 160 124.55 0
      vertex 158.5 124.55 0.15
      vertex 160 124.55 0.15
    endloop
  endfacet
  facet normal 0 1 0
    outer loop
      vertex 158.5 124.55 0.15
      vertex 160 124.55 0
      vertex 158.5 124.55 0
    endloop
  endfacet
  facet normal 1 -0 0
    outer loop
      vertex 158.5 124.55 0.15
      vertex 158.5 127.95 0
      vertex 158.5 127.95 0.15
    endloop
  endfacet
  facet normal 1 0 0
    outer loop
      vertex 158.5 127.95 0
      vertex 158.5 124.55 0.15
      vertex 158.5 124.55 0
    endloop
  endfacet
  facet normal 0 -1 0
    outer loop
      vertex 158.5 127.95 0
      vertex 160 127.95 0.15
      vertex 158.5 127.95 0.15
    endloop
  endfacet
  facet normal 0 -1 -0
    outer loop
      vertex 160 127.95 0.15
      vertex 158.5 127.95 0
      vertex 160 127.95 0
    endloop
  endfacet
  facet normal -1 0 0
    outer loop
      vertex 160 124.55 0
      vertex 160 127.95 0.15
      vertex 160 127.95 0
    endloop
  endfacet
  facet normal -1 -0 0
    outer loop
      vertex 160 127.95 0.15
      vertex 160 124.55 0
      vertex 160 124.55 0.15
    endloop
  endfacet
endsolid OpenSCAD_Model
